feature,mean_abs_shap,seed,best_model,rank
pI,0.017976234193350628,0,random_forest,1
_ChargeT23,0.017117393212140147,0,random_forest,2
_SecondaryStrC3,0.016282318107782037,0,random_forest,3
_ChargeC3,0.01570133810234485,0,random_forest,4
E,0.014532441277306456,0,random_forest,5
_HydrophobicityT12,0.013872511266501244,0,random_forest,6
P,0.012857923744170972,0,random_forest,7
DF,0.012649805017024522,0,random_forest,8
length,0.010001280771888802,0,random_forest,9
_SecondaryStrD3001,0.009944199228754136,0,random_forest,10
EY,0.009591592982786864,0,random_forest,11
_PolarizabilityD2001,0.008787308579476173,0,random_forest,12
_PolarizabilityC3,0.008260316771993655,0,random_forest,13
_NormalizedVDWVC3,0.007365930868434106,0,random_forest,14
FE,0.0069681917106857024,0,random_forest,15
_SecondaryStrD1100,0.006845791722955746,0,random_forest,16
PE,0.006367833885636633,0,random_forest,17
M,0.006218798757727498,0,random_forest,18
GD,0.006134764880797984,0,random_forest,19
_PolarityT23,0.006105329079458465,0,random_forest,20
_PolarizabilityT13,0.005939740954902389,0,random_forest,21
_ChargeD2001,0.005585500289637383,0,random_forest,22
_HydrophobicityC3,0.00547466564926579,0,random_forest,23
_PolarizabilityD2075,0.005369383561623145,0,random_forest,24
D,0.005354321365154586,0,random_forest,25
_ChargeC1,0.005267433320614397,0,random_forest,26
mw,0.005206184877534381,0,random_forest,27
EE,0.0051681658898874204,0,random_forest,28
_SolventAccessibilityD3075,0.0049919241133632285,0,random_forest,29
_NormalizedVDWVD1001,0.004918882517914329,0,random_forest,30
_ChargeD3100,0.0048079662654767884,0,random_forest,31
_NormalizedVDWVC1,0.004754533366228938,0,random_forest,32
_SolventAccessibilityC1,0.004660415903803557,0,random_forest,33
_ChargeT12,0.004401841381722183,0,random_forest,34
_PolarityD1050,0.004275263160191253,0,random_forest,35
_ChargeC2,0.004224706261616548,0,random_forest,36
IP,0.004124464251302776,0,random_forest,37
_HydrophobicityT23,0.0040850114229157835,0,random_forest,38
_ChargeD3025,0.004018138635055801,0,random_forest,39
_PolarizabilityD1001,0.00397445353546565,0,random_forest,40
_SolventAccessibilityC2,0.003765737046613636,0,random_forest,41
_SolventAccessibilityD3050,0.0037545842271791176,0,random_forest,42
_PolarizabilityD2100,0.0037262821418306735,0,random_forest,43
Y,0.003681192222720052,0,random_forest,44
_NormalizedVDWVT12,0.0036309697287010834,0,random_forest,45
_ChargeT13,0.003614346316991425,0,random_forest,46
_SolventAccessibilityD1001,0.0036087550519100526,0,random_forest,47
_NormalizedVDWVD2001,0.0035491085708081157,0,random_forest,48
_SolventAccessibilityT23,0.003542977606311484,0,random_forest,49
_ChargeD3075,0.0034821872590841386,0,random_forest,50
_HydrophobicityD2001,0.0034196794535251377,0,random_forest,51
_PolarityC3,0.003028942721147994,0,random_forest,52
_PolarityT12,0.003020485658364456,0,random_forest,53
_HydrophobicityC1,0.0030151698337731797,0,random_forest,54
_PolarizabilityD2025,0.002891914368158016,0,random_forest,55
GE,0.0028615638801120524,0,random_forest,56
_PolarityC1,0.0028117340295973014,0,random_forest,57
_SecondaryStrD1001,0.002801829468829309,0,random_forest,58
_SolventAccessibilityD3001,0.0027485071467252685,0,random_forest,59
_SolventAccessibilityD2001,0.0027426419295315946,0,random_forest,60
_SecondaryStrC1,0.0027196993703168426,0,random_forest,61
_PolarityD1075,0.0026721987143574154,0,random_forest,62
_HydrophobicityC2,0.0025379047081076885,0,random_forest,63
_HydrophobicityD1001,0.0025327103226898103,0,random_forest,64
_PolarizabilityT12,0.0025292638588279947,0,random_forest,65
_PolarityD2001,0.0024119404312282285,0,random_forest,66
GS,0.002258628284705189,0,random_forest,67
_PolarityD3100,0.0022577105410935146,0,random_forest,68
SD,0.0022564594741380796,0,random_forest,69
_HydrophobicityD1100,0.002245014896102891,0,random_forest,70
_SecondaryStrD1025,0.00224178452893934,0,random_forest,71
L,0.002219860688192391,0,random_forest,72
_HydrophobicityT13,0.0020894787045994453,0,random_forest,73
_SolventAccessibilityD3100,0.0020784257056265638,0,random_forest,74
_ChargeD3001,0.002022216095411174,0,random_forest,75
instability,0.001940534179651035,0,random_forest,76
_SolventAccessibilityT12,0.0019304221728390961,0,random_forest,77
_HydrophobicityD3050,0.001903457314022671,0,random_forest,78
_SolventAccessibilityD2100,0.001891735957958702,0,random_forest,79
_PolarityD3001,0.0018702226501706753,0,random_forest,80
aromaticity,0.0017919191290273536,0,random_forest,81
_HydrophobicityD1025,0.001784739209600498,0,random_forest,82
K,0.0017573260376295896,0,random_forest,83
_PolarizabilityC2,0.0017441919246095957,0,random_forest,84
_HydrophobicityD3100,0.0017359866960978043,0,random_forest,85
_PolarityD3025,0.0017288719599759853,0,random_forest,86
G,0.0017012874909504603,0,random_forest,87
ED,0.0016815386575150645,0,random_forest,88
_NormalizedVDWVD2075,0.0016690474541235934,0,random_forest,89
_ChargeD3050,0.0015705446156940115,0,random_forest,90
_SolventAccessibilityT13,0.0015469375632146335,0,random_forest,91
_SecondaryStrD3050,0.0015226895010527959,0,random_forest,92
LG,0.0015018108767364483,0,random_forest,93
EG,0.001493983241368027,0,random_forest,94
_SecondaryStrT23,0.001460068025303749,0,random_forest,95
_SolventAccessibilityD2025,0.0014578092778185325,0,random_forest,96
_SecondaryStrT13,0.001431685051573639,0,random_forest,97
_SecondaryStrC2,0.0014043656227936078,0,random_forest,98
_HydrophobicityD3025,0.0013582104587108524,0,random_forest,99
_SolventAccessibilityD2075,0.001353946801617727,0,random_forest,100
T,0.0013507365714187421,0,random_forest,101
AP,0.0013412843320096434,0,random_forest,102
_SecondaryStrD1075,0.001329704980480778,0,random_forest,103
I,0.0013199726033611505,0,random_forest,104
DP,0.0012864993215361276,0,random_forest,105
AE,0.0012831653746792052,0,random_forest,106
_PolarityD1100,0.0012750480463454322,0,random_forest,107
_SolventAccessibilityD1025,0.0012743157075599553,0,random_forest,108
_NormalizedVDWVD2100,0.001273400861369515,0,random_forest,109
C,0.0012571471565926574,0,random_forest,110
_NormalizedVDWVT13,0.0012390877622421989,0,random_forest,111
_PolarityC2,0.001225166924701236,0,random_forest,112
DN,0.0011993192998454368,0,random_forest,113
_HydrophobicityD2025,0.0011946414236200839,0,random_forest,114
PR,0.0011581757155980932,0,random_forest,115
GN,0.0011116991106090242,0,random_forest,116
V,0.0010649635741669585,0,random_forest,117
_SolventAccessibilityD3025,0.0010648025044925498,0,random_forest,118
_SecondaryStrD2001,0.0010465423217830957,0,random_forest,119
YL,0.0010445329865935787,0,random_forest,120
AD,0.001035415834589315,0,random_forest,121
_PolarityD1001,0.0010294208468148273,0,random_forest,122
_SecondaryStrD3025,0.0010078995374267479,0,random_forest,123
_NormalizedVDWVD3025,0.0010006563084208795,0,random_forest,124
_ChargeD2025,0.0009625696046351919,0,random_forest,125
_PolarityD2025,0.0009517638711263863,0,random_forest,126
QG,0.0009428430164007615,0,random_forest,127
_NormalizedVDWVD1075,0.0009349958444583301,0,random_forest,128
_NormalizedVDWVC2,0.0009344046923921553,0,random_forest,129
_PolarizabilityD3001,0.0009257546124842061,0,random_forest,130
_ChargeD1025,0.0009098078660651037,0,random_forest,131
_SecondaryStrD3075,0.0009025785782197942,0,random_forest,132
_PolarizabilityD1025,0.0008757249997517918,0,random_forest,133
_HydrophobicityD3075,0.0008742531427372079,0,random_forest,134
_SecondaryStrD2075,0.0008695876015006986,0,random_forest,135
_PolarityD2100,0.0008684381971797322,0,random_forest,136
_NormalizedVDWVD3050,0.000859224747927492,0,random_forest,137
Q,0.0008480889419152743,0,random_forest,138
EL,0.000843828522544788,0,random_forest,139
_SolventAccessibilityD1050,0.000824954642273951,0,random_forest,140
_SolventAccessibilityC3,0.0008202524241489501,0,random_forest,141
_PolarizabilityD2050,0.0008091652840501626,0,random_forest,142
SG,0.0008079767773581461,0,random_forest,143
QC,0.0007949178240625485,0,random_forest,144
_NormalizedVDWVD2050,0.0007866474781419142,0,random_forest,145
N,0.0007842149311521524,0,random_forest,146
_SolventAccessibilityD1100,0.0007767025353660433,0,random_forest,147
_ChargeD1001,0.0007742594284569565,0,random_forest,148
_NormalizedVDWVD3075,0.0007649973920437821,0,random_forest,149
_NormalizedVDWVD2025,0.0007589606872467765,0,random_forest,150
_PolarizabilityD1100,0.0007536974954186021,0,random_forest,151
DY,0.0007521435361946366,0,random_forest,152
_SolventAccessibilityD1075,0.0007482001094265881,0,random_forest,153
PG,0.000738295937284962,0,random_forest,154
_PolarityD3075,0.0007189962469244818,0,random_forest,155
_HydrophobicityD3001,0.0007166135709332882,0,random_forest,156
_HydrophobicityD2050,0.0007139697112567625,0,random_forest,157
_ChargeD1075,0.0007083752204137986,0,random_forest,158
CL,0.0007068776116510534,0,random_forest,159
A,0.000699654058956296,0,random_forest,160
_PolarizabilityD3025,0.0006836281189670275,0,random_forest,161
_NormalizedVDWVD1025,0.000682529173339986,0,random_forest,162
_HydrophobicityD2075,0.0006815902267268568,0,random_forest,163
_NormalizedVDWVD1100,0.0006806246933725559,0,random_forest,164
_NormalizedVDWVD1050,0.0006799577564933566,0,random_forest,165
CE,0.000674138266567484,0,random_forest,166
_PolarizabilityD3050,0.0006726477072981674,0,random_forest,167
_PolarizabilityD3100,0.0006725658518099793,0,random_forest,168
LE,0.0006717214065478272,0,random_forest,169
_HydrophobicityD2100,0.0006671455869757741,0,random_forest,170
LC,0.0006563254785520852,0,random_forest,171
_SecondaryStrD2050,0.0006522954218978277,0,random_forest,172
_PolarizabilityC1,0.0006519952055054222,0,random_forest,173
F,0.0006424650964302515,0,random_forest,174
_NormalizedVDWVD3001,0.0006333213923500648,0,random_forest,175
_SecondaryStrD2025,0.0006330198933305783,0,random_forest,176
EV,0.0006235389560239839,0,random_forest,177
YE,0.0006205976666026487,0,random_forest,178
_PolarizabilityT23,0.0006193076206553097,0,random_forest,179
GG,0.0006162801512086153,0,random_forest,180
VE,0.0006095992584479033,0,random_forest,181
_HydrophobicityD1050,0.0006031430592004533,0,random_forest,182
R,0.0006009534755868699,0,random_forest,183
PK,0.0005990771794949401,0,random_forest,184
S,0.0005897411779342373,0,random_forest,185
_PolarizabilityD3075,0.0005857941142120369,0,random_forest,186
_SecondaryStrD1050,0.0005788369969347682,0,random_forest,187
EP,0.0005780315859280048,0,random_forest,188
DD,0.0005764088888228565,0,random_forest,189
_ChargeD2100,0.0005755922581641214,0,random_forest,190
_HydrophobicityD1075,0.0005734346035495262,0,random_forest,191
_ChargeD2075,0.0005717588437077077,0,random_forest,192
_PolarityT13,0.00056373397922842,0,random_forest,193
_NormalizedVDWVD3100,0.0005524871615691787,0,random_forest,194
_PolarityD3050,0.0005392468542333847,0,random_forest,195
_ChargeD1100,0.0005371258732056536,0,random_forest,196
NA,0.0005322863565349281,0,random_forest,197
_SecondaryStrD2100,0.0005242097927951441,0,random_forest,198
AG,0.0005083799454523845,0,random_forest,199
DC,0.0005018225595880893,0,random_forest,200
_PolarizabilityD1075,0.0005008380948238134,0,random_forest,201
YP,0.0004903117766403648,0,random_forest,202
_PolarizabilityD1050,0.00048151916277999296,0,random_forest,203
_SolventAccessibilityD2050,0.00047862478766958903,0,random_forest,204
_ChargeD2050,0.0004658144474546208,0,random_forest,205
_SecondaryStrT12,0.0004630373099284847,0,random_forest,206
RG,0.0004607604592200728,0,random_forest,207
_PolarityD2075,0.00046032717659867813,0,random_forest,208
_PolarityD2050,0.00045261970477201307,0,random_forest,209
_ChargeD1050,0.0004441350776030447,0,random_forest,210
CQ,0.0004412063821644064,0,random_forest,211
RA,0.00043214657552903915,0,random_forest,212
H,0.0004304777736150322,0,random_forest,213
_PolarityD1025,0.00043037240810187005,0,random_forest,214
EA,0.0004285085966967097,0,random_forest,215
CR,0.00041246621591867823,0,random_forest,216
_SecondaryStrD3100,0.000411129818770439,0,random_forest,217
EI,0.0003918172789099015,0,random_forest,218
LD,0.00038858438258387184,0,random_forest,219
QS,0.00038649458078616713,0,random_forest,220
TY,0.0003796408091385863,0,random_forest,221
CP,0.00037734704154626674,0,random_forest,222
VR,0.00036255110105973975,0,random_forest,223
KN,0.0003511199525949235,0,random_forest,224
KP,0.00034763791008882286,0,random_forest,225
SS,0.00033738802626979714,0,random_forest,226
CG,0.0003308253978989022,0,random_forest,227
NE,0.00032957935843239,0,random_forest,228
PP,0.0003270256009720066,0,random_forest,229
RL,0.00032145977504157943,0,random_forest,230
VC,0.0003196088918661024,0,random_forest,231
GP,0.000307655562754588,0,random_forest,232
TG,0.0003039712882855137,0,random_forest,233
PS,0.0003029407267212049,0,random_forest,234
FC,0.00028773559616665864,0,random_forest,235
VG,0.0002857073283697107,0,random_forest,236
RP,0.00028497035171600653,0,random_forest,237
PV,0.00027900197975852336,0,random_forest,238
IE,0.0002768406005482671,0,random_forest,239
YC,0.00027338748246604947,0,random_forest,240
SC,0.00027226784898319047,0,random_forest,241
LI,0.00027220375569794036,0,random_forest,242
_NormalizedVDWVT23,0.00025925565180231694,0,random_forest,243
QA,0.0002570156226040282,0,random_forest,244
KA,0.00025101189404351103,0,random_forest,245
PD,0.0002501730287171618,0,random_forest,246
NV,0.00024859912743576155,0,random_forest,247
RI,0.00024623283315368773,0,random_forest,248
LR,0.00024328018322099964,0,random_forest,249
QE,0.00024256858060059795,0,random_forest,250
RE,0.0002418286527590369,0,random_forest,251
HP,0.00024177666163271582,0,random_forest,252
ES,0.00024022896133446832,0,random_forest,253
NT,0.00023642684457374233,0,random_forest,254
CV,0.00023366590567022022,0,random_forest,255
FS,0.0002326641438010203,0,random_forest,256
LK,0.0002305384865985401,0,random_forest,257
SL,0.00022738197323568274,0,random_forest,258
GA,0.00022609382319876937,0,random_forest,259
LA,0.0002259122595876444,0,random_forest,260
DG,0.00022303112662829818,0,random_forest,261
TL,0.00022294703552936976,0,random_forest,262
FD,0.00022079939806779564,0,random_forest,263
GF,0.00021081189797871,0,random_forest,264
VV,0.00020981863045426403,0,random_forest,265
LT,0.00020416482900918176,0,random_forest,266
DI,0.00020412357915144854,0,random_forest,267
PT,0.00020241671549883856,0,random_forest,268
LY,0.00020227857148521228,0,random_forest,269
RF,0.00019999552603181165,0,random_forest,270
YT,0.00019910635749531016,0,random_forest,271
VD,0.00019371059565151204,0,random_forest,272
IK,0.00019315905973305237,0,random_forest,273
AI,0.0001882580145404002,0,random_forest,274
LS,0.0001861224273772506,0,random_forest,275
NN,0.00018607254285616306,0,random_forest,276
GV,0.00018595570732288897,0,random_forest,277
HR,0.00018471728972288385,0,random_forest,278
YA,0.00017388425756830375,0,random_forest,279
IS,0.0001738420483303583,0,random_forest,280
TD,0.0001704204994471023,0,random_forest,281
YD,0.0001694902708377184,0,random_forest,282
VP,0.00016937204332620289,0,random_forest,283
SY,0.00016916671850881408,0,random_forest,284
FQ,0.00016767259562537989,0,random_forest,285
GK,0.00016145604803659012,0,random_forest,286
ID,0.00016039578506726632,0,random_forest,287
SA,0.00016009170726016098,0,random_forest,288
SE,0.00015936608417587477,0,random_forest,289
QM,0.00015843457234907297,0,random_forest,290
AN,0.00015492680613988087,0,random_forest,291
TA,0.00015394366965091802,0,random_forest,292
YY,0.0001523413718418691,0,random_forest,293
EN,0.00014953989144604742,0,random_forest,294
TE,0.00014878601590552539,0,random_forest,295
VK,0.00014593176456946695,0,random_forest,296
IG,0.00014530102636938852,0,random_forest,297
ET,0.00014223432561421653,0,random_forest,298
EQ,0.00014112835637039692,0,random_forest,299
IN,0.00013833945409990228,0,random_forest,300
PL,0.0001382609986070037,0,random_forest,301
IY,0.00013757035492992413,0,random_forest,302
LP,0.00013380217544518453,0,random_forest,303
VA,0.00013350775823100738,0,random_forest,304
DE,0.00013065024116264406,0,random_forest,305
KV,0.00013053049460214492,0,random_forest,306
AV,0.0001296605342709888,0,random_forest,307
AL,0.0001236913248476237,0,random_forest,308
NC,0.000122954156946322,0,random_forest,309
FV,0.00012250454247692856,0,random_forest,310
TK,0.0001224842269481034,0,random_forest,311
TV,0.00012140945273372413,0,random_forest,312
LN,0.00012112545042080946,0,random_forest,313
QT,0.00012031853319532716,0,random_forest,314
AC,0.00011913912513482322,0,random_forest,315
FA,0.00011864283372173577,0,random_forest,316
TP,0.00011829098351137329,0,random_forest,317
IT,0.00011818551880755754,0,random_forest,318
LV,0.00011693362038849688,0,random_forest,319
DH,0.00011541199176218462,0,random_forest,320
MK,0.00011527334855975248,0,random_forest,321
W,0.00011422402627156698,0,random_forest,322
SF,0.00011341906304713677,0,random_forest,323
ND,0.00011243142776307603,0,random_forest,324
GR,0.0001104651978054806,0,random_forest,325
FF,0.000110150277251752,0,random_forest,326
DS,0.000109420669186984,0,random_forest,327
RR,0.0001091050898512147,0,random_forest,328
KQ,0.00010818877597365922,0,random_forest,329
PA,0.00010812628227618626,0,random_forest,330
EF,0.00010686288558098258,0,random_forest,331
RV,0.00010514138756458584,0,random_forest,332
VT,0.00010343487937719387,0,random_forest,333
SI,0.00010337750555614076,0,random_forest,334
AS,0.00010207912291740589,0,random_forest,335
AY,9.923010004369705e-05,0,random_forest,336
FG,9.840781052789774e-05,0,random_forest,337
CA,9.834345256735606e-05,0,random_forest,338
NL,9.796489368107852e-05,0,random_forest,339
AQ,9.712499453092297e-05,0,random_forest,340
AA,9.543758581744322e-05,0,random_forest,341
IA,9.506132440482445e-05,0,random_forest,342
KS,9.324407793161585e-05,0,random_forest,343
GH,9.290981734359342e-05,0,random_forest,344
IL,9.286700857523459e-05,0,random_forest,345
SV,9.263239987482094e-05,0,random_forest,346
KE,9.083423244919596e-05,0,random_forest,347
DQ,8.97027149586648e-05,0,random_forest,348
VL,8.745335073314014e-05,0,random_forest,349
VH,8.698601230301644e-05,0,random_forest,350
RK,8.685881494167056e-05,0,random_forest,351
SQ,8.501587476604274e-05,0,random_forest,352
PF,8.485733781382058e-05,0,random_forest,353
NG,8.395690770274362e-05,0,random_forest,354
KD,8.325944409873425e-05,0,random_forest,355
CY,8.273553583745684e-05,0,random_forest,356
PQ,8.179993027249461e-05,0,random_forest,357
IC,8.140736249584095e-05,0,random_forest,358
QL,7.875185806194625e-05,0,random_forest,359
MA,7.852014934542275e-05,0,random_forest,360
EC,7.780142813012439e-05,0,random_forest,361
NR,7.752094276587503e-05,0,random_forest,362
CM,7.741840715267271e-05,0,random_forest,363
HL,7.630817628947941e-05,0,random_forest,364
DL,7.50081957817703e-05,0,random_forest,365
FL,7.448782038717481e-05,0,random_forest,366
AR,7.419359310375243e-05,0,random_forest,367
GC,7.405302695811727e-05,0,random_forest,368
KC,7.388137064942906e-05,0,random_forest,369
II,7.357107716653438e-05,0,random_forest,370
KT,7.302201264279274e-05,0,random_forest,371
AK,7.284983952810745e-05,0,random_forest,372
YI,7.274588879121009e-05,0,random_forest,373
DK,7.231501091043472e-05,0,random_forest,374
HW,7.204961206785128e-05,0,random_forest,375
CS,7.153461638485458e-05,0,random_forest,376
YK,6.866451591442645e-05,0,random_forest,377
NP,6.825559759918135e-05,0,random_forest,378
SK,6.694967290456915e-05,0,random_forest,379
VS,6.640209962968499e-05,0,random_forest,380
KK,6.50453996365837e-05,0,random_forest,381
IR,6.455685674182333e-05,0,random_forest,382
PI,6.220131282518136e-05,0,random_forest,383
GL,6.185793124299218e-05,0,random_forest,384
NF,6.172346283603182e-05,0,random_forest,385
YG,6.164626122949416e-05,0,random_forest,386
ST,6.05275751028102e-05,0,random_forest,387
WT,6.000856423667707e-05,0,random_forest,388
NW,5.730375770360713e-05,0,random_forest,389
WY,5.71143343766571e-05,0,random_forest,390
VN,5.6931218913095985e-05,0,random_forest,391
HT,5.629202271645337e-05,0,random_forest,392
TQ,5.6233241107064776e-05,0,random_forest,393
MP,5.621154222363339e-05,0,random_forest,394
GI,5.516721754004081e-05,0,random_forest,395
YQ,5.5144069090986254e-05,0,random_forest,396
SR,5.4218946475533224e-05,0,random_forest,397
NS,5.358651927811214e-05,0,random_forest,398
IH,5.333676405283857e-05,0,random_forest,399
LL,5.26424540840769e-05,0,random_forest,400
SN,5.245500192670242e-05,0,random_forest,401
WF,5.22987748060263e-05,0,random_forest,402
TS,5.0458287601903485e-05,0,random_forest,403
PC,4.9832486642306564e-05,0,random_forest,404
HD,4.7571513661631644e-05,0,random_forest,405
FP,4.484003158184782e-05,0,random_forest,406
IV,4.472910138846393e-05,0,random_forest,407
TR,4.466026007238898e-05,0,random_forest,408
KG,4.432868531042474e-05,0,random_forest,409
NH,4.429884080192753e-05,0,random_forest,410
WR,4.422117044711647e-05,0,random_forest,411
RD,4.340026027893574e-05,0,random_forest,412
MV,4.0877477194177614e-05,0,random_forest,413
RC,4.059041860902472e-05,0,random_forest,414
QI,4.0413292816885316e-05,0,random_forest,415
FN,3.984753889297916e-05,0,random_forest,416
DV,3.9718128520071946e-05,0,random_forest,417
MG,3.859955851290506e-05,0,random_forest,418
ER,3.558306121785916e-05,0,random_forest,419
EH,3.5558698304642355e-05,0,random_forest,420
KI,3.3800566946285215e-05,0,random_forest,421
EK,3.3629556112165614e-05,0,random_forest,422
YR,3.34109756872581e-05,0,random_forest,423
ML,3.2791392013763287e-05,0,random_forest,424
AF,3.247739437168104e-05,0,random_forest,425
RQ,3.2431720181557214e-05,0,random_forest,426
TI,3.18323023820544e-05,0,random_forest,427
MD,3.121627446449607e-05,0,random_forest,428
YS,3.1168949484834415e-05,0,random_forest,429
VF,3.115754256050867e-05,0,random_forest,430
FK,3.104688961541545e-05,0,random_forest,431
QN,2.9587691259713688e-05,0,random_forest,432
VQ,2.913444610917965e-05,0,random_forest,433
LQ,2.9105255804725672e-05,0,random_forest,434
AT,2.9045247169457933e-05,0,random_forest,435
QR,2.899125826851377e-05,0,random_forest,436
QD,2.8816751812366353e-05,0,random_forest,437
KF,2.843277129451016e-05,0,random_forest,438
QP,2.8411274927608775e-05,0,random_forest,439
HQ,2.8119523582209506e-05,0,random_forest,440
QF,2.801016671001137e-05,0,random_forest,441
HA,2.7147520487245297e-05,0,random_forest,442
DA,2.6227830763904404e-05,0,random_forest,443
RY,2.612776381831106e-05,0,random_forest,444
KL,2.6073192283241036e-05,0,random_forest,445
TC,2.5419079562938278e-05,0,random_forest,446
TF,2.5181170074471303e-05,0,random_forest,447
NK,2.497251039169322e-05,0,random_forest,448
CT,2.4963304255840247e-05,0,random_forest,449
WN,2.4949651996357238e-05,0,random_forest,450
FY,2.4798989500263863e-05,0,random_forest,451
TH,2.4798512265678453e-05,0,random_forest,452
QW,2.4763241249287742e-05,0,random_forest,453
RN,2.447258268811875e-05,0,random_forest,454
QQ,2.38527463737758e-05,0,random_forest,455
HE,2.28381926604952e-05,0,random_forest,456
PH,2.271781083340757e-05,0,random_forest,457
MR,2.1279846215911824e-05,0,random_forest,458
TT,2.0962919491797843e-05,0,random_forest,459
GT,2.077464562639418e-05,0,random_forest,460
WK,2.0602170025255868e-05,0,random_forest,461
SP,2.0495944207106964e-05,0,random_forest,462
KH,2.0367525974206284e-05,0,random_forest,463
AH,1.573150092512834e-05,0,random_forest,464
SH,1.5106373454521716e-05,0,random_forest,465
MI,1.4938497324626073e-05,0,random_forest,466
MT,1.4578653236809683e-05,0,random_forest,467
GQ,1.4426617241793083e-05,0,random_forest,468
NY,1.2436421039802535e-05,0,random_forest,469
FT,1.1248618151244176e-05,0,random_forest,470
GY,1.0897122428514091e-05,0,random_forest,471
VM,1.0706911405769625e-05,0,random_forest,472
FR,1.0669454908496559e-05,0,random_forest,473
EM,1.0172959646051968e-05,0,random_forest,474
QY,9.068272084046174e-06,0,random_forest,475
LH,8.043681079555803e-06,0,random_forest,476
TW,8.029022060498279e-06,0,random_forest,477
YF,7.572038806663727e-06,0,random_forest,478
PN,6.663003463677921e-06,0,random_forest,479
SW,5.803964435970733e-06,0,random_forest,480
NQ,5.195370420342864e-06,0,random_forest,481
KM,5.057316811175745e-06,0,random_forest,482
NM,4.808458253167526e-06,0,random_forest,483
RS,4.332372003665257e-06,0,random_forest,484
HS,4.250029597700306e-06,0,random_forest,485
YV,3.251080635463023e-06,0,random_forest,486
HN,2.7825368607781365e-06,0,random_forest,487
VY,2.7503146741793434e-06,0,random_forest,488
KY,2.1709101952845235e-06,0,random_forest,489
DT,2.295192050777797e-20,0,random_forest,490
QH,6.151451535569665e-21,0,random_forest,491
WA,0.0,0,random_forest,492
WL,0.0,0,random_forest,493
WH,0.0,0,random_forest,494
YW,0.0,0,random_forest,495
VW,0.0,0,random_forest,496
AM,0.0,0,random_forest,497
WM,0.0,0,random_forest,498
WI,0.0,0,random_forest,499
AW,0.0,0,random_forest,500
WP,0.0,0,random_forest,501
YN,0.0,0,random_forest,502
WG,0.0,0,random_forest,503
WQ,0.0,0,random_forest,504
VI,0.0,0,random_forest,505
WS,0.0,0,random_forest,506
WV,0.0,0,random_forest,507
WC,0.0,0,random_forest,508
WW,0.0,0,random_forest,509
WD,0.0,0,random_forest,510
YM,0.0,0,random_forest,511
WE,0.0,0,random_forest,512
YH,0.0,0,random_forest,513
HC,0.0,0,random_forest,514
TN,0.0,0,random_forest,515
IW,0.0,0,random_forest,516
MH,0.0,0,random_forest,517
MF,0.0,0,random_forest,518
ME,0.0,0,random_forest,519
MC,0.0,0,random_forest,520
FI,0.0,0,random_forest,521
LW,0.0,0,random_forest,522
FM,0.0,0,random_forest,523
LM,0.0,0,random_forest,524
LF,0.0,0,random_forest,525
FW,0.0,0,random_forest,526
KW,0.0,0,random_forest,527
KR,0.0,0,random_forest,528
IQ,0.0,0,random_forest,529
TM,0.0,0,random_forest,530
GM,0.0,0,random_forest,531
IM,0.0,0,random_forest,532
IF,0.0,0,random_forest,533
GW,0.0,0,random_forest,534
HY,0.0,0,random_forest,535
HV,0.0,0,random_forest,536
HM,0.0,0,random_forest,537
HK,0.0,0,random_forest,538
HI,0.0,0,random_forest,539
HH,0.0,0,random_forest,540
HG,0.0,0,random_forest,541
HF,0.0,0,random_forest,542
MM,0.0,0,random_forest,543
MN,0.0,0,random_forest,544
MQ,0.0,0,random_forest,545
MS,0.0,0,random_forest,546
CC,0.0,0,random_forest,547
CD,0.0,0,random_forest,548
CF,0.0,0,random_forest,549
CH,0.0,0,random_forest,550
CI,0.0,0,random_forest,551
SM,0.0,0,random_forest,552
CK,0.0,0,random_forest,553
CN,0.0,0,random_forest,554
CW,0.0,0,random_forest,555
RW,0.0,0,random_forest,556
RT,0.0,0,random_forest,557
RM,0.0,0,random_forest,558
RH,0.0,0,random_forest,559
DM,0.0,0,random_forest,560
QV,0.0,0,random_forest,561
DR,0.0,0,random_forest,562
QK,0.0,0,random_forest,563
PY,0.0,0,random_forest,564
PW,0.0,0,random_forest,565
PM,0.0,0,random_forest,566
EW,0.0,0,random_forest,567
NI,0.0,0,random_forest,568
FH,0.0,0,random_forest,569
MY,0.0,0,random_forest,570
MW,0.0,0,random_forest,571
DW,0.0,0,random_forest,572
length,0.39166441553593756,1,logistic_regression,1
mw,0.3761480579087278,1,logistic_regression,2
pI,0.24407434450401552,1,logistic_regression,3
TG,0.19408723490659302,1,logistic_regression,4
P,0.18923082089096951,1,logistic_regression,5
IP,0.17664288555571178,1,logistic_regression,6
_SolventAccessibilityD1050,0.17560344766173835,1,logistic_regression,7
_NormalizedVDWVD2001,0.1666156522985125,1,logistic_regression,8
CL,0.16569208208531117,1,logistic_regression,9
_PolarizabilityT13,0.16340722054714743,1,logistic_regression,10
_HydrophobicityC3,0.156979634802765,1,logistic_regression,11
_HydrophobicityT12,0.15235672604144868,1,logistic_regression,12
_ChargeD3050,0.14618226568806625,1,logistic_regression,13
L,0.14475595937384175,1,logistic_regression,14
_SolventAccessibilityD2050,0.13840474301611955,1,logistic_regression,15
_HydrophobicityD1050,0.13840474301611955,1,logistic_regression,16
YD,0.13790301861164703,1,logistic_regression,17
instability,0.1358634378928495,1,logistic_regression,18
QV,0.13483150883745204,1,logistic_regression,19
DF,0.1346485764612282,1,logistic_regression,20
_SecondaryStrD1075,0.13447799020324158,1,logistic_regression,21
M,0.13322233634808264,1,logistic_regression,22
_HydrophobicityD3001,0.13191687614993045,1,logistic_regression,23
EE,0.13032257472601286,1,logistic_regression,24
_ChargeT23,0.1287373411905536,1,logistic_regression,25
_ChargeD1075,0.1286335932351324,1,logistic_regression,26
_PolarityC1,0.12741036091857666,1,logistic_regression,27
EV,0.12695572227293583,1,logistic_regression,28
_SecondaryStrD2075,0.1260806038061447,1,logistic_regression,29
E,0.1257920135053227,1,logistic_regression,30
_ChargeC3,0.12570523684259566,1,logistic_regression,31
FE,0.1249104616238068,1,logistic_regression,32
_SecondaryStrD3050,0.12479955034752312,1,logistic_regression,33
LN,0.12294631958369863,1,logistic_regression,34
EY,0.12111167494876293,1,logistic_regression,35
_SolventAccessibilityD3050,0.12063958007860426,1,logistic_regression,36
_PolarizabilityD3100,0.11879744248300657,1,logistic_regression,37
_NormalizedVDWVD3100,0.11879744248300657,1,logistic_regression,38
EQ,0.11811669489292692,1,logistic_regression,39
_PolarityD1050,0.11787669754353798,1,logistic_regression,40
NL,0.1177427866648554,1,logistic_regression,41
VL,0.11721110248741642,1,logistic_regression,42
IL,0.11696265968449801,1,logistic_regression,43
LS,0.1166475819125591,1,logistic_regression,44
_PolarizabilityC2,0.11561251435823912,1,logistic_regression,45
_SecondaryStrD2050,0.11418590254785295,1,logistic_regression,46
QG,0.11411668618451072,1,logistic_regression,47
SG,0.11252756232154346,1,logistic_regression,48
_PolarityD1075,0.11153632184829423,1,logistic_regression,49
AP,0.11043289375704511,1,logistic_regression,50
_SecondaryStrD1025,0.10838877562743297,1,logistic_regression,51
GD,0.10827910119454819,1,logistic_regression,52
_PolarizabilityD2050,0.10687027984609156,1,logistic_regression,53
_ChargeD3075,0.10540442453007538,1,logistic_regression,54
_HydrophobicityD3050,0.10353271454769493,1,logistic_regression,55
_PolarizabilityD2025,0.10269293170048774,1,logistic_regression,56
IA,0.10157974996914172,1,logistic_regression,57
_SecondaryStrC3,0.10138685682620845,1,logistic_regression,58
_ChargeD1025,0.10125738674107575,1,logistic_regression,59
RP,0.09841065381764193,1,logistic_regression,60
LK,0.09523361237189867,1,logistic_regression,61
_SecondaryStrC1,0.09489928104895229,1,logistic_regression,62
CQ,0.09485230412274501,1,logistic_regression,63
_PolarizabilityC3,0.09336012909156807,1,logistic_regression,64
_NormalizedVDWVC3,0.09336012909156807,1,logistic_regression,65
_NormalizedVDWVC1,0.09126336175533435,1,logistic_regression,66
_SolventAccessibilityC1,0.0907910132574015,1,logistic_regression,67
_HydrophobicityD2075,0.08759044459058213,1,logistic_regression,68
_PolarityT23,0.08755245353922086,1,logistic_regression,69
EC,0.0871294085011323,1,logistic_regression,70
AE,0.08708242167084991,1,logistic_regression,71
DD,0.08700360318944533,1,logistic_regression,72
VP,0.08660415229352768,1,logistic_regression,73
_SecondaryStrT23,0.08655637509911564,1,logistic_regression,74
ER,0.08653781622628483,1,logistic_regression,75
GN,0.08498816363415815,1,logistic_regression,76
SF,0.08432025082401028,1,logistic_regression,77
_SolventAccessibilityD3001,0.08403549312904411,1,logistic_regression,78
PE,0.08398884069292059,1,logistic_regression,79
_HydrophobicityD2050,0.0832434298667319,1,logistic_regression,80
_SolventAccessibilityD1075,0.0828342359009103,1,logistic_regression,81
NP,0.08268584245330794,1,logistic_regression,82
DN,0.08264775500008247,1,logistic_regression,83
C,0.08251314415841843,1,logistic_regression,84
CD,0.08250337199393185,1,logistic_regression,85
KF,0.08247059795302851,1,logistic_regression,86
DI,0.08208742873476052,1,logistic_regression,87
SS,0.08186755725079553,1,logistic_regression,88
_NormalizedVDWVD1100,0.08183619723416102,1,logistic_regression,89
K,0.08143490590008313,1,logistic_regression,90
_SecondaryStrD3025,0.08126345220981616,1,logistic_regression,91
PN,0.08053945735387359,1,logistic_regression,92
RH,0.08040071097650438,1,logistic_regression,93
MH,0.08008253928501176,1,logistic_regression,94
GW,0.08006421343292411,1,logistic_regression,95
_ChargeD3001,0.07961803220338391,1,logistic_regression,96
_ChargeC2,0.07953522119666262,1,logistic_regression,97
YF,0.07914728972418868,1,logistic_regression,98
_PolarityD3050,0.07913490021221001,1,logistic_regression,99
DR,0.07804039017495909,1,logistic_regression,100
_PolarityD2050,0.0780318678768173,1,logistic_regression,101
SD,0.07750788946966743,1,logistic_regression,102
_ChargeD1100,0.07729387620708494,1,logistic_regression,103
PV,0.07720736543053745,1,logistic_regression,104
_HydrophobicityC1,0.07688937929626093,1,logistic_regression,105
_SolventAccessibilityC2,0.07688937929626093,1,logistic_regression,106
DM,0.07656176747741796,1,logistic_regression,107
NR,0.07528021516608648,1,logistic_regression,108
_ChargeD1050,0.07518600717874692,1,logistic_regression,109
DY,0.0734694662128658,1,logistic_regression,110
_PolarityD2075,0.07217731418085255,1,logistic_regression,111
LA,0.07169772079181047,1,logistic_regression,112
KN,0.07159815425570587,1,logistic_regression,113
_NormalizedVDWVD1025,0.07112258757652186,1,logistic_regression,114
KT,0.07068537874745952,1,logistic_regression,115
LG,0.07062301743154922,1,logistic_regression,116
VC,0.07053593561121717,1,logistic_regression,117
_HydrophobicityD1075,0.06952674818755744,1,logistic_regression,118
_SolventAccessibilityD2075,0.06952674818755744,1,logistic_regression,119
GY,0.06910967323401038,1,logistic_regression,120
W,0.06831083812226736,1,logistic_regression,121
EK,0.06820850222127857,1,logistic_regression,122
VY,0.06693679159521107,1,logistic_regression,123
_SecondaryStrD1050,0.06677160664376286,1,logistic_regression,124
_HydrophobicityD2100,0.06670479857238404,1,logistic_regression,125
GA,0.06659466199995,1,logistic_regression,126
LT,0.06611797950919718,1,logistic_regression,127
_PolarizabilityT23,0.06535482364698722,1,logistic_regression,128
TE,0.06526933406975491,1,logistic_regression,129
NA,0.0652318960543102,1,logistic_regression,130
_SecondaryStrD3100,0.0652112347627909,1,logistic_regression,131
MA,0.06517114108826387,1,logistic_regression,132
ET,0.06512130932089248,1,logistic_regression,133
YA,0.0647362260072533,1,logistic_regression,134
_PolarityC3,0.06362135191272877,1,logistic_regression,135
V,0.06319467712554587,1,logistic_regression,136
KA,0.06240539603726614,1,logistic_regression,137
EG,0.06215811472804208,1,logistic_regression,138
LC,0.06175005304892792,1,logistic_regression,139
VE,0.06163050745843388,1,logistic_regression,140
DQ,0.061585260751074226,1,logistic_regression,141
_HydrophobicityT23,0.06146739665500078,1,logistic_regression,142
_NormalizedVDWVD3025,0.06133182476840496,1,logistic_regression,143
_PolarizabilityD3025,0.06133182476840496,1,logistic_regression,144
GS,0.060031901603947425,1,logistic_regression,145
PP,0.05984961150940859,1,logistic_regression,146
YE,0.059692029432459284,1,logistic_regression,147
CH,0.05968360999653059,1,logistic_regression,148
IE,0.05954919682459368,1,logistic_regression,149
_PolarityD1100,0.05886319362911308,1,logistic_regression,150
S,0.058792160888077226,1,logistic_regression,151
_SolventAccessibilityD2100,0.057858300387296516,1,logistic_regression,152
_HydrophobicityD1100,0.057858300387296516,1,logistic_regression,153
YP,0.057702648611290853,1,logistic_regression,154
RK,0.05755128687129507,1,logistic_regression,155
PG,0.056802969819653736,1,logistic_regression,156
_HydrophobicityD3075,0.05657337971283272,1,logistic_regression,157
_PolarizabilityD1025,0.056528270164915746,1,logistic_regression,158
_SecondaryStrD2025,0.05637922042965836,1,logistic_regression,159
FC,0.05635399081447911,1,logistic_regression,160
_SecondaryStrD3001,0.05626398119188992,1,logistic_regression,161
SY,0.05617063798542661,1,logistic_regression,162
TQ,0.05613731704259473,1,logistic_regression,163
_SecondaryStrD1100,0.05605177656597557,1,logistic_regression,164
PL,0.056020291911678705,1,logistic_regression,165
PC,0.05570106255496032,1,logistic_regression,166
GL,0.0556809802450409,1,logistic_regression,167
AN,0.05556814267597969,1,logistic_regression,168
PT,0.055446508630983986,1,logistic_regression,169
DG,0.05512854162033356,1,logistic_regression,170
VF,0.05481422849987581,1,logistic_regression,171
IS,0.05477428744564559,1,logistic_regression,172
_NormalizedVDWVD2025,0.054597602899636166,1,logistic_regression,173
_HydrophobicityD3100,0.05453444830747763,1,logistic_regression,174
KD,0.05446837113688153,1,logistic_regression,175
_SolventAccessibilityT12,0.054439974437519724,1,logistic_regression,176
NT,0.05410649588886095,1,logistic_regression,177
PA,0.05381139973087099,1,logistic_regression,178
_ChargeD1001,0.053625803804777245,1,logistic_regression,179
KC,0.053504379170082876,1,logistic_regression,180
SL,0.053469700407882875,1,logistic_regression,181
SE,0.05269151103521415,1,logistic_regression,182
AK,0.05251299489944119,1,logistic_regression,183
RF,0.05241354577949336,1,logistic_regression,184
_PolarizabilityD2075,0.05234495677675773,1,logistic_regression,185
_PolarityD3100,0.05233664259393243,1,logistic_regression,186
KE,0.05207864602571684,1,logistic_regression,187
H,0.05207518811512091,1,logistic_regression,188
_NormalizedVDWVT23,0.052013783900103305,1,logistic_regression,189
QD,0.051799044298068656,1,logistic_regression,190
CV,0.05133401277995854,1,logistic_regression,191
VR,0.051003273254450116,1,logistic_regression,192
_PolarityD3075,0.050616661662837174,1,logistic_regression,193
F,0.05022981211115422,1,logistic_regression,194
_ChargeD2050,0.05020613627988268,1,logistic_regression,195
_NormalizedVDWVD2100,0.04907352346902637,1,logistic_regression,196
_PolarityD2025,0.04818302118343332,1,logistic_regression,197
_ChargeC1,0.04695234488247116,1,logistic_regression,198
QS,0.04680037649344082,1,logistic_regression,199
NS,0.046784895700174405,1,logistic_regression,200
VD,0.046708892490461916,1,logistic_regression,201
WN,0.046513048612936425,1,logistic_regression,202
CN,0.046485417031763385,1,logistic_regression,203
_ChargeT12,0.04635431601829187,1,logistic_regression,204
DC,0.04634700257446498,1,logistic_regression,205
FT,0.046148677645408684,1,logistic_regression,206
HH,0.04594937801334861,1,logistic_regression,207
MD,0.04586066142351241,1,logistic_regression,208
_SolventAccessibilityD2001,0.04523504589609564,1,logistic_regression,209
_HydrophobicityD1001,0.04523504589609564,1,logistic_regression,210
VI,0.04466235684619617,1,logistic_regression,211
LH,0.044585192707318005,1,logistic_regression,212
AY,0.04456447798063248,1,logistic_regression,213
GP,0.044555119406035654,1,logistic_regression,214
PS,0.044554310829297894,1,logistic_regression,215
LI,0.04429774558573751,1,logistic_regression,216
LD,0.04344044000726411,1,logistic_regression,217
KR,0.04309343545202939,1,logistic_regression,218
_HydrophobicityT13,0.04307487057101033,1,logistic_regression,219
SQ,0.04288755625036891,1,logistic_regression,220
GK,0.04269232268903614,1,logistic_regression,221
TR,0.042612565492786816,1,logistic_regression,222
_PolarizabilityD1100,0.04255672860726177,1,logistic_regression,223
_SolventAccessibilityD1001,0.042236528047398254,1,logistic_regression,224
FL,0.041846454091426795,1,logistic_regression,225
_HydrophobicityC2,0.041805244740097953,1,logistic_regression,226
EM,0.04151581342427435,1,logistic_regression,227
GF,0.04134368450189165,1,logistic_regression,228
EF,0.041230446628406046,1,logistic_regression,229
_PolarityD1001,0.040795788419012304,1,logistic_regression,230
_SolventAccessibilityT23,0.04077518795509524,1,logistic_regression,231
EA,0.04065681175654105,1,logistic_regression,232
_PolarityD3001,0.04058710521997069,1,logistic_regression,233
MG,0.04053252518173643,1,logistic_regression,234
_SecondaryStrD1001,0.04048489030994404,1,logistic_regression,235
_ChargeD2001,0.04033243554930169,1,logistic_regression,236
_PolarityT12,0.039630870600392276,1,logistic_regression,237
_PolarityC2,0.03954961232789899,1,logistic_regression,238
KY,0.03920282648404437,1,logistic_regression,239
IK,0.03885105797982798,1,logistic_regression,240
RT,0.038614952278899946,1,logistic_regression,241
R,0.038482858484398454,1,logistic_regression,242
AA,0.03843385965874358,1,logistic_regression,243
SP,0.038383631803011256,1,logistic_regression,244
_ChargeT13,0.03831576342842852,1,logistic_regression,245
_PolarityD2001,0.038009869335944024,1,logistic_regression,246
LL,0.037693449960182195,1,logistic_regression,247
II,0.03747945013038895,1,logistic_regression,248
_ChargeD3100,0.036997188467282636,1,logistic_regression,249
_SolventAccessibilityD3025,0.03687635466028239,1,logistic_regression,250
VM,0.0368347166520064,1,logistic_regression,251
RG,0.036433295849765616,1,logistic_regression,252
AR,0.03637712385816572,1,logistic_regression,253
KS,0.036263163196299145,1,logistic_regression,254
TA,0.03618497382352555,1,logistic_regression,255
QE,0.03581391057924649,1,logistic_regression,256
DK,0.035668291609547424,1,logistic_regression,257
QY,0.03560086840426729,1,logistic_regression,258
ED,0.035311245511857006,1,logistic_regression,259
IN,0.03510503049976982,1,logistic_regression,260
_PolarizabilityD2001,0.0350981265916422,1,logistic_regression,261
I,0.03507626627292053,1,logistic_regression,262
PM,0.03456283830763362,1,logistic_regression,263
TI,0.03431950967646368,1,logistic_regression,264
_ChargeD2100,0.03417785790191428,1,logistic_regression,265
FI,0.03411878474660478,1,logistic_regression,266
PI,0.03406346713452262,1,logistic_regression,267
SN,0.03401442763187962,1,logistic_regression,268
HV,0.033805264533262804,1,logistic_regression,269
ST,0.033716353448198094,1,logistic_regression,270
_ChargeD2025,0.03356712299468359,1,logistic_regression,271
CP,0.03333572505422702,1,logistic_regression,272
IR,0.033303275578736934,1,logistic_regression,273
_PolarizabilityD3050,0.03319236686207813,1,logistic_regression,274
_NormalizedVDWVD3050,0.03319236686207813,1,logistic_regression,275
LE,0.03309492443875197,1,logistic_regression,276
ML,0.03306761799832478,1,logistic_regression,277
NV,0.032801558377757986,1,logistic_regression,278
IG,0.032756286189332705,1,logistic_regression,279
ID,0.032486500129734724,1,logistic_regression,280
EI,0.03232525225398896,1,logistic_regression,281
IM,0.032253452979943455,1,logistic_regression,282
_PolarizabilityD1050,0.03222792844869107,1,logistic_regression,283
PK,0.032052203012614085,1,logistic_regression,284
KK,0.03154692457425406,1,logistic_regression,285
HI,0.030511016033800284,1,logistic_regression,286
_NormalizedVDWVC2,0.030055682910572732,1,logistic_regression,287
G,0.029739393989266203,1,logistic_regression,288
_SecondaryStrD2100,0.02953320273032791,1,logistic_regression,289
RQ,0.029397325843271847,1,logistic_regression,290
_NormalizedVDWVD3001,0.029211448139731807,1,logistic_regression,291
_PolarizabilityD3001,0.029211448139731807,1,logistic_regression,292
HS,0.028885567975910544,1,logistic_regression,293
NI,0.028796419397720124,1,logistic_regression,294
MY,0.028678121847798214,1,logistic_regression,295
VA,0.02843343580357703,1,logistic_regression,296
MS,0.028423768482801814,1,logistic_regression,297
MR,0.028318790777374474,1,logistic_regression,298
A,0.028238190310104196,1,logistic_regression,299
T,0.028236378537226995,1,logistic_regression,300
_HydrophobicityD3025,0.02811488877727605,1,logistic_regression,301
HQ,0.028052003852123492,1,logistic_regression,302
CE,0.02799680282049203,1,logistic_regression,303
RL,0.027381093384070364,1,logistic_regression,304
NG,0.02737008213581147,1,logistic_regression,305
FK,0.027114455685315345,1,logistic_regression,306
KI,0.026736432598147387,1,logistic_regression,307
KG,0.02670084222743893,1,logistic_regression,308
FY,0.02659596379847351,1,logistic_regression,309
PR,0.02642788855417223,1,logistic_regression,310
_ChargeD3025,0.02601308246567585,1,logistic_regression,311
NM,0.025829879694082417,1,logistic_regression,312
KM,0.02578397936783102,1,logistic_regression,313
SI,0.025619149480668454,1,logistic_regression,314
EW,0.02545657084727659,1,logistic_regression,315
QL,0.02527616438868371,1,logistic_regression,316
_SolventAccessibilityT13,0.025085930587786884,1,logistic_regression,317
LP,0.02506788164317505,1,logistic_regression,318
AM,0.024976825035125834,1,logistic_regression,319
_NormalizedVDWVD2075,0.024975830423438202,1,logistic_regression,320
LF,0.024881639187594763,1,logistic_regression,321
QA,0.024543633315197308,1,logistic_regression,322
CT,0.024450338357392565,1,logistic_regression,323
NH,0.024421711546436988,1,logistic_regression,324
_PolarizabilityD1075,0.024289549132490804,1,logistic_regression,325
RN,0.02422625625154475,1,logistic_regression,326
_SecondaryStrD2001,0.02412120226241743,1,logistic_regression,327
NC,0.0239148695487751,1,logistic_regression,328
_SecondaryStrD3075,0.02388439605520376,1,logistic_regression,329
LV,0.023671785198770102,1,logistic_regression,330
VN,0.023657479032311704,1,logistic_regression,331
KV,0.02362281926426674,1,logistic_regression,332
KH,0.023561288240322678,1,logistic_regression,333
_PolarizabilityD2100,0.023424212174861885,1,logistic_regression,334
AT,0.02331180895898533,1,logistic_regression,335
GC,0.023010683906405625,1,logistic_regression,336
RI,0.02286433646915902,1,logistic_regression,337
LQ,0.022771833600907017,1,logistic_regression,338
SA,0.022650787662040636,1,logistic_regression,339
SW,0.022471450468083916,1,logistic_regression,340
TN,0.022443306731659455,1,logistic_regression,341
CG,0.022221757229578795,1,logistic_regression,342
IV,0.021766508273665285,1,logistic_regression,343
YM,0.021686220941919254,1,logistic_regression,344
KP,0.02157021449543951,1,logistic_regression,345
GG,0.02147302937074049,1,logistic_regression,346
HA,0.021408996538235327,1,logistic_regression,347
HC,0.021198028658317512,1,logistic_regression,348
FM,0.020898598302540344,1,logistic_regression,349
CF,0.020592486224246396,1,logistic_regression,350
IC,0.02013903848437837,1,logistic_regression,351
EL,0.019994861325330186,1,logistic_regression,352
QN,0.019816135279771024,1,logistic_regression,353
DT,0.01965954993114858,1,logistic_regression,354
NQ,0.019473076944591838,1,logistic_regression,355
QC,0.019422835871169646,1,logistic_regression,356
TS,0.019392588149801722,1,logistic_regression,357
RM,0.01935643335210774,1,logistic_regression,358
_NormalizedVDWVD1050,0.01930737699754185,1,logistic_regression,359
_SolventAccessibilityD3075,0.01923018153141531,1,logistic_regression,360
NF,0.01922973504886598,1,logistic_regression,361
IH,0.01883482292794344,1,logistic_regression,362
_HydrophobicityD2001,0.01877515918754857,1,logistic_regression,363
QH,0.01875162541389019,1,logistic_regression,364
CR,0.018716577835406395,1,logistic_regression,365
RV,0.018537149832632095,1,logistic_regression,366
DW,0.018429098877530047,1,logistic_regression,367
SV,0.018394243494455252,1,logistic_regression,368
AQ,0.018391859558359955,1,logistic_regression,369
QR,0.01815602545418945,1,logistic_regression,370
FH,0.018122881756080515,1,logistic_regression,371
HL,0.018086302810989666,1,logistic_regression,372
_PolarityD1025,0.018022026541772523,1,logistic_regression,373
WG,0.017963707648286677,1,logistic_regression,374
AV,0.017884660111152906,1,logistic_regression,375
LY,0.017766591984200195,1,logistic_regression,376
RS,0.017599517153010596,1,logistic_regression,377
GR,0.017538027480428584,1,logistic_regression,378
GI,0.017339615001057372,1,logistic_regression,379
DE,0.01713445329913619,1,logistic_regression,380
RE,0.016866050326054486,1,logistic_regression,381
YK,0.016640728946688558,1,logistic_regression,382
YV,0.0166179127278015,1,logistic_regression,383
_SecondaryStrT13,0.016556104373633,1,logistic_regression,384
_HydrophobicityD2025,0.016306809548000886,1,logistic_regression,385
VT,0.01616403432831332,1,logistic_regression,386
AL,0.016059612498544963,1,logistic_regression,387
SK,0.01601036346431611,1,logistic_regression,388
_PolarizabilityC1,0.01590644782157182,1,logistic_regression,389
MI,0.01589011467032351,1,logistic_regression,390
DA,0.015785952518057745,1,logistic_regression,391
Q,0.015622510882906,1,logistic_regression,392
IY,0.015604692855445407,1,logistic_regression,393
MQ,0.015301334695332456,1,logistic_regression,394
QF,0.015174835192309435,1,logistic_regression,395
AH,0.015136863330397647,1,logistic_regression,396
TH,0.014804893330887935,1,logistic_regression,397
AF,0.014715556456385252,1,logistic_regression,398
AI,0.013887991886685637,1,logistic_regression,399
_HydrophobicityD1025,0.013827277590348117,1,logistic_regression,400
_SolventAccessibilityD2025,0.013827277590348117,1,logistic_regression,401
GH,0.013762316444819346,1,logistic_regression,402
EH,0.01365091551244891,1,logistic_regression,403
CW,0.013630247559717616,1,logistic_regression,404
RD,0.013570969628252761,1,logistic_regression,405
_NormalizedVDWVD2050,0.013436044540478002,1,logistic_regression,406
FQ,0.013425993058017109,1,logistic_regression,407
ES,0.013413071925133328,1,logistic_regression,408
CS,0.013403540075854942,1,logistic_regression,409
MT,0.0133229794183257,1,logistic_regression,410
HK,0.013121117622077318,1,logistic_regression,411
AS,0.012894961145508808,1,logistic_regression,412
GT,0.012889919380650651,1,logistic_regression,413
VG,0.012618955897788045,1,logistic_regression,414
HR,0.01254705487551027,1,logistic_regression,415
YT,0.012523871488304502,1,logistic_regression,416
_SecondaryStrT12,0.012506472886976745,1,logistic_regression,417
PQ,0.012495725707003809,1,logistic_regression,418
WC,0.012471187691053121,1,logistic_regression,419
FG,0.01213303466128036,1,logistic_regression,420
FS,0.012114415242171172,1,logistic_regression,421
FV,0.011741152834210901,1,logistic_regression,422
QP,0.011614957487396637,1,logistic_regression,423
_NormalizedVDWVD1075,0.011495793925475888,1,logistic_regression,424
TW,0.011404237078227393,1,logistic_regression,425
_PolarizabilityD3075,0.01135723518806751,1,logistic_regression,426
_NormalizedVDWVD3075,0.01135723518806751,1,logistic_regression,427
MV,0.011293439830485337,1,logistic_regression,428
_SolventAccessibilityD1100,0.011180896125468805,1,logistic_regression,429
WV,0.011155135613129207,1,logistic_regression,430
_SolventAccessibilityC3,0.010697901510608938,1,logistic_regression,431
NN,0.010682969497253092,1,logistic_regression,432
CC,0.010242361670588443,1,logistic_regression,433
LW,0.010152546003750545,1,logistic_regression,434
MC,0.009724216709508344,1,logistic_regression,435
HF,0.009714597095409994,1,logistic_regression,436
MK,0.009711307150495613,1,logistic_regression,437
_NormalizedVDWVT13,0.009662107498226288,1,logistic_regression,438
VQ,0.00965922007679773,1,logistic_regression,439
PY,0.009657508207725908,1,logistic_regression,440
FP,0.0096077593122762,1,logistic_regression,441
ME,0.009549012421336154,1,logistic_regression,442
VK,0.009515086490848803,1,logistic_regression,443
KQ,0.009507598871563201,1,logistic_regression,444
GM,0.009405893688023742,1,logistic_regression,445
TM,0.009382492037498113,1,logistic_regression,446
LM,0.009265163344065156,1,logistic_regression,447
_PolarityD3025,0.009210709400316479,1,logistic_regression,448
HY,0.009192970971393039,1,logistic_regression,449
FD,0.009155122661338826,1,logistic_regression,450
_ChargeD2075,0.00914762065516308,1,logistic_regression,451
HE,0.009074132503153207,1,logistic_regression,452
CY,0.00905111727536604,1,logistic_regression,453
_PolarityD2100,0.008936279772027482,1,logistic_regression,454
HG,0.00889317805160727,1,logistic_regression,455
_PolarityT13,0.008861356203596262,1,logistic_regression,456
AC,0.008812247776110728,1,logistic_regression,457
QT,0.008732352792406013,1,logistic_regression,458
HP,0.008704321109339582,1,logistic_regression,459
HD,0.008276401573607772,1,logistic_regression,460
WY,0.008255424150638326,1,logistic_regression,461
_SecondaryStrC2,0.007986744197805415,1,logistic_regression,462
QI,0.007897264720979536,1,logistic_regression,463
D,0.007714465793992219,1,logistic_regression,464
ND,0.007490016818617869,1,logistic_regression,465
AG,0.007469918505086488,1,logistic_regression,466
DL,0.007198641367295744,1,logistic_regression,467
YR,0.007073717720246523,1,logistic_regression,468
WS,0.0070441449848219935,1,logistic_regression,469
HT,0.007037636028706857,1,logistic_regression,470
EP,0.006873959596747541,1,logistic_regression,471
PD,0.006800390875292406,1,logistic_regression,472
_NormalizedVDWVT12,0.0067874145271773515,1,logistic_regression,473
TC,0.006770024014307581,1,logistic_regression,474
GQ,0.006690988228296435,1,logistic_regression,475
TL,0.006633199490603175,1,logistic_regression,476
TT,0.006552247076843127,1,logistic_regression,477
WD,0.006229080310927643,1,logistic_regression,478
SH,0.006168931640653088,1,logistic_regression,479
WA,0.006093514984786701,1,logistic_regression,480
QQ,0.0059960436527809365,1,logistic_regression,481
MF,0.005968905977868586,1,logistic_regression,482
_SolventAccessibilityD1025,0.005953056680086519,1,logistic_regression,483
_NormalizedVDWVD1001,0.005930276390416541,1,logistic_regression,484
RR,0.005663295545139517,1,logistic_regression,485
WP,0.0056498285638669245,1,logistic_regression,486
NK,0.005599121045805506,1,logistic_regression,487
PH,0.0055842085258684775,1,logistic_regression,488
aromaticity,0.005560904922692884,1,logistic_regression,489
HM,0.005314535547264886,1,logistic_regression,490
_PolarizabilityT12,0.0052773772724396435,1,logistic_regression,491
EN,0.00519692244208675,1,logistic_regression,492
QM,0.0050467908606084575,1,logistic_regression,493
QK,0.004945153719240027,1,logistic_regression,494
GE,0.0048137791228362835,1,logistic_regression,495
VH,0.004800343555596917,1,logistic_regression,496
NE,0.004766419544357361,1,logistic_regression,497
WE,0.004726333084062753,1,logistic_regression,498
CA,0.004697017648545509,1,logistic_regression,499
GV,0.004551371686513717,1,logistic_regression,500
HN,0.004389146910643017,1,logistic_regression,501
SM,0.004250356466810872,1,logistic_regression,502
TY,0.004240851083033285,1,logistic_regression,503
CM,0.004196183896872136,1,logistic_regression,504
AW,0.004181022811102233,1,logistic_regression,505
Y,0.004142290226737581,1,logistic_regression,506
WI,0.004141462972990563,1,logistic_regression,507
CK,0.003869824439982225,1,logistic_regression,508
VS,0.0038519634092820955,1,logistic_regression,509
DH,0.003847971945505772,1,logistic_regression,510
N,0.0035308696442406503,1,logistic_regression,511
NW,0.0034523765825726148,1,logistic_regression,512
_SolventAccessibilityD3100,0.003438878721436553,1,logistic_regression,513
FA,0.0034344980650320668,1,logistic_regression,514
PF,0.003376801605324992,1,logistic_regression,515
TP,0.003275995325978445,1,logistic_regression,516
LR,0.003196758965360429,1,logistic_regression,517
WK,0.003174719327237032,1,logistic_regression,518
IT,0.0031186413649994843,1,logistic_regression,519
DS,0.00310951597168237,1,logistic_regression,520
YQ,0.0030879602073242873,1,logistic_regression,521
WQ,0.0030878737346011066,1,logistic_regression,522
DP,0.0029133799415885205,1,logistic_regression,523
IW,0.0028820991918071816,1,logistic_regression,524
FF,0.0028037757139030596,1,logistic_regression,525
YS,0.002789378802521961,1,logistic_regression,526
DV,0.0027608505284495767,1,logistic_regression,527
FW,0.0026013949032171624,1,logistic_regression,528
VV,0.002567707528592772,1,logistic_regression,529
WF,0.0025320139944938103,1,logistic_regression,530
RC,0.002523382960516381,1,logistic_regression,531
TF,0.0025092044516145484,1,logistic_regression,532
_PolarizabilityD1001,0.00240833781289926,1,logistic_regression,533
MP,0.002379031655806688,1,logistic_regression,534
RA,0.0020496150304250586,1,logistic_regression,535
TD,0.002038277338395228,1,logistic_regression,536
FN,0.001992228154671988,1,logistic_regression,537
YL,0.0014994220387946433,1,logistic_regression,538
RW,0.0014645915422170522,1,logistic_regression,539
YH,0.0014210253249909372,1,logistic_regression,540
YN,0.0013369051409834187,1,logistic_regression,541
YY,0.0012215818668762336,1,logistic_regression,542
WT,0.0012079243868337321,1,logistic_regression,543
YW,0.0012051454652408677,1,logistic_regression,544
RY,0.001153640315945082,1,logistic_regression,545
KL,0.0011186172534475814,1,logistic_regression,546
WL,0.001048754238697902,1,logistic_regression,547
KW,0.001029726415790802,1,logistic_regression,548
WM,0.0009913884008672014,1,logistic_regression,549
YG,0.0008117147285356278,1,logistic_regression,550
TK,0.0007700490058558388,1,logistic_regression,551
SC,0.0006771921725364427,1,logistic_regression,552
NY,0.0006369512547300809,1,logistic_regression,553
AD,0.00048286158176670557,1,logistic_regression,554
PW,0.0004115367580181762,1,logistic_regression,555
MN,0.0003898582322634345,1,logistic_regression,556
VW,0.0003658843536311466,1,logistic_regression,557
MM,0.00035630093474604585,1,logistic_regression,558
FR,0.0003178378987327668,1,logistic_regression,559
SR,0.0002889742390418126,1,logistic_regression,560
IF,0.00025139135541603705,1,logistic_regression,561
IQ,0.0001523160678170541,1,logistic_regression,562
YC,0.00014792060319031552,1,logistic_regression,563
TV,0.00012845113301682403,1,logistic_regression,564
YI,0.00011012133860871177,1,logistic_regression,565
HW,0.00010400162157289199,1,logistic_regression,566
CI,9.70701975485578e-05,1,logistic_regression,567
WR,2.7311696716771342e-05,1,logistic_regression,568
WH,5.102759636396574e-18,1,logistic_regression,569
QW,1.7629225761174764e-18,1,logistic_regression,570
MW,0.0,1,logistic_regression,571
WW,0.0,1,logistic_regression,572
DF,0.013533228256749331,2,svm_rbf,1
LF,0.00772467158883313,2,svm_rbf,2
V,0.006666827660695619,2,svm_rbf,3
EY,0.005681275388688698,2,svm_rbf,4
length,0.004755572941408166,2,svm_rbf,5
QK,0.004707673565550112,2,svm_rbf,6
_ChargeD2075,0.004503288401837551,2,svm_rbf,7
H,0.004450356292509611,2,svm_rbf,8
_NormalizedVDWVC1,0.004124415187827675,2,svm_rbf,9
_SecondaryStrT12,0.004030513976217246,2,svm_rbf,10
_PolarizabilityD3100,0.00393742957081666,2,svm_rbf,11
_HydrophobicityD3050,0.0038782482681227414,2,svm_rbf,12
C,0.0038427416575766205,2,svm_rbf,13
HT,0.003648280284974712,2,svm_rbf,14
_SolventAccessibilityD2075,0.0035394277079624013,2,svm_rbf,15
QQ,0.00346359484796323,2,svm_rbf,16
_SolventAccessibilityD1075,0.003401802498341588,2,svm_rbf,17
_HydrophobicityD3075,0.003268455802156868,2,svm_rbf,18
LT,0.003222699788803579,2,svm_rbf,19
CI,0.0031564773084915136,2,svm_rbf,20
_HydrophobicityD1050,0.0030811011667177634,2,svm_rbf,21
N,0.0030286567915852923,2,svm_rbf,22
_PolarityD3001,0.00292552551178853,2,svm_rbf,23
ER,0.0027609995114838293,2,svm_rbf,24
_SecondaryStrC3,0.0026981698942053866,2,svm_rbf,25
_PolarityD3025,0.0026249132995358228,2,svm_rbf,26
MR,0.0025776580039980398,2,svm_rbf,27
DS,0.0025580089649470204,2,svm_rbf,28
_HydrophobicityD2100,0.002495090145091339,2,svm_rbf,29
Q,0.002478894242314343,2,svm_rbf,30
SH,0.0024683536966073434,2,svm_rbf,31
_PolarityD3050,0.002453248669921076,2,svm_rbf,32
_PolarityC2,0.002425723509995007,2,svm_rbf,33
A,0.002422797147906276,2,svm_rbf,34
PQ,0.002388082546272047,2,svm_rbf,35
S,0.0022952640479317627,2,svm_rbf,36
_NormalizedVDWVC3,0.0022329981623858174,2,svm_rbf,37
GF,0.0022165967526665688,2,svm_rbf,38
AD,0.0022161903511015582,2,svm_rbf,39
FT,0.0021011338481098595,2,svm_rbf,40
CL,0.0020973899511612646,2,svm_rbf,41
_NormalizedVDWVT13,0.0020688789879319443,2,svm_rbf,42
GG,0.0020361629662684158,2,svm_rbf,43
EH,0.0019956203297739417,2,svm_rbf,44
RV,0.001983067311855774,2,svm_rbf,45
GH,0.0019488710324678806,2,svm_rbf,46
_ChargeC1,0.0019210294550399858,2,svm_rbf,47
DG,0.0019115549012133986,2,svm_rbf,48
CP,0.0018942652066443206,2,svm_rbf,49
DR,0.0018885180756517085,2,svm_rbf,50
instability,0.001877161565976701,2,svm_rbf,51
SV,0.0018314734718244642,2,svm_rbf,52
_PolarityD2001,0.0017762422133009248,2,svm_rbf,53
QI,0.0017700541081105941,2,svm_rbf,54
YN,0.0017600539822952791,2,svm_rbf,55
CA,0.0017562474173543289,2,svm_rbf,56
KK,0.0017559362572168052,2,svm_rbf,57
IP,0.001743845592133568,2,svm_rbf,58
VF,0.001731729729416791,2,svm_rbf,59
_PolarizabilityD3001,0.001684873803703052,2,svm_rbf,60
_HydrophobicityT12,0.0016776090645174461,2,svm_rbf,61
CH,0.0016525988553407348,2,svm_rbf,62
NL,0.0016494434627476167,2,svm_rbf,63
DI,0.001649247445539005,2,svm_rbf,64
CC,0.0016184083521956223,2,svm_rbf,65
HC,0.001607480920368888,2,svm_rbf,66
_SecondaryStrD3025,0.0015963613005362247,2,svm_rbf,67
QN,0.0015538736655617822,2,svm_rbf,68
MS,0.0015068505856120225,2,svm_rbf,69
QG,0.0014665358083992136,2,svm_rbf,70
YG,0.0014516517984748984,2,svm_rbf,71
_ChargeC2,0.0014296880263060974,2,svm_rbf,72
HV,0.0014073664871832644,2,svm_rbf,73
VQ,0.0013673450210735074,2,svm_rbf,74
YV,0.0013278102788092847,2,svm_rbf,75
R,0.0012895508418775295,2,svm_rbf,76
GE,0.0012689233641565434,2,svm_rbf,77
DM,0.001261480012605351,2,svm_rbf,78
_PolarizabilityD2075,0.0012558930137812853,2,svm_rbf,79
mw,0.0012466105453410954,2,svm_rbf,80
LI,0.0012293737245114083,2,svm_rbf,81
E,0.0012086288842373281,2,svm_rbf,82
CT,0.0012066895548928183,2,svm_rbf,83
_PolarityD2075,0.00118152115968036,2,svm_rbf,84
_SecondaryStrD1001,0.0011630822054265297,2,svm_rbf,85
K,0.0011410349937482382,2,svm_rbf,86
_SecondaryStrD3001,0.0011323351400405355,2,svm_rbf,87
QV,0.0011246536157745908,2,svm_rbf,88
_PolarityT13,0.0011110599530691479,2,svm_rbf,89
_HydrophobicityT13,0.001105616801444593,2,svm_rbf,90
RE,0.001091396323732894,2,svm_rbf,91
RK,0.0010906224916216874,2,svm_rbf,92
FD,0.0010498991577404073,2,svm_rbf,93
SY,0.0010083521897854125,2,svm_rbf,94
_PolarizabilityD1050,0.0009757607592926783,2,svm_rbf,95
_HydrophobicityD3001,0.0009447917092409575,2,svm_rbf,96
IF,0.000939906074216318,2,svm_rbf,97
VP,0.0009388845160814882,2,svm_rbf,98
LQ,0.0009216414517053573,2,svm_rbf,99
_NormalizedVDWVT23,0.0008952073213391676,2,svm_rbf,100
GT,0.0008942599508871333,2,svm_rbf,101
_PolarizabilityC1,0.0008805260246532388,2,svm_rbf,102
TT,0.0008764456902511998,2,svm_rbf,103
WD,0.0008717558912185456,2,svm_rbf,104
VW,0.0008700345844178189,2,svm_rbf,105
_ChargeD1075,0.0008508999284802115,2,svm_rbf,106
SL,0.0008322741844211126,2,svm_rbf,107
pI,0.0008276657715826173,2,svm_rbf,108
_SolventAccessibilityD1100,0.0008246266430461679,2,svm_rbf,109
FG,0.0008072577645446788,2,svm_rbf,110
FY,0.000801052052772181,2,svm_rbf,111
EG,0.0008008432663001455,2,svm_rbf,112
_NormalizedVDWVD3075,0.0008007087465006168,2,svm_rbf,113
YR,0.0007932365161084057,2,svm_rbf,114
AG,0.0007878857278678983,2,svm_rbf,115
DP,0.0007874286909593974,2,svm_rbf,116
VA,0.0007706829767134434,2,svm_rbf,117
_ChargeD3075,0.0007418508648853064,2,svm_rbf,118
ID,0.0007362416300603934,2,svm_rbf,119
TE,0.0007314825903549515,2,svm_rbf,120
RM,0.0007301042551349498,2,svm_rbf,121
ET,0.0007271576443850622,2,svm_rbf,122
_SolventAccessibilityD1025,0.0007196313441253002,2,svm_rbf,123
EP,0.000712088317184511,2,svm_rbf,124
_SolventAccessibilityD1050,0.0007084355806466264,2,svm_rbf,125
CE,0.0007071981880980374,2,svm_rbf,126
WI,0.0007043394520143968,2,svm_rbf,127
FC,0.0006965575200695351,2,svm_rbf,128
_PolarizabilityT13,0.0006869292881944795,2,svm_rbf,129
YP,0.000683442443542941,2,svm_rbf,130
IN,0.0006773555360624991,2,svm_rbf,131
F,0.0006676962797877005,2,svm_rbf,132
AK,0.000662850141669726,2,svm_rbf,133
_SecondaryStrD2025,0.0006563769239774281,2,svm_rbf,134
_PolarityT12,0.0006554453190766267,2,svm_rbf,135
_HydrophobicityC2,0.0006435514676818706,2,svm_rbf,136
_ChargeD1001,0.0006310371321907696,2,svm_rbf,137
GD,0.0006306315424516678,2,svm_rbf,138
_HydrophobicityC3,0.0006219303704245341,2,svm_rbf,139
SP,0.0006212960825622564,2,svm_rbf,140
_NormalizedVDWVC2,0.0006159073098133167,2,svm_rbf,141
HL,0.0006131318866597692,2,svm_rbf,142
PM,0.0006083078131176444,2,svm_rbf,143
_HydrophobicityT23,0.0006070781595299269,2,svm_rbf,144
EF,0.0006058086781310719,2,svm_rbf,145
_ChargeD2025,0.0006045953905410592,2,svm_rbf,146
SA,0.0006036623208424002,2,svm_rbf,147
NP,0.0005977122758773413,2,svm_rbf,148
WT,0.0005912899455287933,2,svm_rbf,149
AM,0.0005816219688005837,2,svm_rbf,150
_SecondaryStrD1100,0.0005719076810307118,2,svm_rbf,151
ES,0.0005564526430782829,2,svm_rbf,152
_SolventAccessibilityD3100,0.0005444454249527071,2,svm_rbf,153
RR,0.000542744816262601,2,svm_rbf,154
_NormalizedVDWVD2050,0.0005410166634942426,2,svm_rbf,155
FK,0.00053781144032735,2,svm_rbf,156
LE,0.0005336119540046353,2,svm_rbf,157
_PolarityD1100,0.0005290669471643802,2,svm_rbf,158
QY,0.0005235997897347043,2,svm_rbf,159
DC,0.0005226829674845556,2,svm_rbf,160
AW,0.00051408271911219,2,svm_rbf,161
VD,0.0005108977282406099,2,svm_rbf,162
FP,0.0005098688607888306,2,svm_rbf,163
QF,0.0005037977040936915,2,svm_rbf,164
CN,0.0005034469670131606,2,svm_rbf,165
_ChargeT12,0.0005032311947968615,2,svm_rbf,166
_SolventAccessibilityC1,0.0005027414782618787,2,svm_rbf,167
AY,0.0004959423980184927,2,svm_rbf,168
_PolarizabilityD2001,0.000494423587408789,2,svm_rbf,169
DK,0.0004885584014059131,2,svm_rbf,170
KY,0.00048776035794734473,2,svm_rbf,171
HG,0.00048131868051761297,2,svm_rbf,172
_NormalizedVDWVD2075,0.00048087627677341683,2,svm_rbf,173
MH,0.0004728503865335255,2,svm_rbf,174
HI,0.0004659114860481589,2,svm_rbf,175
SR,0.0004653631627938308,2,svm_rbf,176
MK,0.0004643999432030836,2,svm_rbf,177
TS,0.00045819289371955426,2,svm_rbf,178
YE,0.00045678705807407973,2,svm_rbf,179
_PolarizabilityD1025,0.00045657804748303505,2,svm_rbf,180
TK,0.00045648816024275777,2,svm_rbf,181
_ChargeD3050,0.0004558572929806467,2,svm_rbf,182
_ChargeD3025,0.00044410375407452255,2,svm_rbf,183
aromaticity,0.000442291617756029,2,svm_rbf,184
_PolarityD3075,0.000439479048443271,2,svm_rbf,185
IY,0.0004384752985832441,2,svm_rbf,186
AN,0.00043750718013192843,2,svm_rbf,187
FM,0.00043750718013192843,2,svm_rbf,188
_SolventAccessibilityT23,0.0004366455675875625,2,svm_rbf,189
WL,0.00043514663227253486,2,svm_rbf,190
VY,0.0004251864593284438,2,svm_rbf,191
AS,0.0004250558939129335,2,svm_rbf,192
MG,0.0004229958193240373,2,svm_rbf,193
_SecondaryStrD1025,0.00042274399796141603,2,svm_rbf,194
VG,0.00041734958157608006,2,svm_rbf,195
HM,0.0004166095016629203,2,svm_rbf,196
NC,0.0004164225855603622,2,svm_rbf,197
GP,0.00041118544685530054,2,svm_rbf,198
FW,0.0004055076254945184,2,svm_rbf,199
ST,0.0004032250839553592,2,svm_rbf,200
PC,0.00039830380126810295,2,svm_rbf,201
_PolarityT23,0.00039579730189901163,2,svm_rbf,202
_PolarityD3100,0.00039512426025348733,2,svm_rbf,203
PI,0.00038542021041578916,2,svm_rbf,204
KG,0.0003833818059903892,2,svm_rbf,205
VR,0.00037996925871392297,2,svm_rbf,206
TP,0.0003774664203609764,2,svm_rbf,207
_PolarizabilityT12,0.00037744802658947336,2,svm_rbf,208
IK,0.0003769266100735134,2,svm_rbf,209
RS,0.000375886102855975,2,svm_rbf,210
NG,0.0003755408324278075,2,svm_rbf,211
_HydrophobicityD2075,0.00037337326001392383,2,svm_rbf,212
_NormalizedVDWVD2001,0.00037247317473623607,2,svm_rbf,213
_SecondaryStrD3100,0.0003709744033079228,2,svm_rbf,214
NA,0.0003676920379786216,2,svm_rbf,215
PN,0.000365094797128971,2,svm_rbf,216
P,0.00036372448118401457,2,svm_rbf,217
LV,0.00035905272099177724,2,svm_rbf,218
_SolventAccessibilityD3001,0.000351467264505149,2,svm_rbf,219
NH,0.0003505809356331733,2,svm_rbf,220
_HydrophobicityD2025,0.0003471861294133418,2,svm_rbf,221
_SecondaryStrD2001,0.00034707444032555906,2,svm_rbf,222
SG,0.00034689734320142023,2,svm_rbf,223
QE,0.0003430355555499631,2,svm_rbf,224
PK,0.00033933158019956353,2,svm_rbf,225
EL,0.0003385487983492135,2,svm_rbf,226
RY,0.0003383072114875111,2,svm_rbf,227
WP,0.000337461764970603,2,svm_rbf,228
RL,0.0003371741072612276,2,svm_rbf,229
W,0.0003362511071099754,2,svm_rbf,230
I,0.00033177267616455483,2,svm_rbf,231
YL,0.0003287968578656955,2,svm_rbf,232
PA,0.00032772845599591025,2,svm_rbf,233
NW,0.0003263184553075216,2,svm_rbf,234
_PolarityD1001,0.00031883821539388486,2,svm_rbf,235
HS,0.00031700901856048007,2,svm_rbf,236
TY,0.0003141630371913097,2,svm_rbf,237
_PolarizabilityD3025,0.0003130829573087311,2,svm_rbf,238
_ChargeT13,0.0003092565990078897,2,svm_rbf,239
ND,0.0003088883080571774,2,svm_rbf,240
WK,0.00030422619027104094,2,svm_rbf,241
_ChargeD3001,0.00030353454191162213,2,svm_rbf,242
YT,0.0003022547045051935,2,svm_rbf,243
TN,0.0003012681396492093,2,svm_rbf,244
SE,0.00030034475065718265,2,svm_rbf,245
SN,0.00030020561140398625,2,svm_rbf,246
SF,0.00029971813824303207,2,svm_rbf,247
SQ,0.00029829255202605174,2,svm_rbf,248
_NormalizedVDWVT12,0.00029803981011506194,2,svm_rbf,249
LM,0.00029571548722066154,2,svm_rbf,250
PW,0.0002939812097476844,2,svm_rbf,251
CF,0.0002936774551478336,2,svm_rbf,252
_SecondaryStrD3050,0.00028829846864209126,2,svm_rbf,253
_NormalizedVDWVD3100,0.00028791499589531024,2,svm_rbf,254
_PolarityD2025,0.00028183880787919537,2,svm_rbf,255
VV,0.00028105485835025723,2,svm_rbf,256
EI,0.00028050161504109694,2,svm_rbf,257
LC,0.0002794661574881762,2,svm_rbf,258
_HydrophobicityD1075,0.00027543267048096165,2,svm_rbf,259
PP,0.0002741180475428604,2,svm_rbf,260
TR,0.0002729614270604471,2,svm_rbf,261
AH,0.00027197372956577705,2,svm_rbf,262
DY,0.00026962234918775533,2,svm_rbf,263
II,0.0002687765864607376,2,svm_rbf,264
AV,0.0002656619483069692,2,svm_rbf,265
_PolarizabilityD2100,0.0002623103765543475,2,svm_rbf,266
CQ,0.0002601261743431161,2,svm_rbf,267
MI,0.0002592416893674448,2,svm_rbf,268
AT,0.0002559326094817283,2,svm_rbf,269
MC,0.0002456589253707126,2,svm_rbf,270
_NormalizedVDWVD1100,0.0002442849983221002,2,svm_rbf,271
TI,0.0002435199418209901,2,svm_rbf,272
_SolventAccessibilityD2001,0.000242787201729227,2,svm_rbf,273
NI,0.0002366209767012962,2,svm_rbf,274
RI,0.0002312420785354151,2,svm_rbf,275
_ChargeD1050,0.0002281937512265965,2,svm_rbf,276
MT,0.00022371510139796897,2,svm_rbf,277
_NormalizedVDWVD2025,0.00022047482131567806,2,svm_rbf,278
IH,0.00021996251597684792,2,svm_rbf,279
IR,0.00021602705911507225,2,svm_rbf,280
WA,0.0002156147706258953,2,svm_rbf,281
PV,0.00021240337056151106,2,svm_rbf,282
IW,0.00020953818115528408,2,svm_rbf,283
DE,0.00020772120168263477,2,svm_rbf,284
T,0.00020699280374383386,2,svm_rbf,285
_SolventAccessibilityD2050,0.00020666913302565037,2,svm_rbf,286
EQ,0.00020488840373006877,2,svm_rbf,287
CG,0.00020366021578963574,2,svm_rbf,288
DD,0.00020365806172537254,2,svm_rbf,289
KS,0.000203232482361389,2,svm_rbf,290
DH,0.00019988849945969735,2,svm_rbf,291
_PolarizabilityD2050,0.00019692357285278615,2,svm_rbf,292
IA,0.0001968250419181819,2,svm_rbf,293
_HydrophobicityD2001,0.00019422197185742617,2,svm_rbf,294
HN,0.00019394256911907937,2,svm_rbf,295
AI,0.00019239481504775127,2,svm_rbf,296
SI,0.000192215722369245,2,svm_rbf,297
_PolarizabilityC3,0.00019200313344554771,2,svm_rbf,298
SK,0.00019131340061258602,2,svm_rbf,299
CM,0.00019065897983357494,2,svm_rbf,300
TF,0.00018984773183804897,2,svm_rbf,301
EE,0.00018434119852703322,2,svm_rbf,302
_SecondaryStrD2075,0.00018430453355893926,2,svm_rbf,303
SD,0.00018191112462750958,2,svm_rbf,304
LA,0.0001818074089413807,2,svm_rbf,305
_ChargeC3,0.00018009272580956945,2,svm_rbf,306
RP,0.0001779532422100979,2,svm_rbf,307
_SecondaryStrD2100,0.0001760868525826987,2,svm_rbf,308
QW,0.0001755955605979209,2,svm_rbf,309
_HydrophobicityD1100,0.00017356113523269296,2,svm_rbf,310
AL,0.00017005722913035294,2,svm_rbf,311
PY,0.00016943111944486258,2,svm_rbf,312
_ChargeT23,0.00016732357784992078,2,svm_rbf,313
FI,0.0001671776243797876,2,svm_rbf,314
SS,0.0001664906030855364,2,svm_rbf,315
TA,0.00016512428129550748,2,svm_rbf,316
_SecondaryStrT13,0.00016259740220270373,2,svm_rbf,317
GA,0.0001624182363081945,2,svm_rbf,318
_SecondaryStrD2050,0.00016181448940545123,2,svm_rbf,319
MP,0.00016178337320340457,2,svm_rbf,320
_PolarizabilityD1075,0.00015936120995463623,2,svm_rbf,321
IL,0.00015829060255355344,2,svm_rbf,322
WG,0.00015739703307679674,2,svm_rbf,323
L,0.0001570267508391505,2,svm_rbf,324
_HydrophobicityD1025,0.00015611068279476896,2,svm_rbf,325
QA,0.0001549146598773145,2,svm_rbf,326
QP,0.00015388106424026155,2,svm_rbf,327
KW,0.00015280960958591534,2,svm_rbf,328
_NormalizedVDWVD1001,0.0001525049676423686,2,svm_rbf,329
GR,0.00015202989345592646,2,svm_rbf,330
NM,0.00015174493552877268,2,svm_rbf,331
IM,0.0001503302928754054,2,svm_rbf,332
YS,0.00014899989646293077,2,svm_rbf,333
HP,0.00014462046619664973,2,svm_rbf,334
NY,0.00014207461575276042,2,svm_rbf,335
_HydrophobicityD1001,0.00014104359284053847,2,svm_rbf,336
IQ,0.00014026316672967692,2,svm_rbf,337
NQ,0.00013894020444364414,2,svm_rbf,338
KL,0.00013714359919560735,2,svm_rbf,339
IS,0.00013654005285681427,2,svm_rbf,340
GM,0.0001362718391483342,2,svm_rbf,341
KF,0.00013487920972816612,2,svm_rbf,342
EA,0.00013391634250288777,2,svm_rbf,343
RC,0.00013375314210031577,2,svm_rbf,344
NF,0.00013352040956165733,2,svm_rbf,345
FR,0.0001322453931729999,2,svm_rbf,346
_SolventAccessibilityT13,0.00013188251586846524,2,svm_rbf,347
GY,0.0001317529781239206,2,svm_rbf,348
RT,0.00013104422176285399,2,svm_rbf,349
_PolarityC3,0.00013053827422367236,2,svm_rbf,350
HE,0.00012894949051036678,2,svm_rbf,351
AP,0.00012878414821651898,2,svm_rbf,352
Y,0.00012871381298361494,2,svm_rbf,353
CR,0.00012672849339391475,2,svm_rbf,354
YK,0.00012446388114917923,2,svm_rbf,355
QT,0.00012380193741073038,2,svm_rbf,356
KC,0.00012244395209994578,2,svm_rbf,357
KE,0.00012234408693970403,2,svm_rbf,358
KN,0.00012030530838905538,2,svm_rbf,359
PE,0.0001201169462511273,2,svm_rbf,360
GQ,0.00011233836661135032,2,svm_rbf,361
ME,0.00011039943390928614,2,svm_rbf,362
_ChargeD1025,0.00010970783781201464,2,svm_rbf,363
TD,0.00010856316985613575,2,svm_rbf,364
KQ,0.00010612872166210361,2,svm_rbf,365
HW,0.00010197670027328573,2,svm_rbf,366
QD,9.724244988689525e-05,2,svm_rbf,367
KI,9.594574462407605e-05,2,svm_rbf,368
GI,9.161472895179975e-05,2,svm_rbf,369
_SolventAccessibilityD3075,8.561502031319907e-05,2,svm_rbf,370
HQ,8.233301854395875e-05,2,svm_rbf,371
GS,8.21131245367982e-05,2,svm_rbf,372
_PolarizabilityD3050,7.993433358576024e-05,2,svm_rbf,373
RN,7.918348976124139e-05,2,svm_rbf,374
_PolarizabilityD1100,7.886420174169443e-05,2,svm_rbf,375
_SecondaryStrC2,7.81412214691779e-05,2,svm_rbf,376
MQ,7.78248053273716e-05,2,svm_rbf,377
AA,7.718442260393588e-05,2,svm_rbf,378
_PolarizabilityD1001,7.706865464493864e-05,2,svm_rbf,379
CY,7.669253271950351e-05,2,svm_rbf,380
CK,7.653856764656073e-05,2,svm_rbf,381
AE,7.47231207211497e-05,2,svm_rbf,382
MY,7.223825904002681e-05,2,svm_rbf,383
AR,7.091944999772112e-05,2,svm_rbf,384
_NormalizedVDWVD2100,7.003110191342514e-05,2,svm_rbf,385
TV,6.855812961899394e-05,2,svm_rbf,386
EN,6.84086260077434e-05,2,svm_rbf,387
TQ,6.688487820231514e-05,2,svm_rbf,388
_SecondaryStrD1050,6.320022243896357e-05,2,svm_rbf,389
LY,6.173880607411959e-05,2,svm_rbf,390
MA,6.150321787191083e-05,2,svm_rbf,391
WS,6.111975892738118e-05,2,svm_rbf,392
NV,6.0020819640488197e-05,2,svm_rbf,393
KV,5.790828461364854e-05,2,svm_rbf,394
M,5.6904706837968476e-05,2,svm_rbf,395
YI,5.496009644868202e-05,2,svm_rbf,396
_NormalizedVDWVD3001,5.3091574917707195e-05,2,svm_rbf,397
DA,5.258455440843607e-05,2,svm_rbf,398
_ChargeD2100,5.1652196573492285e-05,2,svm_rbf,399
SC,5.111527338835821e-05,2,svm_rbf,400
QH,5.011520495606425e-05,2,svm_rbf,401
KR,4.77297400169238e-05,2,svm_rbf,402
DL,4.72683457270678e-05,2,svm_rbf,403
_PolarityD1025,4.655011061577102e-05,2,svm_rbf,404
VL,4.2637818393983026e-05,2,svm_rbf,405
YD,4.091426166384415e-05,2,svm_rbf,406
VE,4.091230995579554e-05,2,svm_rbf,407
IV,4.0408220357744764e-05,2,svm_rbf,408
DW,3.939312996821431e-05,2,svm_rbf,409
LH,3.920465988293813e-05,2,svm_rbf,410
FQ,3.787549883483718e-05,2,svm_rbf,411
GK,3.769239399758877e-05,2,svm_rbf,412
_SecondaryStrT23,3.738927585652181e-05,2,svm_rbf,413
AQ,3.686849661244014e-05,2,svm_rbf,414
NR,3.459484171548585e-05,2,svm_rbf,415
LL,3.377335078504508e-05,2,svm_rbf,416
KM,3.19752554008664e-05,2,svm_rbf,417
KP,3.153650750127885e-05,2,svm_rbf,418
NK,3.119015889393579e-05,2,svm_rbf,419
QL,2.8488154458163767e-05,2,svm_rbf,420
WE,2.8219127097834107e-05,2,svm_rbf,421
ML,2.8190156959990096e-05,2,svm_rbf,422
GL,2.357700181264826e-05,2,svm_rbf,423
ED,2.234071650459278e-05,2,svm_rbf,424
_SolventAccessibilityD2100,2.150516853795441e-05,2,svm_rbf,425
DQ,2.011828496933364e-05,2,svm_rbf,426
KD,1.8978375118462338e-05,2,svm_rbf,427
HR,1.7953663093337897e-05,2,svm_rbf,428
RD,1.648518177310368e-05,2,svm_rbf,429
G,1.3549612632089703e-05,2,svm_rbf,430
PL,1.173801926941741e-05,2,svm_rbf,431
_NormalizedVDWVD3050,1.1297305955232612e-05,2,svm_rbf,432
CD,1.1157884214203767e-05,2,svm_rbf,433
IG,1.0173447477896855e-05,2,svm_rbf,434
KT,9.56857567460304e-06,2,svm_rbf,435
_SolventAccessibilityD1001,9.535118435473273e-06,2,svm_rbf,436
_HydrophobicityC1,6.017921333477166e-06,2,svm_rbf,437
_PolarityD1075,5.859024956136557e-06,2,svm_rbf,438
_SolventAccessibilityD3025,5.568298722566581e-06,2,svm_rbf,439
FV,5.352232429446658e-06,2,svm_rbf,440
FA,2.728741462819062e-06,2,svm_rbf,441
D,2.2723596805745178e-06,2,svm_rbf,442
FN,1.1598361092396425e-06,2,svm_rbf,443
_NormalizedVDWVD1075,6.853507544184527e-07,2,svm_rbf,444
_SolventAccessibilityD2025,6.783676995044471e-07,2,svm_rbf,445
_PolarizabilityC2,0.0,2,svm_rbf,446
YW,0.0,2,svm_rbf,447
_SecondaryStrD1075,0.0,2,svm_rbf,448
YM,0.0,2,svm_rbf,449
_SecondaryStrD3075,0.0,2,svm_rbf,450
_ChargeD2001,0.0,2,svm_rbf,451
_ChargeD3100,0.0,2,svm_rbf,452
YQ,0.0,2,svm_rbf,453
_SolventAccessibilityC2,0.0,2,svm_rbf,454
TG,0.0,2,svm_rbf,455
TH,0.0,2,svm_rbf,456
_ChargeD1100,0.0,2,svm_rbf,457
TM,0.0,2,svm_rbf,458
TL,0.0,2,svm_rbf,459
_ChargeD2050,0.0,2,svm_rbf,460
WH,0.0,2,svm_rbf,461
YA,0.0,2,svm_rbf,462
YH,0.0,2,svm_rbf,463
_SolventAccessibilityC3,0.0,2,svm_rbf,464
_SolventAccessibilityT12,0.0,2,svm_rbf,465
WF,0.0,2,svm_rbf,466
WC,0.0,2,svm_rbf,467
WM,0.0,2,svm_rbf,468
_PolarizabilityD2025,0.0,2,svm_rbf,469
VT,0.0,2,svm_rbf,470
VS,0.0,2,svm_rbf,471
WN,0.0,2,svm_rbf,472
_PolarizabilityD3075,0.0,2,svm_rbf,473
VN,0.0,2,svm_rbf,474
VM,0.0,2,svm_rbf,475
_PolarityC1,0.0,2,svm_rbf,476
WQ,0.0,2,svm_rbf,477
WR,0.0,2,svm_rbf,478
VK,0.0,2,svm_rbf,479
VI,0.0,2,svm_rbf,480
VH,0.0,2,svm_rbf,481
WV,0.0,2,svm_rbf,482
WW,0.0,2,svm_rbf,483
WY,0.0,2,svm_rbf,484
_PolarizabilityT23,0.0,2,svm_rbf,485
VC,0.0,2,svm_rbf,486
YC,0.0,2,svm_rbf,487
_SolventAccessibilityD3050,0.0,2,svm_rbf,488
_SecondaryStrC1,0.0,2,svm_rbf,489
TW,0.0,2,svm_rbf,490
YF,0.0,2,svm_rbf,491
TC,0.0,2,svm_rbf,492
CW,0.0,2,svm_rbf,493
_PolarityD1050,0.0,2,svm_rbf,494
NE,0.0,2,svm_rbf,495
GW,0.0,2,svm_rbf,496
MM,0.0,2,svm_rbf,497
MN,0.0,2,svm_rbf,498
GV,0.0,2,svm_rbf,499
GN,0.0,2,svm_rbf,500
MV,0.0,2,svm_rbf,501
MW,0.0,2,svm_rbf,502
GC,0.0,2,svm_rbf,503
HD,0.0,2,svm_rbf,504
FS,0.0,2,svm_rbf,505
NN,0.0,2,svm_rbf,506
NS,0.0,2,svm_rbf,507
NT,0.0,2,svm_rbf,508
FL,0.0,2,svm_rbf,509
PD,0.0,2,svm_rbf,510
PF,0.0,2,svm_rbf,511
HA,0.0,2,svm_rbf,512
MF,0.0,2,svm_rbf,513
PH,0.0,2,svm_rbf,514
LK,0.0,2,svm_rbf,515
KA,0.0,2,svm_rbf,516
KH,0.0,2,svm_rbf,517
IE,0.0,2,svm_rbf,518
IC,0.0,2,svm_rbf,519
HY,0.0,2,svm_rbf,520
LD,0.0,2,svm_rbf,521
LG,0.0,2,svm_rbf,522
LN,0.0,2,svm_rbf,523
MD,0.0,2,svm_rbf,524
LP,0.0,2,svm_rbf,525
HK,0.0,2,svm_rbf,526
LR,0.0,2,svm_rbf,527
LS,0.0,2,svm_rbf,528
HH,0.0,2,svm_rbf,529
HF,0.0,2,svm_rbf,530
LW,0.0,2,svm_rbf,531
PG,0.0,2,svm_rbf,532
FH,0.0,2,svm_rbf,533
SW,0.0,2,svm_rbf,534
_HydrophobicityD3100,0.0,2,svm_rbf,535
RG,0.0,2,svm_rbf,536
RH,0.0,2,svm_rbf,537
CS,0.0,2,svm_rbf,538
RQ,0.0,2,svm_rbf,539
AF,0.0,2,svm_rbf,540
RW,0.0,2,svm_rbf,541
AC,0.0,2,svm_rbf,542
_HydrophobicityD3025,0.0,2,svm_rbf,543
CV,0.0,2,svm_rbf,544
_HydrophobicityD2050,0.0,2,svm_rbf,545
_NormalizedVDWVD3025,0.0,2,svm_rbf,546
SM,0.0,2,svm_rbf,547
_NormalizedVDWVD1050,0.0,2,svm_rbf,548
_NormalizedVDWVD1025,0.0,2,svm_rbf,549
_PolarityD2100,0.0,2,svm_rbf,550
_PolarityD2050,0.0,2,svm_rbf,551
RF,0.0,2,svm_rbf,552
RA,0.0,2,svm_rbf,553
FF,0.0,2,svm_rbf,554
EK,0.0,2,svm_rbf,555
FE,0.0,2,svm_rbf,556
EW,0.0,2,svm_rbf,557
EV,0.0,2,svm_rbf,558
PR,0.0,2,svm_rbf,559
PS,0.0,2,svm_rbf,560
PT,0.0,2,svm_rbf,561
EM,0.0,2,svm_rbf,562
QC,0.0,2,svm_rbf,563
IT,0.0,2,svm_rbf,564
EC,0.0,2,svm_rbf,565
DV,0.0,2,svm_rbf,566
DT,0.0,2,svm_rbf,567
QM,0.0,2,svm_rbf,568
DN,0.0,2,svm_rbf,569
QR,0.0,2,svm_rbf,570
QS,0.0,2,svm_rbf,571
YY,0.0,2,svm_rbf,572
_ChargeC3,0.018729526310117834,3,random_forest,1
pI,0.016283410404111288,3,random_forest,2
P,0.01610959183830919,3,random_forest,3
_SecondaryStrC3,0.01395653860868975,3,random_forest,4
_ChargeT23,0.013790976558139625,3,random_forest,5
length,0.01328117066735856,3,random_forest,6
DF,0.011634218736924091,3,random_forest,7
E,0.010981222061603351,3,random_forest,8
_HydrophobicityT12,0.009905433297275152,3,random_forest,9
EY,0.009177367995877152,3,random_forest,10
PE,0.008814431477887292,3,random_forest,11
_HydrophobicityC3,0.008703266866238419,3,random_forest,12
K,0.007830296755395788,3,random_forest,13
_NormalizedVDWVC3,0.0070057691870940245,3,random_forest,14
instability,0.006955854361570704,3,random_forest,15
_SecondaryStrD1100,0.006835419590199097,3,random_forest,16
IP,0.006691967366566045,3,random_forest,17
_PolarizabilityT13,0.0065306684325500885,3,random_forest,18
_ChargeD2001,0.006237019258340425,3,random_forest,19
_ChargeT13,0.006185849280331881,3,random_forest,20
EE,0.005880342339171968,3,random_forest,21
_PolarizabilityC3,0.005717768253060104,3,random_forest,22
_SecondaryStrD3001,0.0057048532318005,3,random_forest,23
_ChargeC1,0.005500558867747359,3,random_forest,24
FE,0.005374843767933358,3,random_forest,25
_NormalizedVDWVD2001,0.005102784438939089,3,random_forest,26
GD,0.005015419186346039,3,random_forest,27
mw,0.004876584037886584,3,random_forest,28
_PolarityT23,0.004798031312921083,3,random_forest,29
_NormalizedVDWVC1,0.004478262676851127,3,random_forest,30
_PolarizabilityD2075,0.004216867357666714,3,random_forest,31
_NormalizedVDWVD1001,0.004211465637275283,3,random_forest,32
_PolarizabilityD1001,0.004057234400611647,3,random_forest,33
_PolarizabilityD2100,0.004046870674788293,3,random_forest,34
_SecondaryStrC1,0.004005060213225939,3,random_forest,35
D,0.003968594446546112,3,random_forest,36
_SecondaryStrD1075,0.0038718364111099846,3,random_forest,37
L,0.003781401028308583,3,random_forest,38
V,0.0037423427181141307,3,random_forest,39
_PolarizabilityD2001,0.0037190848144897436,3,random_forest,40
_PolarityC1,0.0036834264482947226,3,random_forest,41
M,0.0036031636517899128,3,random_forest,42
_SolventAccessibilityD1001,0.0034199901515345387,3,random_forest,43
_PolarizabilityD2025,0.003410055800346865,3,random_forest,44
_HydrophobicityD1100,0.0031654178625630815,3,random_forest,45
_SolventAccessibilityT23,0.003123887613750194,3,random_forest,46
DE,0.0029754047673225636,3,random_forest,47
_SolventAccessibilityC1,0.002967471432474969,3,random_forest,48
_PolarityT12,0.0028483751584351376,3,random_forest,49
_ChargeD3100,0.002647167945087968,3,random_forest,50
ED,0.002615793515331275,3,random_forest,51
PR,0.0026002653562449433,3,random_forest,52
_SolventAccessibilityD3050,0.002579997891225116,3,random_forest,53
_SolventAccessibilityD2075,0.0025434508807137836,3,random_forest,54
_PolarityD2001,0.0025157070829899763,3,random_forest,55
_ChargeD3025,0.0025103807108254467,3,random_forest,56
_HydrophobicityD1075,0.0024497712486019076,3,random_forest,57
_ChargeD3075,0.0024367871872191522,3,random_forest,58
_PolarizabilityD2050,0.00242364017426422,3,random_forest,59
_HydrophobicityD3100,0.0024124324845414984,3,random_forest,60
_ChargeC2,0.0023823366404382307,3,random_forest,61
_HydrophobicityD2001,0.002361284412777567,3,random_forest,62
_HydrophobicityT23,0.002309614938460122,3,random_forest,63
S,0.0023082097406765464,3,random_forest,64
_SecondaryStrT23,0.0021590636020809,3,random_forest,65
_HydrophobicityD3025,0.0021477000253863525,3,random_forest,66
_SecondaryStrD1001,0.0021190568002920603,3,random_forest,67
_PolarizabilityD3025,0.002113039997009074,3,random_forest,68
_ChargeT12,0.0020116487812161014,3,random_forest,69
_PolarityD3075,0.001997434644100699,3,random_forest,70
_NormalizedVDWVD2100,0.001978622488304051,3,random_forest,71
_PolarityD1100,0.0019518802454586645,3,random_forest,72
_NormalizedVDWVD3025,0.0019410352391650387,3,random_forest,73
_SecondaryStrC2,0.001928839055267826,3,random_forest,74
AP,0.0019139175844020172,3,random_forest,75
_NormalizedVDWVD2050,0.0018950451975684737,3,random_forest,76
aromaticity,0.0018804402769598784,3,random_forest,77
_PolarizabilityD1100,0.001874734326662474,3,random_forest,78
_PolarizabilityC2,0.0018654606433995192,3,random_forest,79
_ChargeD3050,0.001847573029144808,3,random_forest,80
_HydrophobicityC1,0.0018057529107481326,3,random_forest,81
F,0.001766790683309906,3,random_forest,82
_PolarizabilityD1025,0.0017223498416564312,3,random_forest,83
_SolventAccessibilityD2050,0.0017007137539023886,3,random_forest,84
T,0.001699521532086737,3,random_forest,85
_SolventAccessibilityD2100,0.0016836342472143135,3,random_forest,86
_PolarityD1075,0.001663241480525426,3,random_forest,87
_PolarityD2100,0.0016477939653280317,3,random_forest,88
_PolarizabilityD3100,0.0015938775492531907,3,random_forest,89
_ChargeD1050,0.0015917142615133164,3,random_forest,90
_HydrophobicityT13,0.00156928000223059,3,random_forest,91
_HydrophobicityD1001,0.001559708069585259,3,random_forest,92
EI,0.0015564937901625905,3,random_forest,93
_PolarityC3,0.001549375190523987,3,random_forest,94
_SolventAccessibilityC2,0.0014924007226044531,3,random_forest,95
_SolventAccessibilityD3100,0.0014831388084898295,3,random_forest,96
_SolventAccessibilityD3001,0.001469512719412077,3,random_forest,97
W,0.0014637340825520311,3,random_forest,98
_SolventAccessibilityD2001,0.0014485583102975574,3,random_forest,99
_SecondaryStrD2075,0.0014327870474491575,3,random_forest,100
_PolarityD3100,0.001418637099040468,3,random_forest,101
_HydrophobicityC2,0.0014172497085809977,3,random_forest,102
EL,0.0013857789441679253,3,random_forest,103
_SecondaryStrD3050,0.0013642472449307424,3,random_forest,104
_NormalizedVDWVC2,0.0013419812940313734,3,random_forest,105
G,0.0013314971426590782,3,random_forest,106
GG,0.0013308787540821031,3,random_forest,107
_ChargeD2025,0.0013166067142093576,3,random_forest,108
_ChargeD1075,0.0012999821349867686,3,random_forest,109
Q,0.0012853131402697318,3,random_forest,110
_ChargeD1001,0.0012682422609956035,3,random_forest,111
_HydrophobicityD3001,0.001264217085638291,3,random_forest,112
I,0.001247431600045504,3,random_forest,113
Y,0.0012311218330628205,3,random_forest,114
RP,0.001229007656587481,3,random_forest,115
GE,0.0012225429548388352,3,random_forest,116
_PolarityD1050,0.0012090966858345211,3,random_forest,117
_PolarityD1025,0.0012084299714084357,3,random_forest,118
_PolarityD3025,0.0012028265103462973,3,random_forest,119
_SecondaryStrD1025,0.0011747055083851197,3,random_forest,120
R,0.0011571111180620145,3,random_forest,121
_ChargeD1025,0.0011293848544504206,3,random_forest,122
_PolarizabilityD1075,0.0011234521330622032,3,random_forest,123
YL,0.0010880796022886986,3,random_forest,124
_SecondaryStrD1050,0.00108229633009393,3,random_forest,125
_SecondaryStrD3075,0.0010809347940497023,3,random_forest,126
_SolventAccessibilityD1100,0.0010705643880655799,3,random_forest,127
EG,0.0010679259133130337,3,random_forest,128
_HydrophobicityD3050,0.0010612412760009785,3,random_forest,129
_HydrophobicityD3075,0.001038017520275917,3,random_forest,130
_SolventAccessibilityT12,0.0010366336519107794,3,random_forest,131
_NormalizedVDWVD1100,0.0010344963545858407,3,random_forest,132
_ChargeD1100,0.0010330955021038799,3,random_forest,133
_PolarizabilityT23,0.0010239066724590331,3,random_forest,134
RG,0.0010174186593884793,3,random_forest,135
_NormalizedVDWVT13,0.001008390306335073,3,random_forest,136
_HydrophobicityD1050,0.000981778770269103,3,random_forest,137
_SolventAccessibilityD1075,0.0009742510275749223,3,random_forest,138
_PolarityD2050,0.0009739809120641364,3,random_forest,139
_ChargeD3001,0.0009722349777827157,3,random_forest,140
DD,0.0009640403259952331,3,random_forest,141
_SolventAccessibilityC3,0.0009621323441419454,3,random_forest,142
_PolarityC2,0.0009593673936993403,3,random_forest,143
_PolarizabilityT12,0.00095848695851851,3,random_forest,144
_PolarityD3001,0.0009437653640123548,3,random_forest,145
_SolventAccessibilityD3075,0.0009425443181622781,3,random_forest,146
VC,0.000912898247158472,3,random_forest,147
GN,0.0008958884926041141,3,random_forest,148
_NormalizedVDWVD2025,0.000880369951589287,3,random_forest,149
_SolventAccessibilityD2025,0.0008642660663149614,3,random_forest,150
_PolarityD1001,0.0008532910422225805,3,random_forest,151
_NormalizedVDWVD3050,0.0008507008067078476,3,random_forest,152
_NormalizedVDWVD1050,0.0008463031882481413,3,random_forest,153
_PolarizabilityD3001,0.0008432870132951127,3,random_forest,154
_NormalizedVDWVT23,0.0008388953727225426,3,random_forest,155
_NormalizedVDWVD1075,0.0008380186468920464,3,random_forest,156
_NormalizedVDWVT12,0.000832592346757369,3,random_forest,157
_HydrophobicityD2100,0.0008302295115117385,3,random_forest,158
_ChargeD2050,0.0008297716600020336,3,random_forest,159
_NormalizedVDWVD2075,0.0008168150003477556,3,random_forest,160
AE,0.0008144308218277957,3,random_forest,161
YE,0.0008063123540132388,3,random_forest,162
LE,0.0008026988914797284,3,random_forest,163
SG,0.0007766064967073352,3,random_forest,164
_HydrophobicityD2050,0.0007536842340344248,3,random_forest,165
_SolventAccessibilityD1025,0.00075045499280258,3,random_forest,166
_SolventAccessibilityD1050,0.0007487332550228332,3,random_forest,167
CL,0.0007439045942121987,3,random_forest,168
_NormalizedVDWVD1025,0.0007413346729903107,3,random_forest,169
_HydrophobicityD1025,0.0007368979884405044,3,random_forest,170
CE,0.0007320203092845578,3,random_forest,171
_SecondaryStrT13,0.0007282385386379212,3,random_forest,172
_SecondaryStrD3100,0.0007233450030671077,3,random_forest,173
TA,0.0007225715937574459,3,random_forest,174
PG,0.0007213883784839946,3,random_forest,175
_PolarizabilityD1050,0.0007175877706490408,3,random_forest,176
_PolarizabilityD3050,0.0007149470583895706,3,random_forest,177
A,0.0007016211568311071,3,random_forest,178
_NormalizedVDWVD3075,0.0006983093054162143,3,random_forest,179
_SolventAccessibilityD3025,0.0006950852464579596,3,random_forest,180
DN,0.0006932486512139142,3,random_forest,181
_SecondaryStrD3025,0.0006904560625352167,3,random_forest,182
_SecondaryStrT12,0.0006893623246872413,3,random_forest,183
_PolarityD2025,0.0006732834696947334,3,random_forest,184
_NormalizedVDWVD3001,0.0006620648125848683,3,random_forest,185
_PolarityD3050,0.0006601919101702564,3,random_forest,186
C,0.0006532720295239734,3,random_forest,187
_SolventAccessibilityT13,0.0006508714767002571,3,random_forest,188
_SecondaryStrD2100,0.0006453642105325155,3,random_forest,189
YP,0.000635358228826343,3,random_forest,190
_SecondaryStrD2001,0.0006168736677892158,3,random_forest,191
HE,0.0005913173462472045,3,random_forest,192
_NormalizedVDWVD3100,0.0005817026909712785,3,random_forest,193
_ChargeD2100,0.0005463338943906948,3,random_forest,194
KN,0.0005369298742006192,3,random_forest,195
LD,0.0005262316806099329,3,random_forest,196
_PolarityT13,0.000512146992346071,3,random_forest,197
_SecondaryStrD2050,0.0005116555204257992,3,random_forest,198
_PolarizabilityD3075,0.0005086213336577013,3,random_forest,199
_PolarizabilityC1,0.0004994070796948067,3,random_forest,200
_HydrophobicityD2075,0.000496655835218364,3,random_forest,201
_PolarityD2075,0.0004857892598822939,3,random_forest,202
LG,0.00047288728751310893,3,random_forest,203
_SecondaryStrD2025,0.0004665155213159492,3,random_forest,204
SD,0.0004605305150110514,3,random_forest,205
TC,0.0004532118071194524,3,random_forest,206
IY,0.0004443002185195868,3,random_forest,207
VD,0.0004377630617124747,3,random_forest,208
NV,0.00042883289009931736,3,random_forest,209
NG,0.00042472405437375574,3,random_forest,210
PP,0.00041841928869309266,3,random_forest,211
N,0.0004073161758998093,3,random_forest,212
CR,0.0003932140257355413,3,random_forest,213
ID,0.00038414986948337644,3,random_forest,214
GF,0.0003804934391087403,3,random_forest,215
VE,0.00037858642144121194,3,random_forest,216
YD,0.0003702744703244862,3,random_forest,217
RE,0.000367856811876901,3,random_forest,218
NE,0.0003634396768544469,3,random_forest,219
QG,0.00036280855891243863,3,random_forest,220
GP,0.0003592358117652708,3,random_forest,221
_HydrophobicityD2025,0.00034738171075834385,3,random_forest,222
RV,0.00034271599353592313,3,random_forest,223
DP,0.00033463244877752774,3,random_forest,224
FP,0.0003296136162509671,3,random_forest,225
VG,0.0003184184965909379,3,random_forest,226
_ChargeD2075,0.00031766657977483174,3,random_forest,227
LP,0.00031237007767439043,3,random_forest,228
PV,0.00030913410726428255,3,random_forest,229
AI,0.00030064843115469185,3,random_forest,230
TL,0.0002974333580943502,3,random_forest,231
YY,0.00029386123020400947,3,random_forest,232
FL,0.00028730698436716593,3,random_forest,233
CS,0.0002857921122370425,3,random_forest,234
GH,0.00028578574475792784,3,random_forest,235
AN,0.000285448462422643,3,random_forest,236
EA,0.0002844969503992405,3,random_forest,237
IE,0.00028320895536920634,3,random_forest,238
GC,0.0002812055453673408,3,random_forest,239
TD,0.00027969076912336485,3,random_forest,240
EP,0.00027956913330052076,3,random_forest,241
QS,0.0002729281090220407,3,random_forest,242
RA,0.0002717346339293745,3,random_forest,243
KC,0.00026737221101117613,3,random_forest,244
AC,0.00026121780262012857,3,random_forest,245
KP,0.0002603745980463885,3,random_forest,246
LA,0.0002591441771553343,3,random_forest,247
NF,0.0002557767997491136,3,random_forest,248
VR,0.0002553029057363196,3,random_forest,249
H,0.00025302916821539717,3,random_forest,250
PS,0.0002530274743302686,3,random_forest,251
DY,0.00025063068133117166,3,random_forest,252
GA,0.00024436652822605956,3,random_forest,253
ML,0.00024090355974730102,3,random_forest,254
TG,0.0002407108569964444,3,random_forest,255
LV,0.00023983192685551546,3,random_forest,256
CG,0.00023939531097716524,3,random_forest,257
AD,0.00023833144399245182,3,random_forest,258
LI,0.00023736041834424018,3,random_forest,259
AA,0.0002315210975652455,3,random_forest,260
AT,0.00023089258341683474,3,random_forest,261
QA,0.0002306176764703791,3,random_forest,262
KV,0.00021996506572840514,3,random_forest,263
LK,0.00021628691723095557,3,random_forest,264
CQ,0.00021582532997502436,3,random_forest,265
CK,0.0002081744679024749,3,random_forest,266
LC,0.00020652968564882773,3,random_forest,267
EC,0.00020604951651739448,3,random_forest,268
RF,0.000205581856356517,3,random_forest,269
KS,0.00020352890423854734,3,random_forest,270
HR,0.00020250817151094207,3,random_forest,271
EQ,0.00020103966717486182,3,random_forest,272
KL,0.00019571161541540012,3,random_forest,273
LT,0.0001920761228401506,3,random_forest,274
PD,0.00019188704050129824,3,random_forest,275
TK,0.00018953696039167008,3,random_forest,276
EF,0.0001889902637121666,3,random_forest,277
FA,0.00018749892827776436,3,random_forest,278
DA,0.00018492317074014455,3,random_forest,279
EV,0.0001840123032763314,3,random_forest,280
CP,0.0001789853495465994,3,random_forest,281
YG,0.00017505496544275431,3,random_forest,282
DG,0.00017453334448101296,3,random_forest,283
GQ,0.0001726108657378887,3,random_forest,284
QP,0.00016949149746773833,3,random_forest,285
SA,0.00016898510227077106,3,random_forest,286
NR,0.00016766055423924985,3,random_forest,287
IL,0.00016739938349742296,3,random_forest,288
RD,0.0001639588482984308,3,random_forest,289
SK,0.0001624023924127237,3,random_forest,290
CA,0.00016202617600260787,3,random_forest,291
PK,0.00015737505769352318,3,random_forest,292
SL,0.0001569176180064595,3,random_forest,293
LS,0.00015302892413042216,3,random_forest,294
ES,0.00015214627876204305,3,random_forest,295
SV,0.00015022887092384034,3,random_forest,296
VV,0.00015020763804196954,3,random_forest,297
EK,0.0001499467017615969,3,random_forest,298
EN,0.00014780712427623765,3,random_forest,299
DK,0.00014777957136923113,3,random_forest,300
FC,0.0001459527877698077,3,random_forest,301
IS,0.0001455434093738038,3,random_forest,302
VA,0.00014482941036038987,3,random_forest,303
DR,0.00014121955083881246,3,random_forest,304
GV,0.00014043786092432143,3,random_forest,305
ET,0.00013940744551429776,3,random_forest,306
DI,0.00013644129881034138,3,random_forest,307
GK,0.00013581097685661731,3,random_forest,308
AL,0.00013476074232802253,3,random_forest,309
FG,0.00013379785895652302,3,random_forest,310
SE,0.00013288814602522274,3,random_forest,311
NP,0.0001309362825638107,3,random_forest,312
DL,0.00012863278453576223,3,random_forest,313
TP,0.0001264906783335985,3,random_forest,314
LN,0.00012417280947654686,3,random_forest,315
TI,0.00012081820437102353,3,random_forest,316
HK,0.00011919324449575552,3,random_forest,317
LQ,0.00011863298916332888,3,random_forest,318
QE,0.00011696539972519583,3,random_forest,319
PQ,0.00011609289551971207,3,random_forest,320
LR,0.00011509370950380909,3,random_forest,321
SW,0.00011090325982825472,3,random_forest,322
TR,0.00010907595958434572,3,random_forest,323
TF,0.00010860751737090301,3,random_forest,324
TV,0.00010854762481695884,3,random_forest,325
FD,0.00010807904516740104,3,random_forest,326
NT,0.00010400710774864053,3,random_forest,327
KA,0.00010083946968737984,3,random_forest,328
NN,0.00010061653192902848,3,random_forest,329
YA,0.00010051400715334296,3,random_forest,330
KG,9.791279760088884e-05,3,random_forest,331
KK,9.665703507936302e-05,3,random_forest,332
SN,9.60355197217831e-05,3,random_forest,333
GS,9.388692381759384e-05,3,random_forest,334
QN,9.30905866940791e-05,3,random_forest,335
IA,9.116663409297973e-05,3,random_forest,336
VQ,8.856948568864181e-05,3,random_forest,337
FQ,8.813158987044805e-05,3,random_forest,338
EH,8.571233578329862e-05,3,random_forest,339
GI,8.436217162921781e-05,3,random_forest,340
LY,8.218246774206096e-05,3,random_forest,341
TS,8.204393182366767e-05,3,random_forest,342
CD,8.185059793530034e-05,3,random_forest,343
TY,7.88508368117856e-05,3,random_forest,344
PL,7.74795334155458e-05,3,random_forest,345
NL,7.491903779486237e-05,3,random_forest,346
AS,7.336410397201963e-05,3,random_forest,347
KI,7.277933514760473e-05,3,random_forest,348
HP,7.204904351538376e-05,3,random_forest,349
SC,7.144413985584018e-05,3,random_forest,350
AY,7.134330987926186e-05,3,random_forest,351
KT,7.109110244515799e-05,3,random_forest,352
FS,7.059474363670223e-05,3,random_forest,353
TE,7.056551151781035e-05,3,random_forest,354
KE,7.041295093886295e-05,3,random_forest,355
VL,7.032379941702006e-05,3,random_forest,356
VT,7.006116489507019e-05,3,random_forest,357
SP,6.908117418780972e-05,3,random_forest,358
NH,6.892172820111583e-05,3,random_forest,359
HG,6.840917171069834e-05,3,random_forest,360
KF,6.784411851832698e-05,3,random_forest,361
GT,6.685324500451374e-05,3,random_forest,362
ER,6.59952902367828e-05,3,random_forest,363
YT,6.520572821204193e-05,3,random_forest,364
QL,6.426797766127972e-05,3,random_forest,365
FT,6.406140619518106e-05,3,random_forest,366
LL,6.219663035735336e-05,3,random_forest,367
YI,6.170535412490286e-05,3,random_forest,368
RI,6.169908914989457e-05,3,random_forest,369
DH,6.169885642861865e-05,3,random_forest,370
WG,6.159870954757016e-05,3,random_forest,371
KH,6.127339306600496e-05,3,random_forest,372
FM,5.993927786847708e-05,3,random_forest,373
CF,5.9565074649531494e-05,3,random_forest,374
SF,5.913462834231949e-05,3,random_forest,375
PT,5.682918846932856e-05,3,random_forest,376
RR,5.673295262793787e-05,3,random_forest,377
RS,5.4610679862504354e-05,3,random_forest,378
PA,5.449244069886808e-05,3,random_forest,379
HL,5.390127977879467e-05,3,random_forest,380
SQ,5.358399738745784e-05,3,random_forest,381
LF,5.3269312223715646e-05,3,random_forest,382
QR,5.289384659082572e-05,3,random_forest,383
AF,5.2845751778136054e-05,3,random_forest,384
ND,5.266683003569558e-05,3,random_forest,385
PC,5.196739428568761e-05,3,random_forest,386
NI,5.0470698554188476e-05,3,random_forest,387
SI,4.9989293119648384e-05,3,random_forest,388
AG,4.8862640010212397e-05,3,random_forest,389
RK,4.8746229078748216e-05,3,random_forest,390
SR,4.623429355050627e-05,3,random_forest,391
AV,4.5835174491208115e-05,3,random_forest,392
IC,4.5418420193971196e-05,3,random_forest,393
WN,4.52744640018789e-05,3,random_forest,394
PF,4.511390802520768e-05,3,random_forest,395
FF,4.415492962222207e-05,3,random_forest,396
DS,4.4098770906202254e-05,3,random_forest,397
MH,4.4009276348325996e-05,3,random_forest,398
MA,4.3053464566970785e-05,3,random_forest,399
DC,4.2795734836112294e-05,3,random_forest,400
VI,4.2537083409089554e-05,3,random_forest,401
CV,4.2384917957783875e-05,3,random_forest,402
IQ,4.2173996372429866e-05,3,random_forest,403
CT,4.145545956835777e-05,3,random_forest,404
RT,4.054443731365801e-05,3,random_forest,405
VN,3.952579575576925e-05,3,random_forest,406
RL,3.857999729212094e-05,3,random_forest,407
WE,3.8331316900138024e-05,3,random_forest,408
QV,3.805636446759976e-05,3,random_forest,409
IN,3.759387546777887e-05,3,random_forest,410
GR,3.748595003501007e-05,3,random_forest,411
IT,3.6291353514810675e-05,3,random_forest,412
YR,3.609541411944165e-05,3,random_forest,413
AK,3.596290772148203e-05,3,random_forest,414
HW,3.554822387997735e-05,3,random_forest,415
QT,3.449240809003204e-05,3,random_forest,416
TM,3.388562604629139e-05,3,random_forest,417
WA,3.352105276106706e-05,3,random_forest,418
YC,3.22514085172324e-05,3,random_forest,419
ST,3.1716091399683895e-05,3,random_forest,420
VF,3.119217094383756e-05,3,random_forest,421
SS,3.10381191381721e-05,3,random_forest,422
DT,3.013872842961216e-05,3,random_forest,423
RQ,2.98113993505323e-05,3,random_forest,424
HN,2.9494301100271526e-05,3,random_forest,425
KD,2.9454733109826537e-05,3,random_forest,426
CN,2.7475495146842727e-05,3,random_forest,427
KR,2.7332753198151478e-05,3,random_forest,428
IR,2.710650128274011e-05,3,random_forest,429
PI,2.627096091490047e-05,3,random_forest,430
MN,2.6265229791471997e-05,3,random_forest,431
RN,2.5530454742886333e-05,3,random_forest,432
NC,2.5454884089412346e-05,3,random_forest,433
FW,2.4900869439867705e-05,3,random_forest,434
TH,2.4554117273586698e-05,3,random_forest,435
VK,2.30116571287168e-05,3,random_forest,436
RC,2.2727450047250193e-05,3,random_forest,437
AM,2.267044113639755e-05,3,random_forest,438
HD,2.1766038148712208e-05,3,random_forest,439
LW,1.9949897269795273e-05,3,random_forest,440
AR,1.9782049622696917e-05,3,random_forest,441
YS,1.8261908100368492e-05,3,random_forest,442
MT,1.7808677627880236e-05,3,random_forest,443
HA,1.5183948333313646e-05,3,random_forest,444
PM,1.4526853313152591e-05,3,random_forest,445
AH,1.4450785669184075e-05,3,random_forest,446
GY,1.4427980057268877e-05,3,random_forest,447
QY,1.4245188220851502e-05,3,random_forest,448
QK,1.3542733638713629e-05,3,random_forest,449
FK,1.2036274076082367e-05,3,random_forest,450
TT,1.1316466325833345e-05,3,random_forest,451
DQ,1.0729200806891709e-05,3,random_forest,452
GW,1.0630980969770165e-05,3,random_forest,453
EM,1.0203053452374277e-05,3,random_forest,454
DM,8.450062328679727e-06,3,random_forest,455
NK,8.334927970520477e-06,3,random_forest,456
DV,7.894042243903077e-06,3,random_forest,457
VY,7.311615193837726e-06,3,random_forest,458
MK,7.287001113801772e-06,3,random_forest,459
MV,6.823962784334703e-06,3,random_forest,460
WR,5.987570991414903e-06,3,random_forest,461
FY,4.06975172205335e-06,3,random_forest,462
NS,3.918408217256958e-06,3,random_forest,463
LM,3.222750519072553e-06,3,random_forest,464
HS,2.551031935528148e-06,3,random_forest,465
MD,1.8726931377954692e-19,3,random_forest,466
QI,9.187359261078373e-20,3,random_forest,467
HQ,9.041062971674625e-20,3,random_forest,468
FN,7.062085549052311e-20,3,random_forest,469
RY,6.497055999744579e-20,3,random_forest,470
WH,0.0,3,random_forest,471
YH,0.0,3,random_forest,472
GM,0.0,3,random_forest,473
FI,0.0,3,random_forest,474
FH,0.0,3,random_forest,475
YF,0.0,3,random_forest,476
VH,0.0,3,random_forest,477
EW,0.0,3,random_forest,478
YK,0.0,3,random_forest,479
WY,0.0,3,random_forest,480
YM,0.0,3,random_forest,481
YN,0.0,3,random_forest,482
YQ,0.0,3,random_forest,483
DW,0.0,3,random_forest,484
YV,0.0,3,random_forest,485
HC,0.0,3,random_forest,486
YW,0.0,3,random_forest,487
VM,0.0,3,random_forest,488
GL,0.0,3,random_forest,489
WW,0.0,3,random_forest,490
WI,0.0,3,random_forest,491
WF,0.0,3,random_forest,492
TW,0.0,3,random_forest,493
WK,0.0,3,random_forest,494
WD,0.0,3,random_forest,495
WC,0.0,3,random_forest,496
WL,0.0,3,random_forest,497
WM,0.0,3,random_forest,498
WP,0.0,3,random_forest,499
VW,0.0,3,random_forest,500
FR,0.0,3,random_forest,501
WQ,0.0,3,random_forest,502
WS,0.0,3,random_forest,503
FV,0.0,3,random_forest,504
VS,0.0,3,random_forest,505
WT,0.0,3,random_forest,506
WV,0.0,3,random_forest,507
VP,0.0,3,random_forest,508
NY,0.0,3,random_forest,509
SY,0.0,3,random_forest,510
CY,0.0,3,random_forest,511
QD,0.0,3,random_forest,512
AW,0.0,3,random_forest,513
ME,0.0,3,random_forest,514
QW,0.0,3,random_forest,515
MF,0.0,3,random_forest,516
MG,0.0,3,random_forest,517
MI,0.0,3,random_forest,518
QQ,0.0,3,random_forest,519
MM,0.0,3,random_forest,520
QM,0.0,3,random_forest,521
QH,0.0,3,random_forest,522
MP,0.0,3,random_forest,523
QF,0.0,3,random_forest,524
MQ,0.0,3,random_forest,525
QC,0.0,3,random_forest,526
HF,0.0,3,random_forest,527
MR,0.0,3,random_forest,528
PY,0.0,3,random_forest,529
PW,0.0,3,random_forest,530
MS,0.0,3,random_forest,531
CC,0.0,3,random_forest,532
MW,0.0,3,random_forest,533
MY,0.0,3,random_forest,534
PN,0.0,3,random_forest,535
NA,0.0,3,random_forest,536
PH,0.0,3,random_forest,537
CI,0.0,3,random_forest,538
NQ,0.0,3,random_forest,539
CH,0.0,3,random_forest,540
MC,0.0,3,random_forest,541
RH,0.0,3,random_forest,542
CM,0.0,3,random_forest,543
LH,0.0,3,random_forest,544
HH,0.0,3,random_forest,545
TQ,0.0,3,random_forest,546
HI,0.0,3,random_forest,547
TN,0.0,3,random_forest,548
HM,0.0,3,random_forest,549
HT,0.0,3,random_forest,550
HV,0.0,3,random_forest,551
HY,0.0,3,random_forest,552
NW,0.0,3,random_forest,553
CW,0.0,3,random_forest,554
IF,0.0,3,random_forest,555
IG,0.0,3,random_forest,556
IH,0.0,3,random_forest,557
II,0.0,3,random_forest,558
IK,0.0,3,random_forest,559
SM,0.0,3,random_forest,560
IM,0.0,3,random_forest,561
SH,0.0,3,random_forest,562
AQ,0.0,3,random_forest,563
IV,0.0,3,random_forest,564
IW,0.0,3,random_forest,565
KM,0.0,3,random_forest,566
RW,0.0,3,random_forest,567
KQ,0.0,3,random_forest,568
KW,0.0,3,random_forest,569
KY,0.0,3,random_forest,570
RM,0.0,3,random_forest,571
NM,0.0,3,random_forest,572
length,0.3454139518070675,4,logistic_regression,1
mw,0.3347741841587901,4,logistic_regression,2
CQ,0.3213869906891497,4,logistic_regression,3
PR,0.2607001003966396,4,logistic_regression,4
pI,0.24630548979712227,4,logistic_regression,5
LE,0.23276553665587552,4,logistic_regression,6
YD,0.2235826607901138,4,logistic_regression,7
_SecondaryStrC3,0.18907895178885326,4,logistic_regression,8
P,0.1800834205063817,4,logistic_regression,9
TG,0.17412593924102296,4,logistic_regression,10
EL,0.16777931837463858,4,logistic_regression,11
_SolventAccessibilityD3050,0.1630669692283048,4,logistic_regression,12
EY,0.15794863029215817,4,logistic_regression,13
_ChargeD3050,0.1517958531193584,4,logistic_regression,14
_HydrophobicityD3100,0.14090337754251864,4,logistic_regression,15
_SolventAccessibilityD1050,0.14035831253508665,4,logistic_regression,16
_ChargeT23,0.13990430223248984,4,logistic_regression,17
_SecondaryStrD2075,0.13866164725561214,4,logistic_regression,18
_ChargeD1075,0.13517327924876996,4,logistic_regression,19
_SecondaryStrC1,0.129130011824674,4,logistic_regression,20
_PolarityD1100,0.1284729091649713,4,logistic_regression,21
_PolarizabilityD2100,0.12564601606886294,4,logistic_regression,22
DF,0.12511299412702198,4,logistic_regression,23
_SecondaryStrT13,0.12409180315716412,4,logistic_regression,24
_ChargeD1025,0.12255231835535368,4,logistic_regression,25
E,0.12192432728437338,4,logistic_regression,26
_SecondaryStrD1075,0.12127724184661627,4,logistic_regression,27
_ChargeC3,0.12109103729790403,4,logistic_regression,28
_SolventAccessibilityD3075,0.11932566463783469,4,logistic_regression,29
YE,0.11915355886898048,4,logistic_regression,30
_PolarizabilityT13,0.11910767796669339,4,logistic_regression,31
_HydrophobicityC3,0.1181864124275014,4,logistic_regression,32
L,0.11780593129571074,4,logistic_regression,33
_HydrophobicityD3001,0.11771693603419137,4,logistic_regression,34
_SecondaryStrD1100,0.1165030030230099,4,logistic_regression,35
_PolarityD1075,0.11588678879673286,4,logistic_regression,36
_NormalizedVDWVD2001,0.11549704608513083,4,logistic_regression,37
FY,0.11266467858064282,4,logistic_regression,38
_SecondaryStrD3001,0.11197172898890262,4,logistic_regression,39
EV,0.11142588122157462,4,logistic_regression,40
_SolventAccessibilityD1100,0.1107777714363603,4,logistic_regression,41
G,0.10960736267593862,4,logistic_regression,42
MH,0.10904569429033512,4,logistic_regression,43
_HydrophobicityT12,0.10891938026924693,4,logistic_regression,44
_NormalizedVDWVC1,0.10757168094616029,4,logistic_regression,45
FE,0.10656088983545964,4,logistic_regression,46
_SecondaryStrD2050,0.10612222331713472,4,logistic_regression,47
DC,0.10417029584637591,4,logistic_regression,48
EG,0.10310963563886345,4,logistic_regression,49
_HydrophobicityD1050,0.10197301824283869,4,logistic_regression,50
_SolventAccessibilityD2050,0.10197301824283869,4,logistic_regression,51
_HydrophobicityD3075,0.10041892954504342,4,logistic_regression,52
I,0.09806087646751063,4,logistic_regression,53
LP,0.09739464278755434,4,logistic_regression,54
IA,0.09575055140838394,4,logistic_regression,55
_SolventAccessibilityD3025,0.09495011346906565,4,logistic_regression,56
LD,0.09310307634806424,4,logistic_regression,57
DN,0.09261412170321712,4,logistic_regression,58
GP,0.09229094230346797,4,logistic_regression,59
SV,0.09090010001670673,4,logistic_regression,60
H,0.08931489567319362,4,logistic_regression,61
GQ,0.08811128215088529,4,logistic_regression,62
AP,0.08736809087343105,4,logistic_regression,63
IP,0.08688331429287453,4,logistic_regression,64
LY,0.08664249749302674,4,logistic_regression,65
DD,0.08664130889902755,4,logistic_regression,66
LF,0.08629731607425642,4,logistic_regression,67
NP,0.0859044194251304,4,logistic_regression,68
NI,0.08477648327037539,4,logistic_regression,69
EE,0.084341360669046,4,logistic_regression,70
_SecondaryStrD3025,0.0840813156196537,4,logistic_regression,71
KA,0.08345965387338855,4,logistic_regression,72
C,0.08324335881442883,4,logistic_regression,73
K,0.08312254372177136,4,logistic_regression,74
AI,0.08259210617891291,4,logistic_regression,75
LG,0.08237728668391921,4,logistic_regression,76
_NormalizedVDWVC3,0.08204494360881118,4,logistic_regression,77
_PolarizabilityC3,0.08204494360881118,4,logistic_regression,78
AE,0.08110479465372178,4,logistic_regression,79
F,0.08009381507661882,4,logistic_regression,80
PE,0.08006280505938085,4,logistic_regression,81
LR,0.08004862832610878,4,logistic_regression,82
T,0.0793354115974819,4,logistic_regression,83
_SolventAccessibilityD3100,0.07908602501838534,4,logistic_regression,84
PL,0.07891072155094399,4,logistic_regression,85
W,0.0781978172117214,4,logistic_regression,86
DR,0.07793146454455208,4,logistic_regression,87
_ChargeD1050,0.07787146434891425,4,logistic_regression,88
_PolarizabilityD2025,0.07732556012457208,4,logistic_regression,89
_PolarityC1,0.07688835643692403,4,logistic_regression,90
NA,0.07571659788911754,4,logistic_regression,91
IL,0.07566606968011783,4,logistic_regression,92
TK,0.07524133706468664,4,logistic_regression,93
RE,0.07495513185310913,4,logistic_regression,94
FL,0.07489953478630113,4,logistic_regression,95
AQ,0.07479237201482279,4,logistic_regression,96
_PolarizabilityC2,0.07476956602752256,4,logistic_regression,97
LV,0.07464498545802813,4,logistic_regression,98
_PolarityD2050,0.07453123462743946,4,logistic_regression,99
KS,0.0744343614539359,4,logistic_regression,100
VR,0.07422641415792644,4,logistic_regression,101
AY,0.07408999583456925,4,logistic_regression,102
_NormalizedVDWVD1001,0.07358865238409443,4,logistic_regression,103
MG,0.07309442725067158,4,logistic_regression,104
_NormalizedVDWVD3100,0.07260299459758947,4,logistic_regression,105
_PolarizabilityD3100,0.07260299459758947,4,logistic_regression,106
PP,0.07238896605251305,4,logistic_regression,107
ST,0.07213779371110102,4,logistic_regression,108
_HydrophobicityT23,0.07209894451064945,4,logistic_regression,109
AH,0.07206970314206741,4,logistic_regression,110
_PolarityD3050,0.07181206213227012,4,logistic_regression,111
instability,0.07176750343359814,4,logistic_regression,112
_ChargeT12,0.06996626629501254,4,logistic_regression,113
FP,0.06966028525536143,4,logistic_regression,114
M,0.06953722518242322,4,logistic_regression,115
_PolarizabilityD2075,0.06875954578823533,4,logistic_regression,116
_ChargeC1,0.06864486218489574,4,logistic_regression,117
CL,0.06829244724143291,4,logistic_regression,118
_PolarizabilityD1100,0.06791072067799084,4,logistic_regression,119
GA,0.06761631231081494,4,logistic_regression,120
EI,0.06755137777342095,4,logistic_regression,121
SI,0.06754908702638128,4,logistic_regression,122
LK,0.06749135699496436,4,logistic_regression,123
_HydrophobicityD3050,0.06683472579317629,4,logistic_regression,124
_ChargeT13,0.0666323924963361,4,logistic_regression,125
RH,0.06646949307111366,4,logistic_regression,126
TI,0.06537792873563918,4,logistic_regression,127
GD,0.06517496632307129,4,logistic_regression,128
KF,0.06495728521489036,4,logistic_regression,129
_PolarizabilityD2050,0.06449690540666105,4,logistic_regression,130
_ChargeD3075,0.06388984933095294,4,logistic_regression,131
_PolarityD2001,0.0637553016317603,4,logistic_regression,132
FG,0.06338007154074753,4,logistic_regression,133
IQ,0.06315770689106863,4,logistic_regression,134
SE,0.06265909887360187,4,logistic_regression,135
LW,0.06216761698241942,4,logistic_regression,136
_SolventAccessibilityC1,0.061572999479149494,4,logistic_regression,137
MS,0.061569772449347616,4,logistic_regression,138
QG,0.060872634473662715,4,logistic_regression,139
HH,0.06058481710385061,4,logistic_regression,140
_ChargeD3001,0.06023014901079884,4,logistic_regression,141
_HydrophobicityD3025,0.05967989649234823,4,logistic_regression,142
DM,0.05966833772215011,4,logistic_regression,143
PG,0.05954153347760663,4,logistic_regression,144
TR,0.05951956752999472,4,logistic_regression,145
SG,0.05865954264610734,4,logistic_regression,146
KC,0.05811395029627963,4,logistic_regression,147
_PolarityD1050,0.057861264480452465,4,logistic_regression,148
GF,0.05719584880691673,4,logistic_regression,149
_SolventAccessibilityC2,0.05667789600716848,4,logistic_regression,150
_HydrophobicityC1,0.05667789600716848,4,logistic_regression,151
_HydrophobicityD2001,0.056390946295877174,4,logistic_regression,152
PC,0.05612711854443339,4,logistic_regression,153
N,0.05591756659195938,4,logistic_regression,154
YV,0.05573298279659432,4,logistic_regression,155
_HydrophobicityD1001,0.05567020937395456,4,logistic_regression,156
_SolventAccessibilityD2001,0.05567020937395456,4,logistic_regression,157
_ChargeD2050,0.054775016718400966,4,logistic_regression,158
LI,0.05463948788195749,4,logistic_regression,159
DI,0.05441813748131732,4,logistic_regression,160
_HydrophobicityC2,0.054301735518407133,4,logistic_regression,161
LT,0.0534196401697357,4,logistic_regression,162
WQ,0.05331864195492497,4,logistic_regression,163
NL,0.05292338937595979,4,logistic_regression,164
_PolarizabilityT12,0.052875055702085866,4,logistic_regression,165
KL,0.05268584072031361,4,logistic_regression,166
YG,0.052645206475471246,4,logistic_regression,167
VI,0.05246659529663107,4,logistic_regression,168
_ChargeC2,0.05194283445103519,4,logistic_regression,169
SY,0.051640387087770315,4,logistic_regression,170
AL,0.05047984800063258,4,logistic_regression,171
VQ,0.05039965284837989,4,logistic_regression,172
_PolarityT23,0.050064661469260245,4,logistic_regression,173
YF,0.04974744962411048,4,logistic_regression,174
AA,0.049714431442313876,4,logistic_regression,175
KN,0.049470637016917306,4,logistic_regression,176
MI,0.04917901085714314,4,logistic_regression,177
GM,0.049077782344628146,4,logistic_regression,178
HD,0.04871488757321543,4,logistic_regression,179
NH,0.048017619515106136,4,logistic_regression,180
ES,0.04775887628440577,4,logistic_regression,181
_SecondaryStrC2,0.04746073777388843,4,logistic_regression,182
IK,0.04698155583794792,4,logistic_regression,183
VP,0.04623787387382089,4,logistic_regression,184
_PolarityD3075,0.04601958097250414,4,logistic_regression,185
_SolventAccessibilityT12,0.045758802191662645,4,logistic_regression,186
WG,0.04549181780863676,4,logistic_regression,187
ID,0.04534602560575861,4,logistic_regression,188
_HydrophobicityD2100,0.0450513927444099,4,logistic_regression,189
YA,0.044850124012370686,4,logistic_regression,190
FC,0.043889815984193545,4,logistic_regression,191
GT,0.04370384014066369,4,logistic_regression,192
ED,0.04343719805962612,4,logistic_regression,193
S,0.043223850214150324,4,logistic_regression,194
_PolarityD3001,0.04309315000798035,4,logistic_regression,195
DH,0.04299237997165286,4,logistic_regression,196
_NormalizedVDWVD1100,0.04293449648437206,4,logistic_regression,197
_SecondaryStrD3075,0.042879560363009626,4,logistic_regression,198
SW,0.04259774344490868,4,logistic_regression,199
DP,0.04223835525889317,4,logistic_regression,200
SD,0.04203054557796825,4,logistic_regression,201
AS,0.041920952644723224,4,logistic_regression,202
NR,0.04188637154375313,4,logistic_regression,203
VY,0.04186650716026675,4,logistic_regression,204
HL,0.04174834875336929,4,logistic_regression,205
RD,0.04126352067380053,4,logistic_regression,206
HI,0.04108429479057068,4,logistic_regression,207
LL,0.04107487095846191,4,logistic_regression,208
PH,0.04090922076971744,4,logistic_regression,209
_PolarizabilityT23,0.040560927735368395,4,logistic_regression,210
CE,0.04048521009094828,4,logistic_regression,211
VK,0.04042093518090516,4,logistic_regression,212
LS,0.040185897562944134,4,logistic_regression,213
TS,0.04017811349210643,4,logistic_regression,214
NG,0.03996318954834152,4,logistic_regression,215
_NormalizedVDWVC2,0.039731030892967936,4,logistic_regression,216
CC,0.0394727500930092,4,logistic_regression,217
TD,0.03945675625591047,4,logistic_regression,218
_PolarityC2,0.039315019447328396,4,logistic_regression,219
NC,0.039063581294500625,4,logistic_regression,220
_HydrophobicityT13,0.03903079522168693,4,logistic_regression,221
TL,0.038903174383594086,4,logistic_regression,222
SF,0.03878161771752535,4,logistic_regression,223
_SecondaryStrD1050,0.03852084799917533,4,logistic_regression,224
SL,0.03851387567192786,4,logistic_regression,225
RS,0.038493221107730576,4,logistic_regression,226
MA,0.038383707348438004,4,logistic_regression,227
_PolarityC3,0.03782702427181016,4,logistic_regression,228
_PolarizabilityD1050,0.037564063057943554,4,logistic_regression,229
YW,0.037439740481381704,4,logistic_regression,230
_NormalizedVDWVD2075,0.03742492740356853,4,logistic_regression,231
_NormalizedVDWVD1075,0.03733881392323155,4,logistic_regression,232
NE,0.0371647886379358,4,logistic_regression,233
KK,0.03707339676986612,4,logistic_regression,234
_ChargeD1001,0.03703634225330043,4,logistic_regression,235
_PolarizabilityD2001,0.036467439535442236,4,logistic_regression,236
IT,0.03591521976016723,4,logistic_regression,237
VF,0.03580089748753766,4,logistic_regression,238
RF,0.035149192784256655,4,logistic_regression,239
_HydrophobicityD1075,0.03509151684287376,4,logistic_regression,240
_SolventAccessibilityD2075,0.03509151684287376,4,logistic_regression,241
IG,0.03498807936508952,4,logistic_regression,242
LN,0.03469652625895765,4,logistic_regression,243
QH,0.03464848556546575,4,logistic_regression,244
PV,0.03405668367212598,4,logistic_regression,245
PN,0.03398547101673433,4,logistic_regression,246
_NormalizedVDWVT23,0.03382523976532041,4,logistic_regression,247
Q,0.03381866067638529,4,logistic_regression,248
GI,0.03372863813000793,4,logistic_regression,249
_NormalizedVDWVT12,0.03371190858258064,4,logistic_regression,250
RM,0.03364961556821262,4,logistic_regression,251
_SecondaryStrD2025,0.033417552797898153,4,logistic_regression,252
RR,0.0331737580180933,4,logistic_regression,253
NS,0.03315456328474431,4,logistic_regression,254
YP,0.033130802331753605,4,logistic_regression,255
LA,0.03291887058434691,4,logistic_regression,256
HP,0.032835344860182136,4,logistic_regression,257
AM,0.03282147847523978,4,logistic_regression,258
WI,0.032788782270972844,4,logistic_regression,259
GE,0.03260691358494111,4,logistic_regression,260
DK,0.03257532327819348,4,logistic_regression,261
_NormalizedVDWVT13,0.03246211694053872,4,logistic_regression,262
IS,0.032390061109783444,4,logistic_regression,263
SA,0.03233689186376623,4,logistic_regression,264
GS,0.0322106769453943,4,logistic_regression,265
FF,0.032035258231217896,4,logistic_regression,266
NQ,0.031988634375108925,4,logistic_regression,267
AT,0.031984631986150966,4,logistic_regression,268
_PolarityT12,0.031959691784325256,4,logistic_regression,269
MR,0.03122920341311324,4,logistic_regression,270
_ChargeD3025,0.030942918054083966,4,logistic_regression,271
GG,0.03080863946742799,4,logistic_regression,272
DQ,0.030741415839168906,4,logistic_regression,273
_SecondaryStrD2001,0.03025402290568533,4,logistic_regression,274
RG,0.030233623161901865,4,logistic_regression,275
V,0.03023296954186952,4,logistic_regression,276
MV,0.03017500181099313,4,logistic_regression,277
_ChargeD2075,0.029703532449938952,4,logistic_regression,278
VS,0.029502948736232,4,logistic_regression,279
ND,0.029294441221695885,4,logistic_regression,280
SQ,0.029084103531029176,4,logistic_regression,281
AC,0.029014688804224056,4,logistic_regression,282
GC,0.029002256183228683,4,logistic_regression,283
FH,0.028927195462721014,4,logistic_regression,284
NY,0.028648208045125374,4,logistic_regression,285
A,0.028634184348583284,4,logistic_regression,286
KT,0.028610906835182054,4,logistic_regression,287
PK,0.028610314144653717,4,logistic_regression,288
DA,0.0284603538595534,4,logistic_regression,289
II,0.028358710106233257,4,logistic_regression,290
IM,0.027968761770856852,4,logistic_regression,291
KM,0.02795902567208629,4,logistic_regression,292
_PolarityD1001,0.02793164600253044,4,logistic_regression,293
VE,0.02714363965468131,4,logistic_regression,294
_SolventAccessibilityD1075,0.02713025557360156,4,logistic_regression,295
TA,0.02703302218796296,4,logistic_regression,296
CT,0.026993782806924087,4,logistic_regression,297
CK,0.026883929291220392,4,logistic_regression,298
GK,0.02674723612439081,4,logistic_regression,299
KD,0.026564788839147827,4,logistic_regression,300
_SecondaryStrD3100,0.026356399728215466,4,logistic_regression,301
_NormalizedVDWVD3050,0.02616119202463169,4,logistic_regression,302
_PolarizabilityD3050,0.02616119202463169,4,logistic_regression,303
KY,0.025977061667416253,4,logistic_regression,304
GH,0.025971186213962306,4,logistic_regression,305
VC,0.025954988554907635,4,logistic_regression,306
EW,0.025640549798637165,4,logistic_regression,307
IF,0.025508818864866126,4,logistic_regression,308
LH,0.025486801586565994,4,logistic_regression,309
_SolventAccessibilityT23,0.025410130030422726,4,logistic_regression,310
DG,0.02501989409818843,4,logistic_regression,311
RA,0.02496617620753681,4,logistic_regression,312
YT,0.024956859533528705,4,logistic_regression,313
TC,0.02487613127562842,4,logistic_regression,314
VN,0.024837668365612093,4,logistic_regression,315
KG,0.024750520272412452,4,logistic_regression,316
TH,0.024661101941673688,4,logistic_regression,317
GW,0.024421506036122517,4,logistic_regression,318
CH,0.02404307825574189,4,logistic_regression,319
FV,0.023871959875218608,4,logistic_regression,320
_ChargeD1100,0.02375978917495269,4,logistic_regression,321
EQ,0.023745352416785676,4,logistic_regression,322
RK,0.023589541814360303,4,logistic_regression,323
IV,0.02349480345878189,4,logistic_regression,324
SN,0.023443309469202214,4,logistic_regression,325
TY,0.023282766614185046,4,logistic_regression,326
ML,0.02320536902082999,4,logistic_regression,327
KR,0.023071531013718408,4,logistic_regression,328
SK,0.02305077371673571,4,logistic_regression,329
VM,0.022954874449879113,4,logistic_regression,330
_PolarityD2075,0.022578805341766008,4,logistic_regression,331
CI,0.022461083517635504,4,logistic_regression,332
RP,0.022376835110209443,4,logistic_regression,333
PF,0.022060032560846512,4,logistic_regression,334
DV,0.02197040199114838,4,logistic_regression,335
KV,0.021724264566183416,4,logistic_regression,336
FI,0.02158998484229304,4,logistic_regression,337
WY,0.021585824245428067,4,logistic_regression,338
IN,0.02156155797479002,4,logistic_regression,339
_SecondaryStrD3050,0.021522248912531735,4,logistic_regression,340
AK,0.02145509169596141,4,logistic_regression,341
SP,0.021433064640314886,4,logistic_regression,342
FK,0.021420462694913857,4,logistic_regression,343
QT,0.021391719783827697,4,logistic_regression,344
_HydrophobicityD2025,0.021328762898663367,4,logistic_regression,345
ET,0.021128322297813293,4,logistic_regression,346
MT,0.02100329727043323,4,logistic_regression,347
SS,0.020645217241536448,4,logistic_regression,348
PD,0.02034109826883964,4,logistic_regression,349
EC,0.020225291266238777,4,logistic_regression,350
PM,0.020191641000590378,4,logistic_regression,351
ER,0.020071478495983012,4,logistic_regression,352
HY,0.020066514873529003,4,logistic_regression,353
TQ,0.01993027179254396,4,logistic_regression,354
AR,0.01992676285227009,4,logistic_regression,355
VA,0.01991448204943669,4,logistic_regression,356
SH,0.019817832048387555,4,logistic_regression,357
QL,0.01979273537686033,4,logistic_regression,358
LC,0.019550538861227266,4,logistic_regression,359
AF,0.019518192040708728,4,logistic_regression,360
YI,0.01950547366226107,4,logistic_regression,361
_NormalizedVDWVD3025,0.018874772610029174,4,logistic_regression,362
_PolarizabilityD3025,0.018874772610029174,4,logistic_regression,363
CD,0.01860427670516845,4,logistic_regression,364
_SolventAccessibilityD1025,0.018580714202546277,4,logistic_regression,365
_ChargeD2001,0.018488800517273116,4,logistic_regression,366
WT,0.018325238338599587,4,logistic_regression,367
WA,0.018284990355851526,4,logistic_regression,368
SM,0.018192893470194326,4,logistic_regression,369
SR,0.018008859213363603,4,logistic_regression,370
TN,0.01789866674825152,4,logistic_regression,371
_NormalizedVDWVD3001,0.017812319333964686,4,logistic_regression,372
_PolarizabilityD3001,0.017812319333964686,4,logistic_regression,373
HM,0.017641640907732133,4,logistic_regression,374
RW,0.017637484334635786,4,logistic_regression,375
AG,0.017619003274228474,4,logistic_regression,376
_PolarityT13,0.017591006031627464,4,logistic_regression,377
PT,0.017420208506967176,4,logistic_regression,378
IR,0.01670586240956458,4,logistic_regression,379
_NormalizedVDWVD1025,0.016419835694232436,4,logistic_regression,380
FT,0.016327966208553975,4,logistic_regression,381
DE,0.01620798392706705,4,logistic_regression,382
aromaticity,0.01609588245896035,4,logistic_regression,383
HR,0.015915649053287503,4,logistic_regression,384
EP,0.015760841007324004,4,logistic_regression,385
TV,0.01572045072191617,4,logistic_regression,386
DS,0.01570120239198011,4,logistic_regression,387
KQ,0.015543804547914182,4,logistic_regression,388
_ChargeD2025,0.015107580411920053,4,logistic_regression,389
_SolventAccessibilityD1001,0.014990467522365412,4,logistic_regression,390
_NormalizedVDWVD1050,0.014984240924976395,4,logistic_regression,391
RT,0.014955061611163325,4,logistic_regression,392
KW,0.01482072592470173,4,logistic_regression,393
MQ,0.014752824894090537,4,logistic_regression,394
QR,0.014643047498465202,4,logistic_regression,395
HE,0.014577268539676442,4,logistic_regression,396
FS,0.01441989903130954,4,logistic_regression,397
QD,0.014404377532172143,4,logistic_regression,398
DY,0.013971601498702886,4,logistic_regression,399
YL,0.01393047818200575,4,logistic_regression,400
PQ,0.013875851612092038,4,logistic_regression,401
FA,0.01387192279547232,4,logistic_regression,402
QY,0.013703778483498782,4,logistic_regression,403
HC,0.013680602029973753,4,logistic_regression,404
_SecondaryStrD2100,0.01365481612523048,4,logistic_regression,405
_PolarizabilityD1001,0.013476820301249892,4,logistic_regression,406
LM,0.013292313452767943,4,logistic_regression,407
HT,0.013161126801800904,4,logistic_regression,408
QP,0.013160665727198389,4,logistic_regression,409
RY,0.013142491603494837,4,logistic_regression,410
IW,0.012839872010971134,4,logistic_regression,411
TF,0.012276845101689875,4,logistic_regression,412
RV,0.01224290732157131,4,logistic_regression,413
PS,0.011755908137278417,4,logistic_regression,414
_NormalizedVDWVD2100,0.011556584446673955,4,logistic_regression,415
WF,0.01152648979996399,4,logistic_regression,416
FR,0.011432302867931834,4,logistic_regression,417
QA,0.011357288843244249,4,logistic_regression,418
VG,0.011268149099964214,4,logistic_regression,419
_PolarityD3100,0.011201450514203409,4,logistic_regression,420
MD,0.011052553164460037,4,logistic_regression,421
CM,0.01099900659411272,4,logistic_regression,422
HK,0.010833055896911753,4,logistic_regression,423
IE,0.010775893861375601,4,logistic_regression,424
MY,0.010699196420744097,4,logistic_regression,425
FQ,0.010604007622984569,4,logistic_regression,426
_PolarityD1025,0.0102651439962404,4,logistic_regression,427
_PolarizabilityD3075,0.010259386738153053,4,logistic_regression,428
_NormalizedVDWVD3075,0.010259386738153053,4,logistic_regression,429
WC,0.009956614886022166,4,logistic_regression,430
TW,0.009933105047930138,4,logistic_regression,431
EN,0.009852876750493296,4,logistic_regression,432
YH,0.009625675922376816,4,logistic_regression,433
HA,0.009609609202628292,4,logistic_regression,434
WP,0.009555513548442012,4,logistic_regression,435
QI,0.009524005779483544,4,logistic_regression,436
FW,0.009496983936694207,4,logistic_regression,437
_SolventAccessibilityC3,0.009494767070315402,4,logistic_regression,438
_HydrophobicityD1025,0.009449642621702115,4,logistic_regression,439
_SolventAccessibilityD2025,0.009449642621702115,4,logistic_regression,440
TM,0.009426371701477532,4,logistic_regression,441
_PolarizabilityD1025,0.00933089687697921,4,logistic_regression,442
KI,0.009319084202559917,4,logistic_regression,443
R,0.009262285457103258,4,logistic_regression,444
_PolarizabilityD1075,0.009179482423216713,4,logistic_regression,445
_SolventAccessibilityD2100,0.009098900519462263,4,logistic_regression,446
_HydrophobicityD1100,0.009098900519462263,4,logistic_regression,447
_SolventAccessibilityT13,0.008978367416857954,4,logistic_regression,448
GN,0.008856783613420533,4,logistic_regression,449
VV,0.008814057961946122,4,logistic_regression,450
YM,0.008683013137903864,4,logistic_regression,451
KE,0.008635936672757727,4,logistic_regression,452
QE,0.008482962962099536,4,logistic_regression,453
NN,0.008394162627832614,4,logistic_regression,454
IC,0.008384108866640354,4,logistic_regression,455
VT,0.00838388717376354,4,logistic_regression,456
_PolarityD3025,0.008377594188556294,4,logistic_regression,457
YR,0.008260289943401337,4,logistic_regression,458
_NormalizedVDWVD2025,0.00802101450163051,4,logistic_regression,459
HG,0.00786747642198236,4,logistic_regression,460
NT,0.007789132209726263,4,logistic_regression,461
IH,0.007774212055380248,4,logistic_regression,462
CN,0.0076848863145497345,4,logistic_regression,463
Y,0.007672112022743045,4,logistic_regression,464
AW,0.007485208056238828,4,logistic_regression,465
_SecondaryStrD1025,0.007404549230233298,4,logistic_regression,466
_ChargeD2100,0.00734627421860382,4,logistic_regression,467
MF,0.007310438334927362,4,logistic_regression,468
_SecondaryStrT23,0.007280208205850952,4,logistic_regression,469
LQ,0.007243270653277397,4,logistic_regression,470
WD,0.00708976863849891,4,logistic_regression,471
EA,0.006924021895364536,4,logistic_regression,472
EF,0.006832137957219209,4,logistic_regression,473
QN,0.0067641985611071745,4,logistic_regression,474
FM,0.006560040386993708,4,logistic_regression,475
EM,0.006336293150270325,4,logistic_regression,476
MC,0.006329087014300161,4,logistic_regression,477
YN,0.006292435901440117,4,logistic_regression,478
_SecondaryStrT12,0.00628645054260804,4,logistic_regression,479
HN,0.00590640645098377,4,logistic_regression,480
DW,0.0057991363429199935,4,logistic_regression,481
YY,0.005781390101519151,4,logistic_regression,482
RC,0.005770837276875751,4,logistic_regression,483
MP,0.005602481477909863,4,logistic_regression,484
WV,0.005435859244182977,4,logistic_regression,485
CG,0.005370786115676449,4,logistic_regression,486
VD,0.005348318442567992,4,logistic_regression,487
WE,0.0053134050232653855,4,logistic_regression,488
VL,0.005295531508748985,4,logistic_regression,489
WL,0.005240945737176459,4,logistic_regression,490
EK,0.005082740631422122,4,logistic_regression,491
CY,0.005051497493042119,4,logistic_regression,492
D,0.005035344974520631,4,logistic_regression,493
GY,0.005015871402145616,4,logistic_regression,494
VW,0.004765450984436199,4,logistic_regression,495
SC,0.004692533551865492,4,logistic_regression,496
AN,0.004687146581538849,4,logistic_regression,497
PA,0.004657105454532562,4,logistic_regression,498
CS,0.004654658627946692,4,logistic_regression,499
RI,0.004505213423348567,4,logistic_regression,500
WK,0.004430633594992837,4,logistic_regression,501
NW,0.004330299831143799,4,logistic_regression,502
CA,0.004320875128352505,4,logistic_regression,503
PY,0.004258255526476211,4,logistic_regression,504
_PolarizabilityC1,0.0041515231402585884,4,logistic_regression,505
IY,0.004136300128918051,4,logistic_regression,506
KP,0.004104534466141201,4,logistic_regression,507
FN,0.004007616650240804,4,logistic_regression,508
NF,0.003910536577171993,4,logistic_regression,509
AV,0.0037567350410414547,4,logistic_regression,510
HV,0.003729400968903723,4,logistic_regression,511
QK,0.003721390970760999,4,logistic_regression,512
TT,0.003686880300206936,4,logistic_regression,513
WS,0.003662730079225696,4,logistic_regression,514
GV,0.0035371712651225597,4,logistic_regression,515
PI,0.003502290110827814,4,logistic_regression,516
WN,0.0033904573300348726,4,logistic_regression,517
RL,0.003385032922171924,4,logistic_regression,518
KH,0.003302930523442335,4,logistic_regression,519
EH,0.0032751596082916724,4,logistic_regression,520
GL,0.0029544634361348245,4,logistic_regression,521
_HydrophobicityD2050,0.0027758686562168707,4,logistic_regression,522
TP,0.002683622640636084,4,logistic_regression,523
MK,0.002446853018573264,4,logistic_regression,524
_SecondaryStrD1001,0.002431210272676614,4,logistic_regression,525
_PolarityD2100,0.002398561288952836,4,logistic_regression,526
QS,0.002380725564391569,4,logistic_regression,527
AD,0.002358996035911254,4,logistic_regression,528
YC,0.0023207255285326027,4,logistic_regression,529
DT,0.0022847050134681933,4,logistic_regression,530
HQ,0.0022537903262989344,4,logistic_regression,531
_ChargeD3100,0.0022176622377493,4,logistic_regression,532
MN,0.0020700810143109163,4,logistic_regression,533
CR,0.002060525375373621,4,logistic_regression,534
QC,0.002055086177547609,4,logistic_regression,535
FD,0.0018487649531904954,4,logistic_regression,536
QQ,0.0018308798109730917,4,logistic_regression,537
NV,0.0018205466356775752,4,logistic_regression,538
VH,0.0017975490698426708,4,logistic_regression,539
CP,0.0017366623543104561,4,logistic_regression,540
QW,0.0017286470133933906,4,logistic_regression,541
QF,0.0017196178533938858,4,logistic_regression,542
NM,0.0015648338358255167,4,logistic_regression,543
RN,0.0015346738207925813,4,logistic_regression,544
_SolventAccessibilityD3001,0.0014454936222603398,4,logistic_regression,545
_PolarityD2025,0.0014019177471798153,4,logistic_regression,546
DL,0.0013279176768597896,4,logistic_regression,547
QV,0.001098909592744871,4,logistic_regression,548
QM,0.0010858732435459289,4,logistic_regression,549
WR,0.001082038023776468,4,logistic_regression,550
CV,0.0010411252703630177,4,logistic_regression,551
_HydrophobicityD2075,0.0009821440236901873,4,logistic_regression,552
YK,0.0008228393102151207,4,logistic_regression,553
MM,0.0008121842866844365,4,logistic_regression,554
_NormalizedVDWVD2050,0.0007573324760812345,4,logistic_regression,555
GR,0.0006775520519727216,4,logistic_regression,556
HS,0.00048328026175835864,4,logistic_regression,557
YQ,0.00046007465326061134,4,logistic_regression,558
CF,0.0004260295301831737,4,logistic_regression,559
NK,0.0003825272903567405,4,logistic_regression,560
ME,0.00038147473349646764,4,logistic_regression,561
RQ,0.00034985089486275857,4,logistic_regression,562
YS,0.0002968544855705079,4,logistic_regression,563
TE,9.796267693281515e-05,4,logistic_regression,564
HF,5.832842892462137e-05,4,logistic_regression,565
HW,1.786697174066869e-05,4,logistic_regression,566
PW,4.166886246624033e-18,4,logistic_regression,567
WM,3.3712173753176267e-18,4,logistic_regression,568
WW,0.0,4,logistic_regression,569
WH,0.0,4,logistic_regression,570
CW,0.0,4,logistic_regression,571
MW,0.0,4,logistic_regression,572
_HydrophobicityC1,0.009678722544535234,5,svm_rbf,1
length,0.009541727003172256,5,svm_rbf,2
VT,0.00882290760987386,5,svm_rbf,3
NE,0.00875992648186948,5,svm_rbf,4
GA,0.008552253804692236,5,svm_rbf,5
_SecondaryStrC1,0.007199088897426822,5,svm_rbf,6
LL,0.006263584306730142,5,svm_rbf,7
_SolventAccessibilityD3075,0.0060104266877818065,5,svm_rbf,8
W,0.005568970723278273,5,svm_rbf,9
IQ,0.005487208577236649,5,svm_rbf,10
AD,0.005257361589772937,5,svm_rbf,11
_PolarizabilityD3100,0.004890903774283607,5,svm_rbf,12
_ChargeD1001,0.004752167119366594,5,svm_rbf,13
FS,0.00461256846447578,5,svm_rbf,14
SA,0.0044583184683957555,5,svm_rbf,15
IA,0.004340899178722303,5,svm_rbf,16
_SecondaryStrD2050,0.0043260062465668055,5,svm_rbf,17
IR,0.00386588572709276,5,svm_rbf,18
LS,0.003685500676736969,5,svm_rbf,19
AK,0.003593830120022161,5,svm_rbf,20
CS,0.003476528151663284,5,svm_rbf,21
_SecondaryStrD2001,0.0033552515371005976,5,svm_rbf,22
_SolventAccessibilityD2075,0.003333629620074446,5,svm_rbf,23
KS,0.003283806975861604,5,svm_rbf,24
DA,0.003232573823209908,5,svm_rbf,25
KG,0.0032117410367421334,5,svm_rbf,26
DM,0.003149496294216074,5,svm_rbf,27
mw,0.0030332791046598735,5,svm_rbf,28
QK,0.002791923387403321,5,svm_rbf,29
WQ,0.002699193666271626,5,svm_rbf,30
S,0.0026617096099167408,5,svm_rbf,31
FH,0.0026507015788860945,5,svm_rbf,32
VI,0.002630142627523829,5,svm_rbf,33
_HydrophobicityD3025,0.0026217039358741277,5,svm_rbf,34
_PolarizabilityD1050,0.002581941257533592,5,svm_rbf,35
YH,0.0025380037477607986,5,svm_rbf,36
VR,0.002518648412072095,5,svm_rbf,37
SM,0.0023958617557763035,5,svm_rbf,38
IE,0.002364454774256103,5,svm_rbf,39
VA,0.002298852896033841,5,svm_rbf,40
YV,0.0022390163283702593,5,svm_rbf,41
PK,0.002139541140926241,5,svm_rbf,42
AC,0.002025060588058634,5,svm_rbf,43
_SolventAccessibilityC3,0.0020228316267123783,5,svm_rbf,44
_NormalizedVDWVD3001,0.0018304757195846386,5,svm_rbf,45
_SecondaryStrC3,0.0018186025375267307,5,svm_rbf,46
LG,0.0018015395045674033,5,svm_rbf,47
FE,0.0017979850851466228,5,svm_rbf,48
PE,0.0017537944178984443,5,svm_rbf,49
NY,0.001737600633844767,5,svm_rbf,50
EY,0.0016242235670472082,5,svm_rbf,51
_SecondaryStrD2075,0.0015973867338669385,5,svm_rbf,52
_ChargeC3,0.0015312734480940934,5,svm_rbf,53
GD,0.0015120496415203376,5,svm_rbf,54
AR,0.0015058357802610822,5,svm_rbf,55
_HydrophobicityD2100,0.0014877858971282698,5,svm_rbf,56
_NormalizedVDWVC1,0.0014749281013709261,5,svm_rbf,57
_PolarityD1075,0.001462150868501547,5,svm_rbf,58
DI,0.0014158681796275514,5,svm_rbf,59
_SolventAccessibilityD1075,0.001391418927678758,5,svm_rbf,60
LY,0.0013549846873039644,5,svm_rbf,61
_HydrophobicityC3,0.0013004366965009742,5,svm_rbf,62
IY,0.00129759753311785,5,svm_rbf,63
_HydrophobicityT13,0.0012921295851357829,5,svm_rbf,64
RF,0.0012711952132937593,5,svm_rbf,65
WG,0.0012651464703866938,5,svm_rbf,66
WD,0.0012644742317483556,5,svm_rbf,67
CV,0.001263905340894065,5,svm_rbf,68
_ChargeD1050,0.0012588644766230838,5,svm_rbf,69
GF,0.0012328391948480595,5,svm_rbf,70
H,0.0012328297993187516,5,svm_rbf,71
LE,0.0012196813404497632,5,svm_rbf,72
HV,0.0011982198785757737,5,svm_rbf,73
EP,0.0011970784156410217,5,svm_rbf,74
RQ,0.0011263747599772886,5,svm_rbf,75
VN,0.0010934420511567742,5,svm_rbf,76
QS,0.0010745413967073252,5,svm_rbf,77
_SecondaryStrD3075,0.0010540251605900422,5,svm_rbf,78
_PolarizabilityD2025,0.0010449277865500115,5,svm_rbf,79
EC,0.0010302971534324064,5,svm_rbf,80
HI,0.0010134846034549401,5,svm_rbf,81
FC,0.000983849447706455,5,svm_rbf,82
YE,0.0009091082522441943,5,svm_rbf,83
HS,0.0008952337073703525,5,svm_rbf,84
LW,0.0008816717699703272,5,svm_rbf,85
_SolventAccessibilityD3050,0.0008307692397674858,5,svm_rbf,86
TN,0.000828230548145556,5,svm_rbf,87
FL,0.0008106645114139788,5,svm_rbf,88
LK,0.0007539024965888017,5,svm_rbf,89
_SecondaryStrT13,0.0007386863156616667,5,svm_rbf,90
TK,0.0007255637345822596,5,svm_rbf,91
QI,0.0007082952238261273,5,svm_rbf,92
EG,0.0006713892814941208,5,svm_rbf,93
KN,0.0006649709047459415,5,svm_rbf,94
CL,0.0006586495192028144,5,svm_rbf,95
FD,0.0006578913946602893,5,svm_rbf,96
LH,0.0006373032422431478,5,svm_rbf,97
FV,0.0006370070085220383,5,svm_rbf,98
AV,0.0006346772942872199,5,svm_rbf,99
NK,0.0006077768456064675,5,svm_rbf,100
DF,0.0006024928734320532,5,svm_rbf,101
GR,0.0005967554137947349,5,svm_rbf,102
EV,0.0005774361019915422,5,svm_rbf,103
RD,0.0005741516645314371,5,svm_rbf,104
ME,0.0005713111392998606,5,svm_rbf,105
_PolarityD2001,0.0005697980988540744,5,svm_rbf,106
_SecondaryStrD3001,0.0005694088102351063,5,svm_rbf,107
EL,0.0005660849837270211,5,svm_rbf,108
_SecondaryStrD3050,0.0005573625820991491,5,svm_rbf,109
_PolarityD1050,0.0005550190777419146,5,svm_rbf,110
_HydrophobicityT12,0.0005532577557118172,5,svm_rbf,111
YG,0.0005446947594761699,5,svm_rbf,112
TV,0.0005392225593495659,5,svm_rbf,113
LA,0.0005320991603258892,5,svm_rbf,114
VQ,0.0005107122098972945,5,svm_rbf,115
_NormalizedVDWVD2050,0.0005093756841637949,5,svm_rbf,116
C,0.000498950202159198,5,svm_rbf,117
YF,0.0004943906962676306,5,svm_rbf,118
_SolventAccessibilityD3001,0.0004856153138165863,5,svm_rbf,119
WP,0.00048463911780920584,5,svm_rbf,120
EW,0.0004839381487071653,5,svm_rbf,121
_PolarizabilityT12,0.0004771745681706617,5,svm_rbf,122
_HydrophobicityD3001,0.0004717894044121368,5,svm_rbf,123
KW,0.00047149462987845103,5,svm_rbf,124
N,0.00046212576977475064,5,svm_rbf,125
PQ,0.00046201507104377164,5,svm_rbf,126
YL,0.00045300803044188433,5,svm_rbf,127
_ChargeD3001,0.0004468186140938488,5,svm_rbf,128
_HydrophobicityD1075,0.00043999613132263555,5,svm_rbf,129
PM,0.00043781697577552933,5,svm_rbf,130
CF,0.0004343002831993596,5,svm_rbf,131
L,0.0004303623486256143,5,svm_rbf,132
ID,0.0004298518190445129,5,svm_rbf,133
G,0.00042801625573862383,5,svm_rbf,134
_PolarizabilityD3001,0.00042503290282091166,5,svm_rbf,135
P,0.0004250131467896891,5,svm_rbf,136
LF,0.000424572568000784,5,svm_rbf,137
PA,0.0004234677440857809,5,svm_rbf,138
MR,0.0004215970425889308,5,svm_rbf,139
_PolarizabilityC3,0.0004199968788464367,5,svm_rbf,140
MH,0.0004163477487360215,5,svm_rbf,141
_NormalizedVDWVD3025,0.0004058584482741534,5,svm_rbf,142
_PolarityC3,0.0004044828763075141,5,svm_rbf,143
DE,0.00040402874109522703,5,svm_rbf,144
_SolventAccessibilityD3025,0.000403316814926488,5,svm_rbf,145
SG,0.0003975125830578018,5,svm_rbf,146
EQ,0.00039714451407490037,5,svm_rbf,147
_SecondaryStrC2,0.0003880126001551036,5,svm_rbf,148
_SecondaryStrT23,0.0003868730919125322,5,svm_rbf,149
NR,0.00038658365481723605,5,svm_rbf,150
ND,0.0003829384447442269,5,svm_rbf,151
HG,0.0003799408629410312,5,svm_rbf,152
LC,0.0003773437366235307,5,svm_rbf,153
MT,0.0003744599282408719,5,svm_rbf,154
_HydrophobicityD1001,0.0003692833417365823,5,svm_rbf,155
_ChargeT13,0.0003669818291359782,5,svm_rbf,156
_PolarizabilityT13,0.00036433806131082493,5,svm_rbf,157
EI,0.00036097853083077183,5,svm_rbf,158
SD,0.00035889740122555913,5,svm_rbf,159
GE,0.00035858015791708755,5,svm_rbf,160
_SecondaryStrD1075,0.0003558458919250517,5,svm_rbf,161
FK,0.0003548062596322175,5,svm_rbf,162
NL,0.0003525048956504021,5,svm_rbf,163
YA,0.0003513835873100372,5,svm_rbf,164
_SolventAccessibilityC2,0.00034853435138919607,5,svm_rbf,165
SE,0.00034672140330131626,5,svm_rbf,166
ML,0.00034549395630775677,5,svm_rbf,167
_ChargeD2050,0.00034216709232473856,5,svm_rbf,168
WC,0.0003385802940002944,5,svm_rbf,169
EM,0.00033736390144070943,5,svm_rbf,170
EK,0.00033332595550361306,5,svm_rbf,171
EE,0.00033149479297109536,5,svm_rbf,172
Q,0.0003314540118871836,5,svm_rbf,173
MI,0.00032991289679642615,5,svm_rbf,174
AH,0.00032556492331885115,5,svm_rbf,175
GT,0.0003244696190617335,5,svm_rbf,176
QL,0.00032319639922313777,5,svm_rbf,177
RA,0.0003169675750659171,5,svm_rbf,178
CT,0.00031669672430421,5,svm_rbf,179
AY,0.0003151270301378967,5,svm_rbf,180
KI,0.0003114247829407399,5,svm_rbf,181
_ChargeC2,0.00030950095857192105,5,svm_rbf,182
_PolarityD1001,0.00030921583963547985,5,svm_rbf,183
_ChargeD2025,0.000305638141745046,5,svm_rbf,184
CN,0.000304699518498479,5,svm_rbf,185
_SolventAccessibilityD2100,0.0003021244740053535,5,svm_rbf,186
D,0.0002965453908481612,5,svm_rbf,187
KQ,0.0002909375782251306,5,svm_rbf,188
TD,0.0002897523684772116,5,svm_rbf,189
MN,0.0002893179005420049,5,svm_rbf,190
CP,0.0002879854176518212,5,svm_rbf,191
YQ,0.00028702040424383223,5,svm_rbf,192
_ChargeC1,0.0002858782615525979,5,svm_rbf,193
DC,0.0002830437684539037,5,svm_rbf,194
_PolarityD3050,0.00027967174721564504,5,svm_rbf,195
LT,0.0002775468335501315,5,svm_rbf,196
ER,0.0002769779445664478,5,svm_rbf,197
DR,0.0002767448546141636,5,svm_rbf,198
PL,0.00027647208122568557,5,svm_rbf,199
IC,0.00027589482229862914,5,svm_rbf,200
LN,0.00027476363073758426,5,svm_rbf,201
RK,0.0002714693585678088,5,svm_rbf,202
YN,0.0002688287711436772,5,svm_rbf,203
_ChargeD3075,0.0002670264747015948,5,svm_rbf,204
CG,0.0002666445766506296,5,svm_rbf,205
CE,0.0002640985936330399,5,svm_rbf,206
GP,0.000262017977027482,5,svm_rbf,207
NI,0.0002613548582196791,5,svm_rbf,208
QT,0.00025673374140654345,5,svm_rbf,209
AF,0.00025418266540610363,5,svm_rbf,210
YY,0.0002519328173787741,5,svm_rbf,211
HM,0.0002510092031311293,5,svm_rbf,212
DN,0.0002501367515467095,5,svm_rbf,213
ST,0.00024863124632963955,5,svm_rbf,214
_PolarizabilityC1,0.0002472437694602216,5,svm_rbf,215
_NormalizedVDWVD1025,0.00023654565791387183,5,svm_rbf,216
CM,0.0002344110926875917,5,svm_rbf,217
_SecondaryStrD1025,0.000233567622452348,5,svm_rbf,218
DL,0.00023219790956861727,5,svm_rbf,219
EA,0.0002317982099503994,5,svm_rbf,220
_PolarizabilityD2075,0.000230836393616132,5,svm_rbf,221
TS,0.00022328259507401724,5,svm_rbf,222
YD,0.00021245591456770573,5,svm_rbf,223
LR,0.00021204384762214058,5,svm_rbf,224
RP,0.00021080203877464444,5,svm_rbf,225
KA,0.0002078521288302938,5,svm_rbf,226
QR,0.00020758012336713938,5,svm_rbf,227
AL,0.00020344983059943507,5,svm_rbf,228
_ChargeD2075,0.00020313571736291523,5,svm_rbf,229
_PolarityT23,0.00020236762507954822,5,svm_rbf,230
instability,0.00020155487804095041,5,svm_rbf,231
AA,0.00019614875380208135,5,svm_rbf,232
SH,0.0001956885164749789,5,svm_rbf,233
E,0.00019525680478564117,5,svm_rbf,234
GY,0.00019379189813701646,5,svm_rbf,235
DY,0.00019286456285263386,5,svm_rbf,236
_PolarizabilityT23,0.00018755185397830912,5,svm_rbf,237
VG,0.00018713553113896194,5,svm_rbf,238
IL,0.00018654941001582955,5,svm_rbf,239
_SecondaryStrD2100,0.00018645932186351992,5,svm_rbf,240
IK,0.00018408530183157905,5,svm_rbf,241
_ChargeD3050,0.00018237007256351163,5,svm_rbf,242
YP,0.00017875941782935788,5,svm_rbf,243
_ChargeT23,0.0001783792161750581,5,svm_rbf,244
VV,0.00017706082052848995,5,svm_rbf,245
T,0.00017668810824105524,5,svm_rbf,246
_PolarityC1,0.00017632054221795597,5,svm_rbf,247
_PolarityD3025,0.00017473312949730556,5,svm_rbf,248
_ChargeD3025,0.00017394571826557763,5,svm_rbf,249
_HydrophobicityD2025,0.000173112778826109,5,svm_rbf,250
V,0.00017052866654729403,5,svm_rbf,251
FG,0.00016834362942270823,5,svm_rbf,252
TT,0.0001679830020012972,5,svm_rbf,253
_NormalizedVDWVD3050,0.00016786357579144103,5,svm_rbf,254
NN,0.00016128635179475564,5,svm_rbf,255
AG,0.0001605581154894283,5,svm_rbf,256
HW,0.00016043069175943072,5,svm_rbf,257
WN,0.00016027883669435673,5,svm_rbf,258
_SecondaryStrT12,0.00015848204773770972,5,svm_rbf,259
SP,0.0001574492146235846,5,svm_rbf,260
GQ,0.00015700676352013346,5,svm_rbf,261
TF,0.0001548488849560815,5,svm_rbf,262
_HydrophobicityD3050,0.00015238524080403716,5,svm_rbf,263
FQ,0.00015226690388489087,5,svm_rbf,264
IV,0.000151772292106221,5,svm_rbf,265
KF,0.00015114140260474092,5,svm_rbf,266
GH,0.00015060958900032275,5,svm_rbf,267
DT,0.0001504026575241539,5,svm_rbf,268
_PolarizabilityD3050,0.00014646171231947724,5,svm_rbf,269
KK,0.00014543124677245754,5,svm_rbf,270
_PolarizabilityD1075,0.0001440617343678698,5,svm_rbf,271
IP,0.00014036261817253497,5,svm_rbf,272
_PolarizabilityD2050,0.00013900426500791443,5,svm_rbf,273
VF,0.0001388233658882078,5,svm_rbf,274
SK,0.00013817237560765155,5,svm_rbf,275
KR,0.00013779266367119954,5,svm_rbf,276
YW,0.00013732401371788398,5,svm_rbf,277
PN,0.0001358299534655633,5,svm_rbf,278
_NormalizedVDWVT12,0.00013564006727354329,5,svm_rbf,279
SF,0.00013472798844293968,5,svm_rbf,280
HN,0.00012930648820984656,5,svm_rbf,281
_PolarityT13,0.00012880343236510426,5,svm_rbf,282
WE,0.0001279299110285628,5,svm_rbf,283
_NormalizedVDWVC2,0.00012712968571260413,5,svm_rbf,284
QY,0.00012708877548206347,5,svm_rbf,285
_SolventAccessibilityT23,0.00012647817801023485,5,svm_rbf,286
PG,0.0001256640332677237,5,svm_rbf,287
PH,0.00012286449062150375,5,svm_rbf,288
VH,0.00012256937001355023,5,svm_rbf,289
RR,0.00012199578163705968,5,svm_rbf,290
RW,0.00012136543429772737,5,svm_rbf,291
_ChargeD2100,0.00012033243360129148,5,svm_rbf,292
_PolarizabilityD1001,0.00011723758139796104,5,svm_rbf,293
VY,0.00011703228571294949,5,svm_rbf,294
RT,0.000116761126643922,5,svm_rbf,295
SV,0.00011592453291208451,5,svm_rbf,296
_NormalizedVDWVD2100,0.00011556105719674703,5,svm_rbf,297
HH,0.00011248896046009227,5,svm_rbf,298
PS,0.00011202744306025606,5,svm_rbf,299
WS,0.00011198500698061627,5,svm_rbf,300
FW,0.00011138696670926611,5,svm_rbf,301
KC,0.00011103213822990954,5,svm_rbf,302
YK,0.00011066672171503273,5,svm_rbf,303
_PolarityD2100,0.00010869429783735817,5,svm_rbf,304
CA,0.00010647201083606176,5,svm_rbf,305
TA,0.0001054147591556856,5,svm_rbf,306
_ChargeD2001,0.00010515337234833083,5,svm_rbf,307
HR,0.00010327352844404023,5,svm_rbf,308
QV,0.00010205237649705523,5,svm_rbf,309
QE,0.00010193255043589969,5,svm_rbf,310
TL,0.00010111528235461926,5,svm_rbf,311
_NormalizedVDWVD1100,0.0001002218923064148,5,svm_rbf,312
VP,0.00010012592081098681,5,svm_rbf,313
TR,9.86906832634279e-05,5,svm_rbf,314
NG,9.842131484745078e-05,5,svm_rbf,315
_SecondaryStrD3100,9.835500590747892e-05,5,svm_rbf,316
_SolventAccessibilityD1100,9.70119184481243e-05,5,svm_rbf,317
RV,9.583053823077826e-05,5,svm_rbf,318
_SolventAccessibilityD1001,9.582557782651253e-05,5,svm_rbf,319
_ChargeD1025,9.480335544597671e-05,5,svm_rbf,320
AS,9.244573175883961e-05,5,svm_rbf,321
YR,9.149743487383404e-05,5,svm_rbf,322
_SolventAccessibilityD2001,9.04190965275501e-05,5,svm_rbf,323
QP,8.990585685045252e-05,5,svm_rbf,324
MK,8.96651450437576e-05,5,svm_rbf,325
TI,8.953098575038917e-05,5,svm_rbf,326
_PolarityD3100,8.862112885313329e-05,5,svm_rbf,327
HA,8.753538862634818e-05,5,svm_rbf,328
II,8.744572157920878e-05,5,svm_rbf,329
CK,8.738520297261513e-05,5,svm_rbf,330
_NormalizedVDWVD1001,8.624749708882362e-05,5,svm_rbf,331
_SolventAccessibilityD2050,8.616799449491249e-05,5,svm_rbf,332
_NormalizedVDWVD3100,8.462034096183189e-05,5,svm_rbf,333
_NormalizedVDWVC3,8.439932881661798e-05,5,svm_rbf,334
A,8.419144401430988e-05,5,svm_rbf,335
VC,8.36702311729427e-05,5,svm_rbf,336
PI,8.328256241111112e-05,5,svm_rbf,337
FN,8.265504026761657e-05,5,svm_rbf,338
DS,8.163283807287594e-05,5,svm_rbf,339
LM,8.064775154545474e-05,5,svm_rbf,340
LP,7.949369013395394e-05,5,svm_rbf,341
_HydrophobicityD3100,7.791015505621173e-05,5,svm_rbf,342
NV,7.766932824016105e-05,5,svm_rbf,343
_PolarityT12,7.749718608983487e-05,5,svm_rbf,344
HE,7.734331923045832e-05,5,svm_rbf,345
FA,7.621595075349803e-05,5,svm_rbf,346
CR,7.460776316362892e-05,5,svm_rbf,347
HY,7.379454588628022e-05,5,svm_rbf,348
_SecondaryStrD1001,7.273039841682696e-05,5,svm_rbf,349
GV,7.06185479086154e-05,5,svm_rbf,350
_SolventAccessibilityD1025,7.047652516167922e-05,5,svm_rbf,351
_SolventAccessibilityC1,6.952358755960918e-05,5,svm_rbf,352
KL,6.799484891595241e-05,5,svm_rbf,353
IM,6.782250419034487e-05,5,svm_rbf,354
LI,6.67930534372709e-05,5,svm_rbf,355
_NormalizedVDWVD2025,6.626891834027189e-05,5,svm_rbf,356
VS,6.536083657497897e-05,5,svm_rbf,357
GL,6.47706566321136e-05,5,svm_rbf,358
I,6.423272005958248e-05,5,svm_rbf,359
CC,6.323267320531186e-05,5,svm_rbf,360
WI,6.248271738730198e-05,5,svm_rbf,361
_NormalizedVDWVT23,6.129560781611776e-05,5,svm_rbf,362
PT,6.009609054196609e-05,5,svm_rbf,363
SQ,6.007949780940108e-05,5,svm_rbf,364
AT,5.984899204145811e-05,5,svm_rbf,365
IT,5.9307308652490895e-05,5,svm_rbf,366
VD,5.7717116184617174e-05,5,svm_rbf,367
YS,5.614901711743092e-05,5,svm_rbf,368
SW,5.388186403323296e-05,5,svm_rbf,369
QA,5.3634790991483564e-05,5,svm_rbf,370
GN,5.35445807606396e-05,5,svm_rbf,371
FT,5.325705698598693e-05,5,svm_rbf,372
MA,5.2985305990312103e-05,5,svm_rbf,373
RH,5.213587817126714e-05,5,svm_rbf,374
_PolarizabilityD1100,5.140938612343264e-05,5,svm_rbf,375
_HydrophobicityD2050,5.1134995007944414e-05,5,svm_rbf,376
SN,5.075525633337473e-05,5,svm_rbf,377
NS,5.03139254282564e-05,5,svm_rbf,378
WL,5.014906217643944e-05,5,svm_rbf,379
GK,4.983468918411008e-05,5,svm_rbf,380
_SolventAccessibilityT13,4.956700016367397e-05,5,svm_rbf,381
RG,4.838578878854837e-05,5,svm_rbf,382
AM,4.8216601700908533e-05,5,svm_rbf,383
TW,4.73299007984619e-05,5,svm_rbf,384
QM,4.712828901002841e-05,5,svm_rbf,385
_PolarizabilityD2100,4.708668772847639e-05,5,svm_rbf,386
DV,4.515173950081891e-05,5,svm_rbf,387
_PolarityD1100,4.471428722378344e-05,5,svm_rbf,388
MD,4.343797398813257e-05,5,svm_rbf,389
MS,4.343353471639457e-05,5,svm_rbf,390
_NormalizedVDWVD1075,4.241085736227126e-05,5,svm_rbf,391
_NormalizedVDWVD2001,3.942941728164303e-05,5,svm_rbf,392
PR,3.884196245828207e-05,5,svm_rbf,393
DG,3.846275609688195e-05,5,svm_rbf,394
M,3.793604864795465e-05,5,svm_rbf,395
pI,3.7492946720567934e-05,5,svm_rbf,396
PC,3.7313404691027e-05,5,svm_rbf,397
AQ,3.6260890019188e-05,5,svm_rbf,398
MY,3.564714152756557e-05,5,svm_rbf,399
PF,3.523941071163308e-05,5,svm_rbf,400
IS,3.3538165936222394e-05,5,svm_rbf,401
NM,3.3382867135274135e-05,5,svm_rbf,402
EN,3.308769407487096e-05,5,svm_rbf,403
YT,3.2776164023719316e-05,5,svm_rbf,404
KH,3.247508520663908e-05,5,svm_rbf,405
DQ,3.2422692418604105e-05,5,svm_rbf,406
KM,3.187500517827955e-05,5,svm_rbf,407
KV,3.060513395177478e-05,5,svm_rbf,408
_SolventAccessibilityD2025,3.038007105158609e-05,5,svm_rbf,409
VK,2.8910312833622115e-05,5,svm_rbf,410
DH,2.7844077265816195e-05,5,svm_rbf,411
LD,2.6867476384414567e-05,5,svm_rbf,412
TC,2.6804778243499605e-05,5,svm_rbf,413
_PolarityD2075,2.5680699746815326e-05,5,svm_rbf,414
IH,2.3490106489138115e-05,5,svm_rbf,415
_HydrophobicityD2075,1.994897946179025e-05,5,svm_rbf,416
PW,1.9449241902970243e-05,5,svm_rbf,417
KT,1.8510746807593736e-05,5,svm_rbf,418
WK,1.8429907053463656e-05,5,svm_rbf,419
_ChargeT12,1.7451565115469075e-05,5,svm_rbf,420
_ChargeD1075,1.714265016237987e-05,5,svm_rbf,421
AN,1.5204584551724468e-05,5,svm_rbf,422
_SecondaryStrD2025,1.389815417461915e-05,5,svm_rbf,423
MV,1.2884109980694826e-05,5,svm_rbf,424
_PolarityD3001,1.276792135533206e-05,5,svm_rbf,425
_HydrophobicityC2,1.2701993970651514e-05,5,svm_rbf,426
MQ,1.1735452027752574e-05,5,svm_rbf,427
_NormalizedVDWVD1050,1.1046192061015196e-05,5,svm_rbf,428
TG,9.280783303632844e-06,5,svm_rbf,429
LV,8.606156923856463e-06,5,svm_rbf,430
VE,8.49731440236761e-06,5,svm_rbf,431
VL,7.57329586535522e-06,5,svm_rbf,432
_PolarityD1025,5.48098184474801e-06,5,svm_rbf,433
SY,5.0898714161091705e-06,5,svm_rbf,434
_HydrophobicityT23,4.400519853351733e-06,5,svm_rbf,435
_HydrophobicityD2001,3.6402787404498245e-06,5,svm_rbf,436
R,3.53291079869679e-06,5,svm_rbf,437
AP,5.429544788670277e-07,5,svm_rbf,438
YI,0.0,5,svm_rbf,439
_SecondaryStrD1050,0.0,5,svm_rbf,440
SI,0.0,5,svm_rbf,441
_SecondaryStrD3025,0.0,5,svm_rbf,442
YC,0.0,5,svm_rbf,443
YM,0.0,5,svm_rbf,444
WY,0.0,5,svm_rbf,445
_ChargeD3100,0.0,5,svm_rbf,446
aromaticity,0.0,5,svm_rbf,447
SL,0.0,5,svm_rbf,448
WW,0.0,5,svm_rbf,449
WV,0.0,5,svm_rbf,450
TM,0.0,5,svm_rbf,451
WT,0.0,5,svm_rbf,452
VW,0.0,5,svm_rbf,453
TQ,0.0,5,svm_rbf,454
TY,0.0,5,svm_rbf,455
K,0.0,5,svm_rbf,456
TH,0.0,5,svm_rbf,457
TE,0.0,5,svm_rbf,458
VM,0.0,5,svm_rbf,459
SC,0.0,5,svm_rbf,460
F,0.0,5,svm_rbf,461
TP,0.0,5,svm_rbf,462
WR,0.0,5,svm_rbf,463
WA,0.0,5,svm_rbf,464
SS,0.0,5,svm_rbf,465
SR,0.0,5,svm_rbf,466
_ChargeD1100,0.0,5,svm_rbf,467
WF,0.0,5,svm_rbf,468
_SolventAccessibilityD3100,0.0,5,svm_rbf,469
WH,0.0,5,svm_rbf,470
WM,0.0,5,svm_rbf,471
_PolarityD2025,0.0,5,svm_rbf,472
CY,0.0,5,svm_rbf,473
_PolarityD2050,0.0,5,svm_rbf,474
_NormalizedVDWVT13,0.0,5,svm_rbf,475
GC,0.0,5,svm_rbf,476
GG,0.0,5,svm_rbf,477
GI,0.0,5,svm_rbf,478
GM,0.0,5,svm_rbf,479
GS,0.0,5,svm_rbf,480
_SolventAccessibilityD1050,0.0,5,svm_rbf,481
GW,0.0,5,svm_rbf,482
HC,0.0,5,svm_rbf,483
HD,0.0,5,svm_rbf,484
HF,0.0,5,svm_rbf,485
HK,0.0,5,svm_rbf,486
HL,0.0,5,svm_rbf,487
HP,0.0,5,svm_rbf,488
HQ,0.0,5,svm_rbf,489
HT,0.0,5,svm_rbf,490
IF,0.0,5,svm_rbf,491
IG,0.0,5,svm_rbf,492
IN,0.0,5,svm_rbf,493
_SolventAccessibilityT12,0.0,5,svm_rbf,494
IW,0.0,5,svm_rbf,495
KD,0.0,5,svm_rbf,496
FY,0.0,5,svm_rbf,497
FR,0.0,5,svm_rbf,498
AI,0.0,5,svm_rbf,499
FP,0.0,5,svm_rbf,500
CW,0.0,5,svm_rbf,501
DD,0.0,5,svm_rbf,502
_PolarizabilityD3075,0.0,5,svm_rbf,503
DK,0.0,5,svm_rbf,504
DP,0.0,5,svm_rbf,505
DW,0.0,5,svm_rbf,506
ED,0.0,5,svm_rbf,507
CQ,0.0,5,svm_rbf,508
EF,0.0,5,svm_rbf,509
_PolarizabilityD2001,0.0,5,svm_rbf,510
EH,0.0,5,svm_rbf,511
CI,0.0,5,svm_rbf,512
CH,0.0,5,svm_rbf,513
CD,0.0,5,svm_rbf,514
ES,0.0,5,svm_rbf,515
ET,0.0,5,svm_rbf,516
_PolarizabilityD1025,0.0,5,svm_rbf,517
FF,0.0,5,svm_rbf,518
AW,0.0,5,svm_rbf,519
FI,0.0,5,svm_rbf,520
FM,0.0,5,svm_rbf,521
KE,0.0,5,svm_rbf,522
KP,0.0,5,svm_rbf,523
RY,0.0,5,svm_rbf,524
NW,0.0,5,svm_rbf,525
_PolarizabilityC2,0.0,5,svm_rbf,526
PP,0.0,5,svm_rbf,527
PV,0.0,5,svm_rbf,528
PY,0.0,5,svm_rbf,529
QC,0.0,5,svm_rbf,530
QD,0.0,5,svm_rbf,531
QF,0.0,5,svm_rbf,532
QG,0.0,5,svm_rbf,533
QH,0.0,5,svm_rbf,534
Y,0.0,5,svm_rbf,535
QN,0.0,5,svm_rbf,536
QQ,0.0,5,svm_rbf,537
_PolarityD3075,0.0,5,svm_rbf,538
QW,0.0,5,svm_rbf,539
RC,0.0,5,svm_rbf,540
RE,0.0,5,svm_rbf,541
RI,0.0,5,svm_rbf,542
RL,0.0,5,svm_rbf,543
RM,0.0,5,svm_rbf,544
RN,0.0,5,svm_rbf,545
RS,0.0,5,svm_rbf,546
PD,0.0,5,svm_rbf,547
NT,0.0,5,svm_rbf,548
AE,0.0,5,svm_rbf,549
NQ,0.0,5,svm_rbf,550
KY,0.0,5,svm_rbf,551
_PolarityC2,0.0,5,svm_rbf,552
_HydrophobicityD3075,0.0,5,svm_rbf,553
LQ,0.0,5,svm_rbf,554
MC,0.0,5,svm_rbf,555
MF,0.0,5,svm_rbf,556
MG,0.0,5,svm_rbf,557
_HydrophobicityD1100,0.0,5,svm_rbf,558
_HydrophobicityD1050,0.0,5,svm_rbf,559
MM,0.0,5,svm_rbf,560
_HydrophobicityD1025,0.0,5,svm_rbf,561
MP,0.0,5,svm_rbf,562
_NormalizedVDWVD3075,0.0,5,svm_rbf,563
MW,0.0,5,svm_rbf,564
_PolarizabilityD3025,0.0,5,svm_rbf,565
NA,0.0,5,svm_rbf,566
NC,0.0,5,svm_rbf,567
NF,0.0,5,svm_rbf,568
NH,0.0,5,svm_rbf,569
_NormalizedVDWVD2075,0.0,5,svm_rbf,570
NP,0.0,5,svm_rbf,571
_SecondaryStrD1100,0.0,5,svm_rbf,572
MG,1.6441251803678313e+29,6,svm_rbf,1
_PolarizabilityD1025,1.6441251803678313e+29,6,svm_rbf,2
YR,15387741767280.78,6,svm_rbf,3
TT,7130256369571.702,6,svm_rbf,4
_NormalizedVDWVD3075,5216310130337.726,6,svm_rbf,5
HD,5216310130337.724,6,svm_rbf,6
FN,4627249208271.342,6,svm_rbf,7
ST,3930629238084.06,6,svm_rbf,8
_SecondaryStrD3075,3565128184785.8545,6,svm_rbf,9
_HydrophobicityD1001,703767720370.7747,6,svm_rbf,10
AI,0.006706816631759139,6,svm_rbf,11
SV,0.00612283281295957,6,svm_rbf,12
_ChargeD1025,0.0055188574940608645,6,svm_rbf,13
_PolarityC2,0.004826066197460057,6,svm_rbf,14
DY,0.0047664238520347575,6,svm_rbf,15
RA,0.004275701042569747,6,svm_rbf,16
EE,0.004048770085774154,6,svm_rbf,17
M,0.0036787678671199565,6,svm_rbf,18
DN,0.0036494538012023926,6,svm_rbf,19
CS,0.0035698764066850954,6,svm_rbf,20
_NormalizedVDWVT13,0.003519021132283623,6,svm_rbf,21
_ChargeD2100,0.0034527411773153257,6,svm_rbf,22
TD,0.003404625500085103,6,svm_rbf,23
VL,0.0032298896109531866,6,svm_rbf,24
IS,0.0031079613548912234,6,svm_rbf,25
VS,0.0030967622559387414,6,svm_rbf,26
P,0.0030848171803942613,6,svm_rbf,27
RT,0.0030629308608488763,6,svm_rbf,28
QT,0.002855271651191327,6,svm_rbf,29
_PolarizabilityD2050,0.002842960021727403,6,svm_rbf,30
RG,0.002774539015666341,6,svm_rbf,31
IR,0.002774539015666333,6,svm_rbf,32
LN,0.00274029250528889,6,svm_rbf,33
KI,0.002702703339037606,6,svm_rbf,34
KQ,0.0026990502267839004,6,svm_rbf,35
ES,0.002698679288440015,6,svm_rbf,36
SC,0.0026695820478208343,6,svm_rbf,37
AH,0.0026145644252106148,6,svm_rbf,38
DM,0.0025988497435783385,6,svm_rbf,39
QS,0.0025527955524988037,6,svm_rbf,40
_PolarizabilityD2075,0.0025278578765087984,6,svm_rbf,41
TL,0.0025017710116804577,6,svm_rbf,42
FF,0.002492982357433103,6,svm_rbf,43
VI,0.002491520415707574,6,svm_rbf,44
MY,0.002490597375434924,6,svm_rbf,45
CV,0.0024885653200405304,6,svm_rbf,46
WQ,0.0024781098499368675,6,svm_rbf,47
VH,0.002466218944449979,6,svm_rbf,48
_SolventAccessibilityD2025,0.0024549100365875982,6,svm_rbf,49
ME,0.0024465562989633622,6,svm_rbf,50
_HydrophobicityD3050,0.0024333305946278444,6,svm_rbf,51
_NormalizedVDWVD1050,0.0023559254800993076,6,svm_rbf,52
mw,0.0023360079048559,6,svm_rbf,53
TP,0.002327800345030817,6,svm_rbf,54
TK,0.002320257712485342,6,svm_rbf,55
VT,0.0023049621223537693,6,svm_rbf,56
DL,0.0022975372756577723,6,svm_rbf,57
_ChargeD2075,0.0022833584041137586,6,svm_rbf,58
LG,0.0022655928083425664,6,svm_rbf,59
LH,0.0022203406486140703,6,svm_rbf,60
GW,0.002180304936137809,6,svm_rbf,61
LY,0.0021266750585140427,6,svm_rbf,62
PA,0.0021039737535718554,6,svm_rbf,63
VP,0.002095904531795176,6,svm_rbf,64
GA,0.002070671147747525,6,svm_rbf,65
VY,0.002025019458062403,6,svm_rbf,66
KT,0.002012166228531692,6,svm_rbf,67
FI,0.0019979257942150113,6,svm_rbf,68
TC,0.0019471999085499314,6,svm_rbf,69
LP,0.0019436515822416366,6,svm_rbf,70
YT,0.001933427446785141,6,svm_rbf,71
_SolventAccessibilityD3050,0.0019026804925661377,6,svm_rbf,72
SG,0.0018492458690340626,6,svm_rbf,73
_SecondaryStrD1001,0.001801763001456455,6,svm_rbf,74
YM,0.0017971635357803045,6,svm_rbf,75
PN,0.0017715315456318433,6,svm_rbf,76
length,0.0017592232113914027,6,svm_rbf,77
YF,0.0017477694894993618,6,svm_rbf,78
_PolarizabilityD3100,0.0017434350569624103,6,svm_rbf,79
SA,0.001726999282056991,6,svm_rbf,80
EV,0.0017226450166933657,6,svm_rbf,81
_ChargeT12,0.0017047789269077104,6,svm_rbf,82
MN,0.0016961041341786386,6,svm_rbf,83
TW,0.0016825943357606438,6,svm_rbf,84
DR,0.001674415175920525,6,svm_rbf,85
_ChargeD3050,0.001664400638707829,6,svm_rbf,86
FR,0.0016343168136228109,6,svm_rbf,87
RE,0.001630771051006828,6,svm_rbf,88
QD,0.0016235297807793148,6,svm_rbf,89
VF,0.0016061616700594169,6,svm_rbf,90
_SolventAccessibilityC1,0.001600759327853567,6,svm_rbf,91
HY,0.0015963376300343148,6,svm_rbf,92
S,0.0015954768944512953,6,svm_rbf,93
_HydrophobicityT12,0.001595175112539941,6,svm_rbf,94
_SolventAccessibilityC2,0.0015874001933058831,6,svm_rbf,95
FE,0.0015448477771358607,6,svm_rbf,96
QI,0.0015370463727205086,6,svm_rbf,97
SQ,0.0015279841372393662,6,svm_rbf,98
T,0.001527858283159169,6,svm_rbf,99
NC,0.0014963018238143377,6,svm_rbf,100
TF,0.0014481147283978873,6,svm_rbf,101
AM,0.0014458827970277824,6,svm_rbf,102
EG,0.001441388600251849,6,svm_rbf,103
_PolarityD2050,0.001440178932554089,6,svm_rbf,104
_PolarityT12,0.0013920105338981318,6,svm_rbf,105
HG,0.0013580721089035688,6,svm_rbf,106
IM,0.0013376852648205573,6,svm_rbf,107
KG,0.0013319346665797522,6,svm_rbf,108
YI,0.0013175330841934051,6,svm_rbf,109
QA,0.0013147397752817837,6,svm_rbf,110
PG,0.0013127677391273345,6,svm_rbf,111
_HydrophobicityT13,0.001282170519811005,6,svm_rbf,112
_SolventAccessibilityD2100,0.001280213329916621,6,svm_rbf,113
_PolarityD1075,0.0012756776099264342,6,svm_rbf,114
_PolarizabilityT23,0.001266358654739704,6,svm_rbf,115
FS,0.0012580299147547467,6,svm_rbf,116
_PolarityD3050,0.0012482184428537855,6,svm_rbf,117
_SecondaryStrD2001,0.0012290033083823004,6,svm_rbf,118
AD,0.0012266141702625974,6,svm_rbf,119
TS,0.001221317631065526,6,svm_rbf,120
DF,0.0012172560427349305,6,svm_rbf,121
SI,0.0011836325773485364,6,svm_rbf,122
AR,0.0011789754311460198,6,svm_rbf,123
GP,0.0011605631169035735,6,svm_rbf,124
CC,0.0011582521624479189,6,svm_rbf,125
_ChargeD2025,0.0011489461096188904,6,svm_rbf,126
_SolventAccessibilityC3,0.0011308964455072343,6,svm_rbf,127
_ChargeT13,0.0011308964455072343,6,svm_rbf,128
_HydrophobicityD1100,0.0011210291331877889,6,svm_rbf,129
_NormalizedVDWVD1025,0.001119119026760524,6,svm_rbf,130
_SolventAccessibilityD2075,0.0010996878887274833,6,svm_rbf,131
WP,0.0010991728868410915,6,svm_rbf,132
SD,0.001095615777700668,6,svm_rbf,133
DS,0.0010877791529560951,6,svm_rbf,134
_NormalizedVDWVD2025,0.0010654784647487444,6,svm_rbf,135
CF,0.0010551757566054647,6,svm_rbf,136
_SolventAccessibilityT12,0.0010523217780062514,6,svm_rbf,137
CK,0.0010475485900878808,6,svm_rbf,138
_HydrophobicityD2100,0.0010389185772266708,6,svm_rbf,139
HM,0.001013624770549155,6,svm_rbf,140
PP,0.0010087411134970354,6,svm_rbf,141
KC,0.00100824840205045,6,svm_rbf,142
QE,0.0010020665862566622,6,svm_rbf,143
_PolarizabilityD2100,0.0009985643213899888,6,svm_rbf,144
_SecondaryStrT23,0.0009961776290937053,6,svm_rbf,145
AW,0.0009910027172492027,6,svm_rbf,146
GK,0.0009836451994358513,6,svm_rbf,147
_PolarityC1,0.000977489694993231,6,svm_rbf,148
IN,0.0009633827930304395,6,svm_rbf,149
LQ,0.0009601547917629258,6,svm_rbf,150
LM,0.0009586915924352736,6,svm_rbf,151
PS,0.0009565982090741234,6,svm_rbf,152
_PolarizabilityD1075,0.0009398854304664493,6,svm_rbf,153
FH,0.0009380041693126178,6,svm_rbf,154
_PolarityD3001,0.0009296763385520457,6,svm_rbf,155
PM,0.0009272450165908157,6,svm_rbf,156
KN,0.0009251370776767559,6,svm_rbf,157
LC,0.0009200212097382138,6,svm_rbf,158
VW,0.0009123056559925838,6,svm_rbf,159
AA,0.0009066687652514502,6,svm_rbf,160
HR,0.0008995190289920518,6,svm_rbf,161
QN,0.0008902322365931971,6,svm_rbf,162
_ChargeD1050,0.0008765507038199571,6,svm_rbf,163
YP,0.0008680227168579147,6,svm_rbf,164
L,0.0008669965701609185,6,svm_rbf,165
PQ,0.0008664879377853746,6,svm_rbf,166
QC,0.0008657076672452926,6,svm_rbf,167
IV,0.0008634754243599836,6,svm_rbf,168
DC,0.0008608254744638189,6,svm_rbf,169
EP,0.0008600227477902211,6,svm_rbf,170
K,0.0008568521278600384,6,svm_rbf,171
PE,0.0008528146858069691,6,svm_rbf,172
_HydrophobicityD1050,0.0008486887554751243,6,svm_rbf,173
WL,0.0008445601802613362,6,svm_rbf,174
_ChargeC2,0.000840609324110538,6,svm_rbf,175
IP,0.0008385190962694622,6,svm_rbf,176
YK,0.0008366496164683406,6,svm_rbf,177
LA,0.0008348767021506505,6,svm_rbf,178
FP,0.0008300169685927053,6,svm_rbf,179
_ChargeC1,0.0008206658260488843,6,svm_rbf,180
RS,0.0008160286324751854,6,svm_rbf,181
V,0.0008131962295798299,6,svm_rbf,182
QR,0.0008106072267215517,6,svm_rbf,183
_ChargeD1100,0.0008065305988980326,6,svm_rbf,184
MA,0.0008039874621212594,6,svm_rbf,185
_NormalizedVDWVC2,0.0008001069895828389,6,svm_rbf,186
PF,0.0007964376172995344,6,svm_rbf,187
_NormalizedVDWVD2050,0.0007961035511734532,6,svm_rbf,188
EY,0.0007921580448810177,6,svm_rbf,189
_PolarizabilityD2001,0.000790305725541614,6,svm_rbf,190
_SolventAccessibilityD3100,0.0007879237477801441,6,svm_rbf,191
HS,0.000785488272335344,6,svm_rbf,192
_HydrophobicityD3075,0.0007854299950875407,6,svm_rbf,193
pI,0.0007827505354275129,6,svm_rbf,194
EL,0.0007739681923787736,6,svm_rbf,195
_NormalizedVDWVT23,0.0007729911540791301,6,svm_rbf,196
EQ,0.0007675058913003067,6,svm_rbf,197
WR,0.000765272973279516,6,svm_rbf,198
IY,0.0007651663735726586,6,svm_rbf,199
MI,0.0007649937476247569,6,svm_rbf,200
YN,0.0007576530323678639,6,svm_rbf,201
LT,0.0007566074600856926,6,svm_rbf,202
CN,0.0007515536376416732,6,svm_rbf,203
_SolventAccessibilityD1050,0.0007447473399778444,6,svm_rbf,204
_SolventAccessibilityT13,0.0007398593033034435,6,svm_rbf,205
_HydrophobicityD1025,0.000736368533950828,6,svm_rbf,206
_PolarizabilityD1050,0.0007305980701795364,6,svm_rbf,207
_PolarityD2075,0.0007254734835736288,6,svm_rbf,208
NQ,0.0007245107556914267,6,svm_rbf,209
_PolarizabilityC3,0.000722819331252745,6,svm_rbf,210
EI,0.0007157734048291003,6,svm_rbf,211
_PolarizabilityD3050,0.0007126125730862759,6,svm_rbf,212
YG,0.0007048922139688998,6,svm_rbf,213
KF,0.0007008717876879598,6,svm_rbf,214
_NormalizedVDWVD3100,0.0006988566201895552,6,svm_rbf,215
QK,0.0006926490229559015,6,svm_rbf,216
MT,0.000689984428283,6,svm_rbf,217
PY,0.0006837581404589865,6,svm_rbf,218
E,0.0006827862931597868,6,svm_rbf,219
ID,0.0006824981652562047,6,svm_rbf,220
W,0.000681745345579078,6,svm_rbf,221
ER,0.0006816436477263157,6,svm_rbf,222
PR,0.0006743398470243003,6,svm_rbf,223
_ChargeD2001,0.0006728790721948248,6,svm_rbf,224
DG,0.0006671174800667344,6,svm_rbf,225
_ChargeD3001,0.0006632649905317897,6,svm_rbf,226
GD,0.000654428958972479,6,svm_rbf,227
FW,0.0006511678659833387,6,svm_rbf,228
C,0.0006490743886427314,6,svm_rbf,229
DK,0.0006484669797872045,6,svm_rbf,230
AL,0.0006451406908486718,6,svm_rbf,231
CL,0.0006295961743421373,6,svm_rbf,232
VG,0.0006012022119641927,6,svm_rbf,233
NT,0.0006001100966354317,6,svm_rbf,234
RL,0.0005940338563358155,6,svm_rbf,235
AV,0.0005895931346356923,6,svm_rbf,236
NS,0.0005876767228694237,6,svm_rbf,237
AQ,0.0005813173091163932,6,svm_rbf,238
TI,0.0005649952127552369,6,svm_rbf,239
EF,0.0005612231411132936,6,svm_rbf,240
WT,0.0005590630914143634,6,svm_rbf,241
_PolarityD2100,0.0005586234007986842,6,svm_rbf,242
_HydrophobicityD2001,0.0005561455935605579,6,svm_rbf,243
MF,0.0005535501115177153,6,svm_rbf,244
_SecondaryStrD1025,0.0005533099386408813,6,svm_rbf,245
AS,0.0005518092470167367,6,svm_rbf,246
EN,0.0005510456533620893,6,svm_rbf,247
VA,0.0005487809044735675,6,svm_rbf,248
_SecondaryStrD1075,0.0005487279747916105,6,svm_rbf,249
DQ,0.0005486978518575855,6,svm_rbf,250
_NormalizedVDWVT12,0.0005455464663104465,6,svm_rbf,251
MR,0.0005420912072934359,6,svm_rbf,252
AK,0.0005386125508903291,6,svm_rbf,253
SH,0.0005350917115348336,6,svm_rbf,254
_HydrophobicityD1075,0.0005333352562066368,6,svm_rbf,255
_NormalizedVDWVD2075,0.0005287883867954865,6,svm_rbf,256
_SolventAccessibilityD2001,0.0005171059234661472,6,svm_rbf,257
IC,0.0005038278596505668,6,svm_rbf,258
PH,0.0005038278596505652,6,svm_rbf,259
_PolarityD3075,0.0004994452319140694,6,svm_rbf,260
FQ,0.0004966672461957194,6,svm_rbf,261
VV,0.0004952156994900705,6,svm_rbf,262
GT,0.0004861391127059889,6,svm_rbf,263
F,0.00047615220312189954,6,svm_rbf,264
PK,0.0004727209092744114,6,svm_rbf,265
HL,0.00047034360598109605,6,svm_rbf,266
_SecondaryStrC1,0.0004681730529027195,6,svm_rbf,267
_HydrophobicityC3,0.0004438495625228253,6,svm_rbf,268
QV,0.00043851219859164286,6,svm_rbf,269
QG,0.0004380907122573805,6,svm_rbf,270
EA,0.00043613701589519213,6,svm_rbf,271
YC,0.00043358622144264733,6,svm_rbf,272
_PolarizabilityC2,0.0004295940471415991,6,svm_rbf,273
_NormalizedVDWVD1100,0.00042855219343352014,6,svm_rbf,274
IH,0.000425816864965663,6,svm_rbf,275
_PolarityD1025,0.0004246046000766413,6,svm_rbf,276
WA,0.0004143652295973484,6,svm_rbf,277
NA,0.00041214286563547324,6,svm_rbf,278
AT,0.0004082872902078372,6,svm_rbf,279
_PolarityD1100,0.0004014893467382507,6,svm_rbf,280
ED,0.0003998072470329009,6,svm_rbf,281
GY,0.0003984651116052353,6,svm_rbf,282
IL,0.0003968929479028449,6,svm_rbf,283
KK,0.0003921352636828616,6,svm_rbf,284
LK,0.0003915706952122601,6,svm_rbf,285
RR,0.0003910791532035951,6,svm_rbf,286
GV,0.0003892463219916398,6,svm_rbf,287
VM,0.00038673359661618,6,svm_rbf,288
GM,0.0003863500282701074,6,svm_rbf,289
_HydrophobicityD2075,0.0003805871770369146,6,svm_rbf,290
IF,0.00037827395175048223,6,svm_rbf,291
YS,0.00037745580147113193,6,svm_rbf,292
_PolarityC3,0.00037669134472015814,6,svm_rbf,293
DW,0.0003757986102064876,6,svm_rbf,294
_NormalizedVDWVD3050,0.0003751141944986554,6,svm_rbf,295
_ChargeC3,0.0003633586999740705,6,svm_rbf,296
_PolarizabilityT12,0.0003623235122682924,6,svm_rbf,297
QH,0.00035913373206051646,6,svm_rbf,298
AF,0.0003493944382703161,6,svm_rbf,299
_SolventAccessibilityT23,0.0003492965785139356,6,svm_rbf,300
DV,0.00033680297462317164,6,svm_rbf,301
_PolarizabilityD1001,0.00033557928309355437,6,svm_rbf,302
EH,0.000330588877184256,6,svm_rbf,303
LD,0.0003305680885530911,6,svm_rbf,304
_HydrophobicityC2,0.00032232570027763475,6,svm_rbf,305
NM,0.00032094231569888615,6,svm_rbf,306
EK,0.0003188325979190932,6,svm_rbf,307
_SolventAccessibilityD1100,0.00031558416606840295,6,svm_rbf,308
_PolarityD2025,0.0003125682534534023,6,svm_rbf,309
PL,0.00031233239795753863,6,svm_rbf,310
KW,0.00030863652496712705,6,svm_rbf,311
GF,0.00030787428079320447,6,svm_rbf,312
_SecondaryStrD3001,0.0003074459692671554,6,svm_rbf,313
_HydrophobicityT23,0.00030570638907630854,6,svm_rbf,314
LE,0.0002987344143498133,6,svm_rbf,315
SK,0.0002967899894549469,6,svm_rbf,316
GR,0.0002922462662008914,6,svm_rbf,317
ET,0.00028956829095239334,6,svm_rbf,318
_ChargeT23,0.00028900697251642933,6,svm_rbf,319
_SolventAccessibilityD3075,0.0002856608432419969,6,svm_rbf,320
IK,0.00028379141424969697,6,svm_rbf,321
HQ,0.00027586078095732003,6,svm_rbf,322
GG,0.0002757188113605588,6,svm_rbf,323
_SecondaryStrC3,0.0002724626531062665,6,svm_rbf,324
NL,0.0002706487537209224,6,svm_rbf,325
CA,0.0002692343741590858,6,svm_rbf,326
_ChargeD1001,0.0002688189938190439,6,svm_rbf,327
DD,0.00026452962413495834,6,svm_rbf,328
KM,0.0002643806070221566,6,svm_rbf,329
TV,0.00026333145049449517,6,svm_rbf,330
_PolarizabilityD3001,0.0002608377585009639,6,svm_rbf,331
_SecondaryStrD3100,0.0002589420244135787,6,svm_rbf,332
EM,0.00025888469931110503,6,svm_rbf,333
AC,0.00025878025623745954,6,svm_rbf,334
_SecondaryStrT13,0.0002565058760915123,6,svm_rbf,335
NG,0.000252482423633432,6,svm_rbf,336
EW,0.0002524124386339309,6,svm_rbf,337
PT,0.0002497640578578411,6,svm_rbf,338
TY,0.0002447525774625424,6,svm_rbf,339
RY,0.00024467966966024607,6,svm_rbf,340
_PolarityD1050,0.00023905504923416452,6,svm_rbf,341
RW,0.0002315315390851365,6,svm_rbf,342
LL,0.00022557214531369467,6,svm_rbf,343
HV,0.00021699830016554076,6,svm_rbf,344
QL,0.00021011075372333535,6,svm_rbf,345
A,0.00020920966389962218,6,svm_rbf,346
N,0.0002014552396756977,6,svm_rbf,347
NE,0.00020125393676389457,6,svm_rbf,348
MQ,0.00019755311013502425,6,svm_rbf,349
IE,0.00019202382354414896,6,svm_rbf,350
KA,0.0001909236519320548,6,svm_rbf,351
DT,0.00018835889908942467,6,svm_rbf,352
VD,0.00018064083317645863,6,svm_rbf,353
TG,0.00017847255846877166,6,svm_rbf,354
WE,0.00017642392654832799,6,svm_rbf,355
GH,0.00017449930655651192,6,svm_rbf,356
_PolarityT23,0.0001714385802461424,6,svm_rbf,357
VC,0.00016838678465179877,6,svm_rbf,358
MK,0.00016292742955571564,6,svm_rbf,359
_SolventAccessibilityD1001,0.0001590194847080487,6,svm_rbf,360
MS,0.00014893059301919045,6,svm_rbf,361
_NormalizedVDWVD2001,0.00014453517621297436,6,svm_rbf,362
_HydrophobicityD3100,0.00014401640679889875,6,svm_rbf,363
WS,0.00014345596768182013,6,svm_rbf,364
_SecondaryStrD2050,0.00014216518987686052,6,svm_rbf,365
NI,0.0001384611412338556,6,svm_rbf,366
_SecondaryStrD1050,0.00013764341358630378,6,svm_rbf,367
_PolarityT13,0.00013712860728658358,6,svm_rbf,368
_PolarizabilityD3075,0.000135344928189282,6,svm_rbf,369
KS,0.0001345732276171251,6,svm_rbf,370
MP,0.00013432182905395888,6,svm_rbf,371
SL,0.0001336708422544765,6,svm_rbf,372
LF,0.00013248327587286248,6,svm_rbf,373
HE,0.00012498890963284838,6,svm_rbf,374
YV,0.00012058402650742928,6,svm_rbf,375
RH,0.00011884068856290195,6,svm_rbf,376
FG,0.0001152955307359475,6,svm_rbf,377
YE,0.00011473556639225068,6,svm_rbf,378
NW,0.0001130406766551432,6,svm_rbf,379
_NormalizedVDWVD1001,0.0001121712132677935,6,svm_rbf,380
RK,0.0001113858739815534,6,svm_rbf,381
NV,0.0001112071444406644,6,svm_rbf,382
TR,0.00011115287354580211,6,svm_rbf,383
_PolarityD3025,0.00011085330004784832,6,svm_rbf,384
Y,0.00011048549329697762,6,svm_rbf,385
_SecondaryStrD1100,0.00011008614345364778,6,svm_rbf,386
_HydrophobicityD3025,0.00010679649817195685,6,svm_rbf,387
IG,0.00010489468165631344,6,svm_rbf,388
LS,0.00010126465511959556,6,svm_rbf,389
_SecondaryStrT12,9.97819821684763e-05,6,svm_rbf,390
DP,9.8670763655897e-05,6,svm_rbf,391
Q,9.766847097794801e-05,6,svm_rbf,392
_NormalizedVDWVC3,9.545438331164906e-05,6,svm_rbf,393
NK,9.538320354032276e-05,6,svm_rbf,394
_SecondaryStrD2100,9.347133935989064e-05,6,svm_rbf,395
KE,8.879461238741097e-05,6,svm_rbf,396
NR,8.73454313198639e-05,6,svm_rbf,397
KV,8.661473522014813e-05,6,svm_rbf,398
TQ,8.439957668936829e-05,6,svm_rbf,399
_SecondaryStrD3025,7.79769604142202e-05,6,svm_rbf,400
_SecondaryStrC2,7.391213809717187e-05,6,svm_rbf,401
DE,7.368456481697364e-05,6,svm_rbf,402
_PolarizabilityD2025,7.17554891655145e-05,6,svm_rbf,403
_PolarityD2001,6.986896522997501e-05,6,svm_rbf,404
RV,6.94751187074934e-05,6,svm_rbf,405
_SolventAccessibilityD3001,6.74823318664885e-05,6,svm_rbf,406
CD,6.527978637592997e-05,6,svm_rbf,407
ND,6.41168814660262e-05,6,svm_rbf,408
VE,5.983292042840053e-05,6,svm_rbf,409
PD,5.756610206514232e-05,6,svm_rbf,410
GN,5.742607725010995e-05,6,svm_rbf,411
FD,5.421042863014768e-05,6,svm_rbf,412
_SolventAccessibilityD2050,5.368886090453116e-05,6,svm_rbf,413
_SecondaryStrD2075,5.011271527331798e-05,6,svm_rbf,414
GC,4.9017150978090905e-05,6,svm_rbf,415
LI,4.7378342620255896e-05,6,svm_rbf,416
RD,4.3480508885050605e-05,6,svm_rbf,417
VQ,4.315573381644788e-05,6,svm_rbf,418
LW,4.01894687088999e-05,6,svm_rbf,419
_SolventAccessibilityD3025,3.6998800087379406e-05,6,svm_rbf,420
_NormalizedVDWVD3025,3.557484834787444e-05,6,svm_rbf,421
QY,3.5120423057438856e-05,6,svm_rbf,422
MV,3.462964428090629e-05,6,svm_rbf,423
_HydrophobicityD3001,2.987556678196878e-05,6,svm_rbf,424
QQ,2.429585953437723e-05,6,svm_rbf,425
QF,2.0552415002740542e-05,6,svm_rbf,426
TM,1.8731135121478897e-05,6,svm_rbf,427
DA,1.2352083074441301e-05,6,svm_rbf,428
_NormalizedVDWVC1,1.0915841080409172e-05,6,svm_rbf,429
PW,2.098921444644931e-06,6,svm_rbf,430
aromaticity,0.0,6,svm_rbf,431
WV,0.0,6,svm_rbf,432
WK,0.0,6,svm_rbf,433
TA,0.0,6,svm_rbf,434
WM,0.0,6,svm_rbf,435
SY,0.0,6,svm_rbf,436
WN,0.0,6,svm_rbf,437
SW,0.0,6,svm_rbf,438
I,0.0,6,svm_rbf,439
_PolarizabilityC1,0.0,6,svm_rbf,440
SS,0.0,6,svm_rbf,441
WW,0.0,6,svm_rbf,442
WH,0.0,6,svm_rbf,443
SR,0.0,6,svm_rbf,444
WY,0.0,6,svm_rbf,445
YA,0.0,6,svm_rbf,446
YD,0.0,6,svm_rbf,447
_SecondaryStrD3050,0.0,6,svm_rbf,448
SP,0.0,6,svm_rbf,449
SN,0.0,6,svm_rbf,450
SM,0.0,6,svm_rbf,451
R,0.0,6,svm_rbf,452
WI,0.0,6,svm_rbf,453
WG,0.0,6,svm_rbf,454
_SolventAccessibilityD1075,0.0,6,svm_rbf,455
TE,0.0,6,svm_rbf,456
_SolventAccessibilityD1025,0.0,6,svm_rbf,457
_PolarizabilityD3025,0.0,6,svm_rbf,458
TN,0.0,6,svm_rbf,459
instability,0.0,6,svm_rbf,460
VK,0.0,6,svm_rbf,461
_PolarizabilityD1100,0.0,6,svm_rbf,462
VN,0.0,6,svm_rbf,463
YQ,0.0,6,svm_rbf,464
D,0.0,6,svm_rbf,465
YW,0.0,6,svm_rbf,466
VR,0.0,6,svm_rbf,467
G,0.0,6,svm_rbf,468
H,0.0,6,svm_rbf,469
YL,0.0,6,svm_rbf,470
_PolarizabilityT13,0.0,6,svm_rbf,471
_HydrophobicityC1,0.0,6,svm_rbf,472
TH,0.0,6,svm_rbf,473
WC,0.0,6,svm_rbf,474
WD,0.0,6,svm_rbf,475
_SecondaryStrD2025,0.0,6,svm_rbf,476
WF,0.0,6,svm_rbf,477
YH,0.0,6,svm_rbf,478
QP,0.0,6,svm_rbf,479
_ChargeD1075,0.0,6,svm_rbf,480
FK,0.0,6,svm_rbf,481
GL,0.0,6,svm_rbf,482
GI,0.0,6,svm_rbf,483
GE,0.0,6,svm_rbf,484
FY,0.0,6,svm_rbf,485
FV,0.0,6,svm_rbf,486
FT,0.0,6,svm_rbf,487
FM,0.0,6,svm_rbf,488
FL,0.0,6,svm_rbf,489
LR,0.0,6,svm_rbf,490
LV,0.0,6,svm_rbf,491
DH,0.0,6,svm_rbf,492
MC,0.0,6,svm_rbf,493
MD,0.0,6,svm_rbf,494
FC,0.0,6,svm_rbf,495
FA,0.0,6,svm_rbf,496
MH,0.0,6,svm_rbf,497
ML,0.0,6,svm_rbf,498
MM,0.0,6,svm_rbf,499
EC,0.0,6,svm_rbf,500
MW,0.0,6,svm_rbf,501
KY,0.0,6,svm_rbf,502
GQ,0.0,6,svm_rbf,503
KR,0.0,6,svm_rbf,504
GS,0.0,6,svm_rbf,505
II,0.0,6,svm_rbf,506
IA,0.0,6,svm_rbf,507
HW,0.0,6,svm_rbf,508
HT,0.0,6,svm_rbf,509
IQ,0.0,6,svm_rbf,510
HP,0.0,6,svm_rbf,511
IT,0.0,6,svm_rbf,512
HN,0.0,6,svm_rbf,513
IW,0.0,6,svm_rbf,514
HK,0.0,6,svm_rbf,515
HI,0.0,6,svm_rbf,516
KD,0.0,6,svm_rbf,517
HH,0.0,6,svm_rbf,518
HF,0.0,6,svm_rbf,519
KH,0.0,6,svm_rbf,520
HC,0.0,6,svm_rbf,521
KL,0.0,6,svm_rbf,522
HA,0.0,6,svm_rbf,523
KP,0.0,6,svm_rbf,524
DI,0.0,6,svm_rbf,525
NF,0.0,6,svm_rbf,526
_ChargeD2050,0.0,6,svm_rbf,527
RI,0.0,6,svm_rbf,528
QM,0.0,6,svm_rbf,529
_HydrophobicityD2025,0.0,6,svm_rbf,530
_NormalizedVDWVD3001,0.0,6,svm_rbf,531
_NormalizedVDWVD2100,0.0,6,svm_rbf,532
QW,0.0,6,svm_rbf,533
_NormalizedVDWVD1075,0.0,6,svm_rbf,534
RC,0.0,6,svm_rbf,535
RF,0.0,6,svm_rbf,536
_PolarityD3100,0.0,6,svm_rbf,537
RM,0.0,6,svm_rbf,538
NH,0.0,6,svm_rbf,539
RN,0.0,6,svm_rbf,540
RP,0.0,6,svm_rbf,541
RQ,0.0,6,svm_rbf,542
_PolarityD1001,0.0,6,svm_rbf,543
_ChargeD3100,0.0,6,svm_rbf,544
_ChargeD3075,0.0,6,svm_rbf,545
_ChargeD3025,0.0,6,svm_rbf,546
SE,0.0,6,svm_rbf,547
SF,0.0,6,svm_rbf,548
_HydrophobicityD2050,0.0,6,svm_rbf,549
AE,0.0,6,svm_rbf,550
AG,0.0,6,svm_rbf,551
AN,0.0,6,svm_rbf,552
NN,0.0,6,svm_rbf,553
NP,0.0,6,svm_rbf,554
CY,0.0,6,svm_rbf,555
NY,0.0,6,svm_rbf,556
CW,0.0,6,svm_rbf,557
PC,0.0,6,svm_rbf,558
CT,0.0,6,svm_rbf,559
CR,0.0,6,svm_rbf,560
CQ,0.0,6,svm_rbf,561
CP,0.0,6,svm_rbf,562
PI,0.0,6,svm_rbf,563
CM,0.0,6,svm_rbf,564
CI,0.0,6,svm_rbf,565
CH,0.0,6,svm_rbf,566
CG,0.0,6,svm_rbf,567
CE,0.0,6,svm_rbf,568
AY,0.0,6,svm_rbf,569
PV,0.0,6,svm_rbf,570
AP,0.0,6,svm_rbf,571
YY,0.0,6,svm_rbf,572
PF,32245046740364.824,7,svm_rbf,1
FA,26769130381725.297,7,svm_rbf,2
_NormalizedVDWVD1075,5475916358639.53,7,svm_rbf,3
CF,1867455448844.326,7,svm_rbf,4
_PolarizabilityD1025,1867455448844.3247,7,svm_rbf,5
length,1407374883553.2869,7,svm_rbf,6
GR,1407374883553.281,7,svm_rbf,7
mw,0.00684485055782596,7,svm_rbf,8
KI,0.005338039486452804,7,svm_rbf,9
_ChargeD1100,0.0053180248880073284,7,svm_rbf,10
_NormalizedVDWVD3075,0.004880087097628039,7,svm_rbf,11
PI,0.003626744226784247,7,svm_rbf,12
EY,0.003353465594513315,7,svm_rbf,13
YV,0.0033445001981584886,7,svm_rbf,14
ET,0.0033157225559810044,7,svm_rbf,15
_HydrophobicityC2,0.0033153666606954395,7,svm_rbf,16
YK,0.0033095773179724584,7,svm_rbf,17
AP,0.003211041257532592,7,svm_rbf,18
YQ,0.003139478934271556,7,svm_rbf,19
NY,0.003000838618975089,7,svm_rbf,20
E,0.0029718291294519826,7,svm_rbf,21
I,0.0029690712220708077,7,svm_rbf,22
_PolarityT13,0.0029596973653100538,7,svm_rbf,23
DF,0.0028733463927419533,7,svm_rbf,24
_NormalizedVDWVT12,0.0027088320722606324,7,svm_rbf,25
GW,0.002705036135487301,7,svm_rbf,26
KV,0.0026744016777205306,7,svm_rbf,27
KY,0.002548510522903171,7,svm_rbf,28
NK,0.0024780182171595905,7,svm_rbf,29
_PolarizabilityD1001,0.002442440600989255,7,svm_rbf,30
_SolventAccessibilityD1001,0.00240593212673984,7,svm_rbf,31
YI,0.0023813355098757003,7,svm_rbf,32
HK,0.002342433103022242,7,svm_rbf,33
IT,0.0022856818976068356,7,svm_rbf,34
_SolventAccessibilityD2050,0.0022565544591719253,7,svm_rbf,35
_ChargeD2001,0.0022239005180623205,7,svm_rbf,36
WS,0.002183264116940035,7,svm_rbf,37
VM,0.0021793691566325485,7,svm_rbf,38
KA,0.0021119398106317754,7,svm_rbf,39
LC,0.002099996505381998,7,svm_rbf,40
_NormalizedVDWVC2,0.002085503276824579,7,svm_rbf,41
CI,0.0020801827451092238,7,svm_rbf,42
WI,0.002073198900760424,7,svm_rbf,43
RF,0.002063150311317917,7,svm_rbf,44
SF,0.002061785198180699,7,svm_rbf,45
WR,0.00204798600998732,7,svm_rbf,46
HF,0.002032067443553773,7,svm_rbf,47
II,0.0020253412454870746,7,svm_rbf,48
_HydrophobicityD2050,0.0019538680718131974,7,svm_rbf,49
RE,0.0019395088796442645,7,svm_rbf,50
FE,0.001931680484520079,7,svm_rbf,51
_PolarizabilityD2025,0.0019191232862465519,7,svm_rbf,52
YF,0.0019164828200657076,7,svm_rbf,53
SG,0.0018882012438276368,7,svm_rbf,54
TM,0.0018734321982823469,7,svm_rbf,55
_SecondaryStrD2050,0.0018601139331322627,7,svm_rbf,56
NI,0.0018592789530681936,7,svm_rbf,57
MF,0.0018462629396399438,7,svm_rbf,58
_SolventAccessibilityC3,0.001802670086379975,7,svm_rbf,59
_PolarityD1100,0.0017695669178023345,7,svm_rbf,60
MP,0.0017611389771910763,7,svm_rbf,61
DH,0.0017536660917275874,7,svm_rbf,62
_HydrophobicityD2075,0.0017506984021139183,7,svm_rbf,63
_NormalizedVDWVD3100,0.0017448098839159838,7,svm_rbf,64
_HydrophobicityD1100,0.0016983027232970165,7,svm_rbf,65
_SecondaryStrC1,0.0016502530625643426,7,svm_rbf,66
PQ,0.0016360248602070107,7,svm_rbf,67
AV,0.0015994573205628478,7,svm_rbf,68
TH,0.001575608785326055,7,svm_rbf,69
VF,0.0015618432291833173,7,svm_rbf,70
SP,0.001536052817454362,7,svm_rbf,71
PH,0.001527718866106533,7,svm_rbf,72
LN,0.0015255512998807927,7,svm_rbf,73
_ChargeD3075,0.0015142315518368624,7,svm_rbf,74
QC,0.0015117232054684773,7,svm_rbf,75
CL,0.0014768611367192899,7,svm_rbf,76
instability,0.0014518231903291525,7,svm_rbf,77
LW,0.0014375408937702266,7,svm_rbf,78
TS,0.0014307719509183139,7,svm_rbf,79
YA,0.0014124199369114903,7,svm_rbf,80
_NormalizedVDWVD2025,0.0014052010411087811,7,svm_rbf,81
FF,0.001400053982679547,7,svm_rbf,82
RR,0.0013935337449509512,7,svm_rbf,83
_PolarityC3,0.0013923165389806572,7,svm_rbf,84
EE,0.0013802428924200591,7,svm_rbf,85
_SolventAccessibilityD1100,0.0013741662836786806,7,svm_rbf,86
_ChargeD3001,0.0013741662836786795,7,svm_rbf,87
IE,0.0013596123608064252,7,svm_rbf,88
FT,0.0013549519875513134,7,svm_rbf,89
VG,0.0013208925919264841,7,svm_rbf,90
HH,0.0013164257602787915,7,svm_rbf,91
IA,0.0013160866891112543,7,svm_rbf,92
_HydrophobicityD2001,0.0013107516837086758,7,svm_rbf,93
VA,0.001304547989780165,7,svm_rbf,94
GT,0.001300188880787973,7,svm_rbf,95
KF,0.0012975075137995442,7,svm_rbf,96
LY,0.0012787333649691272,7,svm_rbf,97
VQ,0.0012587538990845007,7,svm_rbf,98
DP,0.0012577689279078858,7,svm_rbf,99
VC,0.0012472791845781286,7,svm_rbf,100
_SolventAccessibilityC1,0.0012163062390267638,7,svm_rbf,101
FL,0.0011799268430470766,7,svm_rbf,102
SI,0.0011754319065378402,7,svm_rbf,103
EQ,0.0011747178543635261,7,svm_rbf,104
QL,0.0011723899144073955,7,svm_rbf,105
HS,0.0011699242521403844,7,svm_rbf,106
_PolarizabilityD3075,0.0011542803195136965,7,svm_rbf,107
ES,0.0011537861068282773,7,svm_rbf,108
KG,0.0011431967238318729,7,svm_rbf,109
_NormalizedVDWVD1001,0.0011418054654519034,7,svm_rbf,110
DY,0.0011321079367166231,7,svm_rbf,111
CA,0.0011244167432866862,7,svm_rbf,112
NS,0.0010832129748097141,7,svm_rbf,113
IR,0.0010756401879152403,7,svm_rbf,114
_PolarizabilityD3001,0.0010610846309811182,7,svm_rbf,115
YL,0.0010574081014974427,7,svm_rbf,116
NH,0.0010457570003649297,7,svm_rbf,117
GV,0.0010369670112327595,7,svm_rbf,118
LS,0.0010365893442536433,7,svm_rbf,119
K,0.0010343753261809342,7,svm_rbf,120
NP,0.0010343536371836583,7,svm_rbf,121
KM,0.00103297809765838,7,svm_rbf,122
SR,0.001025485634841091,7,svm_rbf,123
KT,0.0010213501994730556,7,svm_rbf,124
IH,0.0010147086963296626,7,svm_rbf,125
QH,0.0009989828004902009,7,svm_rbf,126
GD,0.0009976969567929987,7,svm_rbf,127
QD,0.0009945788558113153,7,svm_rbf,128
NC,0.0009925752115841262,7,svm_rbf,129
EG,0.0009764127134353495,7,svm_rbf,130
TL,0.0009530964725564597,7,svm_rbf,131
AT,0.0009518508198426045,7,svm_rbf,132
pI,0.000949762966727761,7,svm_rbf,133
PR,0.0009436611088302182,7,svm_rbf,134
LG,0.0009416299807234925,7,svm_rbf,135
AY,0.0009296209728439506,7,svm_rbf,136
_PolarizabilityT13,0.0009201660168737846,7,svm_rbf,137
N,0.0009180872883391956,7,svm_rbf,138
DR,0.0009118397723782351,7,svm_rbf,139
_NormalizedVDWVD3050,0.0008937770420488311,7,svm_rbf,140
NT,0.0008836580378951167,7,svm_rbf,141
_HydrophobicityD3001,0.0008830369532415907,7,svm_rbf,142
_ChargeD1001,0.0008820991873394017,7,svm_rbf,143
FP,0.0008748926357068722,7,svm_rbf,144
_PolarityD1075,0.0008702882382331809,7,svm_rbf,145
AH,0.0008582224552520797,7,svm_rbf,146
F,0.0008582089400703336,7,svm_rbf,147
GN,0.0008463006906544123,7,svm_rbf,148
_ChargeD3025,0.0008416384521462865,7,svm_rbf,149
DE,0.0008362017577945956,7,svm_rbf,150
SC,0.0008359934752060314,7,svm_rbf,151
aromaticity,0.0008270919356781779,7,svm_rbf,152
PP,0.0008209211938087784,7,svm_rbf,153
YG,0.0008162204664882883,7,svm_rbf,154
IQ,0.000813937910257106,7,svm_rbf,155
_PolarizabilityD3100,0.0008074010410388629,7,svm_rbf,156
_SolventAccessibilityD2001,0.0007983542687810887,7,svm_rbf,157
MM,0.0007953397905865131,7,svm_rbf,158
AC,0.0007858114035636259,7,svm_rbf,159
HW,0.0007817223825462786,7,svm_rbf,160
_ChargeD1050,0.0007663609189363126,7,svm_rbf,161
M,0.0007594024197133997,7,svm_rbf,162
NE,0.0007572687216526418,7,svm_rbf,163
KQ,0.0007568836876822456,7,svm_rbf,164
LV,0.0007529380568686494,7,svm_rbf,165
HQ,0.0007479618293552249,7,svm_rbf,166
_NormalizedVDWVD2075,0.0007384803426010593,7,svm_rbf,167
VK,0.0007319144881892962,7,svm_rbf,168
_NormalizedVDWVD2100,0.0007190271783344397,7,svm_rbf,169
AQ,0.0007171577931375071,7,svm_rbf,170
_PolarizabilityD3050,0.0007153905847407161,7,svm_rbf,171
_NormalizedVDWVD2001,0.0007145002428781155,7,svm_rbf,172
DI,0.0007106376372161583,7,svm_rbf,173
_NormalizedVDWVD3001,0.0007076408410431032,7,svm_rbf,174
_PolarizabilityD2100,0.000706283234453479,7,svm_rbf,175
A,0.0007031332460045791,7,svm_rbf,176
SS,0.0006933107571018396,7,svm_rbf,177
_SecondaryStrD3001,0.0006896185415226626,7,svm_rbf,178
MS,0.0006876522639642819,7,svm_rbf,179
MH,0.0006857129526630683,7,svm_rbf,180
MI,0.0006832847328980074,7,svm_rbf,181
_SecondaryStrD2075,0.0006775301051599878,7,svm_rbf,182
_NormalizedVDWVC1,0.0006756746822087549,7,svm_rbf,183
PS,0.0006750946787262168,7,svm_rbf,184
RD,0.0006737857973135902,7,svm_rbf,185
NR,0.0006732845153402294,7,svm_rbf,186
_ChargeC2,0.0006666757659184179,7,svm_rbf,187
L,0.0006649868218499387,7,svm_rbf,188
TN,0.0006558539725095799,7,svm_rbf,189
PK,0.0006497851825932435,7,svm_rbf,190
_HydrophobicityT12,0.0006463117816774506,7,svm_rbf,191
CE,0.0006420102453805031,7,svm_rbf,192
EK,0.0006407435697927042,7,svm_rbf,193
_SecondaryStrT13,0.000625548638499899,7,svm_rbf,194
_SolventAccessibilityT23,0.000624262890116804,7,svm_rbf,195
IL,0.0006239456954116145,7,svm_rbf,196
LT,0.0006203693043189687,7,svm_rbf,197
WE,0.0006189533755545676,7,svm_rbf,198
AA,0.0006141524346335624,7,svm_rbf,199
FI,0.0006135461983524731,7,svm_rbf,200
YR,0.0006065607243018791,7,svm_rbf,201
_HydrophobicityT13,0.0006016123802249353,7,svm_rbf,202
AG,0.0005970873378991706,7,svm_rbf,203
_PolarityD2100,0.0005921878593854721,7,svm_rbf,204
AR,0.0005859682400771198,7,svm_rbf,205
QM,0.0005837320334686063,7,svm_rbf,206
KR,0.0005793275767131727,7,svm_rbf,207
GP,0.0005782766188597017,7,svm_rbf,208
QN,0.0005766806070583536,7,svm_rbf,209
_ChargeC1,0.0005693333044230737,7,svm_rbf,210
_PolarizabilityC3,0.0005551109736590455,7,svm_rbf,211
_SolventAccessibilityC2,0.0005538405884780518,7,svm_rbf,212
_HydrophobicityD2100,0.0005488647767341468,7,svm_rbf,213
_ChargeT23,0.0005476345123497117,7,svm_rbf,214
WC,0.0005451376780427437,7,svm_rbf,215
_ChargeC3,0.0005398570137206468,7,svm_rbf,216
FQ,0.0005395722908841909,7,svm_rbf,217
QQ,0.0005383289930034897,7,svm_rbf,218
_HydrophobicityD3100,0.0005376328531795122,7,svm_rbf,219
SY,0.0005342423870968179,7,svm_rbf,220
_SecondaryStrD2100,0.0005332353537442735,7,svm_rbf,221
WT,0.0005210766207108395,7,svm_rbf,222
HL,0.0005210020691341666,7,svm_rbf,223
_PolarityD3050,0.0005208930992729229,7,svm_rbf,224
SQ,0.0005207079314904501,7,svm_rbf,225
_SecondaryStrD3025,0.0005183140937861827,7,svm_rbf,226
QY,0.0005174184430392419,7,svm_rbf,227
YY,0.0005158140682139373,7,svm_rbf,228
YP,0.0005101420531080707,7,svm_rbf,229
KE,0.0005096598649247724,7,svm_rbf,230
CN,0.0005088640174049686,7,svm_rbf,231
_PolarityD2025,0.0005035153168964183,7,svm_rbf,232
CS,0.0004980245298815343,7,svm_rbf,233
AL,0.0004958119526343427,7,svm_rbf,234
IW,0.0004934944771948133,7,svm_rbf,235
_HydrophobicityD1025,0.0004864491005703219,7,svm_rbf,236
SD,0.000485380064930477,7,svm_rbf,237
KK,0.0004742847115216702,7,svm_rbf,238
AI,0.00046716398362016116,7,svm_rbf,239
_PolarizabilityC1,0.0004636710303037342,7,svm_rbf,240
CW,0.00046253129366741365,7,svm_rbf,241
AK,0.00046238085681739804,7,svm_rbf,242
LP,0.00046209872690480965,7,svm_rbf,243
CQ,0.0004567419506164959,7,svm_rbf,244
C,0.00044624502954568405,7,svm_rbf,245
_HydrophobicityD2025,0.0004431054199669315,7,svm_rbf,246
_SolventAccessibilityD2075,0.0004424372743792543,7,svm_rbf,247
_PolarityT12,0.0004369187569403328,7,svm_rbf,248
LH,0.00043593782522613803,7,svm_rbf,249
TQ,0.00043239587269625063,7,svm_rbf,250
SA,0.0004322808162946376,7,svm_rbf,251
VD,0.0004309285492308868,7,svm_rbf,252
AN,0.00043050856807483453,7,svm_rbf,253
_PolarityT23,0.00042543396489433003,7,svm_rbf,254
AF,0.0004237509500471186,7,svm_rbf,255
_PolarityD3100,0.0004227495131065999,7,svm_rbf,256
NG,0.0004197062587981283,7,svm_rbf,257
MC,0.0004164686410323157,7,svm_rbf,258
CP,0.0004131555810708057,7,svm_rbf,259
_HydrophobicityT23,0.00040330840021440384,7,svm_rbf,260
DS,0.0004026493305816055,7,svm_rbf,261
_PolarityD3075,0.00039988821205838625,7,svm_rbf,262
GL,0.0003997874445007327,7,svm_rbf,263
_SolventAccessibilityD3050,0.00039930356003893775,7,svm_rbf,264
DM,0.0003942498433495359,7,svm_rbf,265
PG,0.0003928192813202429,7,svm_rbf,266
_PolarizabilityD2075,0.0003837748833350764,7,svm_rbf,267
H,0.0003836799399382971,7,svm_rbf,268
G,0.0003756783729244503,7,svm_rbf,269
SV,0.00037494336394337856,7,svm_rbf,270
IY,0.000373386964155062,7,svm_rbf,271
LQ,0.0003720940584979888,7,svm_rbf,272
_HydrophobicityD1075,0.00037209405849798863,7,svm_rbf,273
_SecondaryStrD1050,0.0003662261063528591,7,svm_rbf,274
SM,0.0003627715774346113,7,svm_rbf,275
TP,0.00036078046559222395,7,svm_rbf,276
VV,0.0003580222215536886,7,svm_rbf,277
SW,0.0003552878475494235,7,svm_rbf,278
PW,0.00035443751303257956,7,svm_rbf,279
_SolventAccessibilityD2025,0.00035383876553793733,7,svm_rbf,280
VS,0.00035273522212239146,7,svm_rbf,281
PC,0.00035270744173770166,7,svm_rbf,282
PM,0.00034571795726692436,7,svm_rbf,283
HM,0.0003447839252978689,7,svm_rbf,284
HE,0.0003426561256482574,7,svm_rbf,285
AS,0.0003401208928229939,7,svm_rbf,286
SH,0.0003391789333641098,7,svm_rbf,287
FC,0.00033284548744140377,7,svm_rbf,288
_ChargeD2050,0.0003309594097537128,7,svm_rbf,289
_PolarityD1050,0.0003304364540219571,7,svm_rbf,290
_PolarityD3001,0.0003244310831570649,7,svm_rbf,291
D,0.0003241710004481764,7,svm_rbf,292
MD,0.00031889279700822345,7,svm_rbf,293
RV,0.00031651906405505236,7,svm_rbf,294
_SolventAccessibilityD3075,0.00031366261429478933,7,svm_rbf,295
_NormalizedVDWVT13,0.00030817518226519707,7,svm_rbf,296
YC,0.0003053954238764801,7,svm_rbf,297
MV,0.00030380480024061305,7,svm_rbf,298
_SolventAccessibilityT12,0.0003010713614652768,7,svm_rbf,299
_SolventAccessibilityT13,0.0003000131708644815,7,svm_rbf,300
ED,0.00029929142094826,7,svm_rbf,301
GH,0.00029905451036962166,7,svm_rbf,302
KD,0.000295079825670893,7,svm_rbf,303
GY,0.00029471969464437927,7,svm_rbf,304
_PolarityD1025,0.0002912583656119153,7,svm_rbf,305
GA,0.00028879227296474007,7,svm_rbf,306
_ChargeT12,0.00028749568799149594,7,svm_rbf,307
_HydrophobicityD3025,0.0002862403115904855,7,svm_rbf,308
_NormalizedVDWVD1050,0.00028582170165459826,7,svm_rbf,309
_NormalizedVDWVT23,0.00028474891813190794,7,svm_rbf,310
HP,0.0002820006005288875,7,svm_rbf,311
_PolarizabilityD1100,0.0002762320332340895,7,svm_rbf,312
_SecondaryStrD1001,0.0002728653457381386,7,svm_rbf,313
MY,0.0002706251350750942,7,svm_rbf,314
YN,0.00027058761891279946,7,svm_rbf,315
_PolarityD1001,0.00026403899357228165,7,svm_rbf,316
NF,0.00026161098064848327,7,svm_rbf,317
EW,0.0002555471307699902,7,svm_rbf,318
QT,0.00025539013378133977,7,svm_rbf,319
LE,0.00025353878996641844,7,svm_rbf,320
PE,0.0002524136474973509,7,svm_rbf,321
_SolventAccessibilityD2100,0.00025027338741434216,7,svm_rbf,322
CT,0.00025020007848994085,7,svm_rbf,323
HA,0.00024664462270680975,7,svm_rbf,324
IF,0.0002456784956334415,7,svm_rbf,325
KN,0.00024347213188445293,7,svm_rbf,326
NL,0.0002404102223051114,7,svm_rbf,327
_SolventAccessibilityD3100,0.00023992259389360435,7,svm_rbf,328
CR,0.00023877375342545962,7,svm_rbf,329
TI,0.00023660363987917276,7,svm_rbf,330
_NormalizedVDWVD1100,0.0002363864338082178,7,svm_rbf,331
QV,0.00023621932550724174,7,svm_rbf,332
LR,0.00023571737722470257,7,svm_rbf,333
TF,0.000235557683739928,7,svm_rbf,334
VL,0.00023490236360366846,7,svm_rbf,335
DD,0.00023439426844647842,7,svm_rbf,336
_NormalizedVDWVD2050,0.00023026806411002374,7,svm_rbf,337
QW,0.00023021602792759488,7,svm_rbf,338
Q,0.0002298219536310115,7,svm_rbf,339
YT,0.00022962975454288457,7,svm_rbf,340
RY,0.0002276280531766421,7,svm_rbf,341
FW,0.00022657296904431663,7,svm_rbf,342
QF,0.0002229218832864155,7,svm_rbf,343
WL,0.0002190367280433176,7,svm_rbf,344
QK,0.00021799895363176205,7,svm_rbf,345
RS,0.00021775865722797633,7,svm_rbf,346
LL,0.00021708176843546594,7,svm_rbf,347
EN,0.00021326050899541407,7,svm_rbf,348
LD,0.0002126430789592032,7,svm_rbf,349
RG,0.0002113564063946978,7,svm_rbf,350
DQ,0.00021003975743679577,7,svm_rbf,351
RQ,0.00020417185302929204,7,svm_rbf,352
RW,0.00020388319879015426,7,svm_rbf,353
IM,0.00020383391913032803,7,svm_rbf,354
DK,0.0001997337144199774,7,svm_rbf,355
YE,0.00019894977445761525,7,svm_rbf,356
GS,0.00019578346260749348,7,svm_rbf,357
CM,0.00019484152708538954,7,svm_rbf,358
KP,0.00019462570053230984,7,svm_rbf,359
_NormalizedVDWVD1025,0.00019346624309171597,7,svm_rbf,360
CV,0.0001933498794825686,7,svm_rbf,361
_NormalizedVDWVD3025,0.00019138656460676332,7,svm_rbf,362
ER,0.00018899353801780943,7,svm_rbf,363
ST,0.0001889180725446661,7,svm_rbf,364
FD,0.0001857396965499702,7,svm_rbf,365
_SecondaryStrT23,0.0001805064713727729,7,svm_rbf,366
KS,0.00017827672599649786,7,svm_rbf,367
LA,0.0001741098501695555,7,svm_rbf,368
DN,0.00016465158531989526,7,svm_rbf,369
CK,0.00016462077328911601,7,svm_rbf,370
_PolarityD2050,0.0001625342900140252,7,svm_rbf,371
SE,0.00015900209312397505,7,svm_rbf,372
TD,0.00015724899231637403,7,svm_rbf,373
_PolarizabilityC2,0.00015638346277163689,7,svm_rbf,374
IK,0.0001539096901158973,7,svm_rbf,375
_PolarizabilityD1075,0.0001535188898206041,7,svm_rbf,376
_ChargeD1075,0.00014917809571298753,7,svm_rbf,377
DA,0.00014900204528634924,7,svm_rbf,378
_ChargeD3050,0.00014317405926399132,7,svm_rbf,379
_HydrophobicityD1001,0.00014141706419982248,7,svm_rbf,380
GM,0.00014082595994948958,7,svm_rbf,381
_SecondaryStrD1025,0.00013727082730500588,7,svm_rbf,382
VI,0.00012614533965389917,7,svm_rbf,383
MA,0.0001244748004823015,7,svm_rbf,384
WF,0.00012348169724011557,7,svm_rbf,385
_ChargeD1025,0.00012020035367625574,7,svm_rbf,386
TT,0.0001161719728213261,7,svm_rbf,387
MT,0.00011574003222603201,7,svm_rbf,388
EP,0.00011501392906750063,7,svm_rbf,389
YD,0.00011235083334049047,7,svm_rbf,390
HD,0.0001114943836202525,7,svm_rbf,391
FR,0.0001113672604853169,7,svm_rbf,392
IC,0.00010964435933453943,7,svm_rbf,393
LI,0.00010956091766517257,7,svm_rbf,394
LK,0.00010843238585581214,7,svm_rbf,395
_SecondaryStrC3,0.0001081871421015238,7,svm_rbf,396
QE,0.00010791083033722755,7,svm_rbf,397
_SecondaryStrT12,0.00010759555893236772,7,svm_rbf,398
_SecondaryStrC2,0.00010210618636867203,7,svm_rbf,399
QR,0.00010008411420266908,7,svm_rbf,400
PD,9.974899403021356e-05,7,svm_rbf,401
EC,9.848977867340445e-05,7,svm_rbf,402
AM,9.243045587627516e-05,7,svm_rbf,403
IV,8.793884925122629e-05,7,svm_rbf,404
GQ,8.708962200225917e-05,7,svm_rbf,405
_PolarityD2075,8.655685821892583e-05,7,svm_rbf,406
_SecondaryStrD1100,8.154852648700942e-05,7,svm_rbf,407
EI,7.692232358860168e-05,7,svm_rbf,408
HC,7.58532391141229e-05,7,svm_rbf,409
_HydrophobicityD1050,7.325278703735214e-05,7,svm_rbf,410
_SecondaryStrD2001,7.204241715548087e-05,7,svm_rbf,411
AE,7.067081604977064e-05,7,svm_rbf,412
NA,7.001548914749323e-05,7,svm_rbf,413
RM,6.794444480479074e-05,7,svm_rbf,414
DV,6.359644045261128e-05,7,svm_rbf,415
GE,6.163898615978389e-05,7,svm_rbf,416
YS,6.137964933543036e-05,7,svm_rbf,417
TW,6.065966620733751e-05,7,svm_rbf,418
_SecondaryStrD3050,5.763131740910772e-05,7,svm_rbf,419
FN,5.6188398847442776e-05,7,svm_rbf,420
NN,5.073986943093928e-05,7,svm_rbf,421
KC,5.0117095006400934e-05,7,svm_rbf,422
ND,4.950281822283142e-05,7,svm_rbf,423
LF,4.948252375544136e-05,7,svm_rbf,424
_SolventAccessibilityD3001,4.533037037926485e-05,7,svm_rbf,425
IP,4.46365548049017e-05,7,svm_rbf,426
FS,4.134373514565118e-05,7,svm_rbf,427
KH,4.104501525681168e-05,7,svm_rbf,428
_HydrophobicityC1,3.9698856455466096e-05,7,svm_rbf,429
P,3.860378019433114e-05,7,svm_rbf,430
TE,3.849339316401405e-05,7,svm_rbf,431
CD,3.7058663856123275e-05,7,svm_rbf,432
GG,3.5934488232268645e-05,7,svm_rbf,433
QA,3.3694144581161e-05,7,svm_rbf,434
_PolarityC2,3.338231796660085e-05,7,svm_rbf,435
_ChargeD2100,3.2898044835835215e-05,7,svm_rbf,436
VP,3.265596307000678e-05,7,svm_rbf,437
_PolarizabilityD3025,2.857261564125374e-05,7,svm_rbf,438
ID,2.750482665058617e-05,7,svm_rbf,439
HN,2.4018148685200558e-05,7,svm_rbf,440
EF,1.9749767362991357e-05,7,svm_rbf,441
VT,1.885788468011229e-05,7,svm_rbf,442
QS,1.8270814605331336e-05,7,svm_rbf,443
TR,1.6236125098506503e-05,7,svm_rbf,444
RL,1.2604210401847818e-05,7,svm_rbf,445
NV,1.015080947370234e-05,7,svm_rbf,446
YW,9.301608038480613e-06,7,svm_rbf,447
_SolventAccessibilityD1075,8.86574065536804e-06,7,svm_rbf,448
IN,6.046069534005312e-06,7,svm_rbf,449
_PolarizabilityD1050,4.426904701981319e-06,7,svm_rbf,450
_PolarizabilityD2001,1.7368848049753406e-06,7,svm_rbf,451
TY,0.0,7,svm_rbf,452
VE,0.0,7,svm_rbf,453
TV,0.0,7,svm_rbf,454
FM,0.0,7,svm_rbf,455
FG,0.0,7,svm_rbf,456
_NormalizedVDWVC3,0.0,7,svm_rbf,457
FH,0.0,7,svm_rbf,458
VH,0.0,7,svm_rbf,459
VN,0.0,7,svm_rbf,460
_HydrophobicityC3,0.0,7,svm_rbf,461
_PolarizabilityT23,0.0,7,svm_rbf,462
FK,0.0,7,svm_rbf,463
_PolarizabilityT12,0.0,7,svm_rbf,464
MR,0.0,7,svm_rbf,465
VR,0.0,7,svm_rbf,466
CY,0.0,7,svm_rbf,467
WV,0.0,7,svm_rbf,468
WW,0.0,7,svm_rbf,469
WY,0.0,7,svm_rbf,470
W,0.0,7,svm_rbf,471
EM,0.0,7,svm_rbf,472
EL,0.0,7,svm_rbf,473
V,0.0,7,svm_rbf,474
T,0.0,7,svm_rbf,475
YH,0.0,7,svm_rbf,476
S,0.0,7,svm_rbf,477
R,0.0,7,svm_rbf,478
YM,0.0,7,svm_rbf,479
EH,0.0,7,svm_rbf,480
EA,0.0,7,svm_rbf,481
DW,0.0,7,svm_rbf,482
Y,0.0,7,svm_rbf,483
DL,0.0,7,svm_rbf,484
WQ,0.0,7,svm_rbf,485
EV,0.0,7,svm_rbf,486
DC,0.0,7,svm_rbf,487
VW,0.0,7,svm_rbf,488
VY,0.0,7,svm_rbf,489
WA,0.0,7,svm_rbf,490
_PolarityC1,0.0,7,svm_rbf,491
WD,0.0,7,svm_rbf,492
FY,0.0,7,svm_rbf,493
WP,0.0,7,svm_rbf,494
WG,0.0,7,svm_rbf,495
WH,0.0,7,svm_rbf,496
WK,0.0,7,svm_rbf,497
DG,0.0,7,svm_rbf,498
WM,0.0,7,svm_rbf,499
WN,0.0,7,svm_rbf,500
FV,0.0,7,svm_rbf,501
HG,0.0,7,svm_rbf,502
TK,0.0,7,svm_rbf,503
KL,0.0,7,svm_rbf,504
_PolarityD3025,0.0,7,svm_rbf,505
_SecondaryStrD1075,0.0,7,svm_rbf,506
LM,0.0,7,svm_rbf,507
PL,0.0,7,svm_rbf,508
PN,0.0,7,svm_rbf,509
KW,0.0,7,svm_rbf,510
PT,0.0,7,svm_rbf,511
PA,0.0,7,svm_rbf,512
PV,0.0,7,svm_rbf,513
PY,0.0,7,svm_rbf,514
_SolventAccessibilityD3025,0.0,7,svm_rbf,515
QG,0.0,7,svm_rbf,516
QI,0.0,7,svm_rbf,517
IS,0.0,7,svm_rbf,518
_PolarityD2001,0.0,7,svm_rbf,519
NW,0.0,7,svm_rbf,520
GC,0.0,7,svm_rbf,521
MK,0.0,7,svm_rbf,522
MQ,0.0,7,svm_rbf,523
MW,0.0,7,svm_rbf,524
MN,0.0,7,svm_rbf,525
_ChargeD2075,0.0,7,svm_rbf,526
_ChargeD3100,0.0,7,svm_rbf,527
ML,0.0,7,svm_rbf,528
_ChargeD2025,0.0,7,svm_rbf,529
_SecondaryStrD2025,0.0,7,svm_rbf,530
MG,0.0,7,svm_rbf,531
ME,0.0,7,svm_rbf,532
NM,0.0,7,svm_rbf,533
_SecondaryStrD3100,0.0,7,svm_rbf,534
NQ,0.0,7,svm_rbf,535
_SecondaryStrD3075,0.0,7,svm_rbf,536
_HydrophobicityD3050,0.0,7,svm_rbf,537
_HydrophobicityD3075,0.0,7,svm_rbf,538
QP,0.0,7,svm_rbf,539
CH,0.0,7,svm_rbf,540
HI,0.0,7,svm_rbf,541
CC,0.0,7,svm_rbf,542
SK,0.0,7,svm_rbf,543
SL,0.0,7,svm_rbf,544
SN,0.0,7,svm_rbf,545
CG,0.0,7,svm_rbf,546
GK,0.0,7,svm_rbf,547
_SolventAccessibilityD1050,0.0,7,svm_rbf,548
GI,0.0,7,svm_rbf,549
TA,0.0,7,svm_rbf,550
TC,0.0,7,svm_rbf,551
GF,0.0,7,svm_rbf,552
TG,0.0,7,svm_rbf,553
_ChargeT13,0.0,7,svm_rbf,554
AW,0.0,7,svm_rbf,555
HR,0.0,7,svm_rbf,556
HT,0.0,7,svm_rbf,557
HV,0.0,7,svm_rbf,558
HY,0.0,7,svm_rbf,559
RT,0.0,7,svm_rbf,560
RP,0.0,7,svm_rbf,561
RN,0.0,7,svm_rbf,562
RK,0.0,7,svm_rbf,563
RI,0.0,7,svm_rbf,564
RH,0.0,7,svm_rbf,565
IG,0.0,7,svm_rbf,566
_PolarizabilityD2050,0.0,7,svm_rbf,567
RC,0.0,7,svm_rbf,568
RA,0.0,7,svm_rbf,569
_SolventAccessibilityD1025,0.0,7,svm_rbf,570
AD,0.0,7,svm_rbf,571
DT,0.0,7,svm_rbf,572
_NormalizedVDWVC3,0.011649048199459137,8,svm_rbf,1
KA,0.009501256361259003,8,svm_rbf,2
_ChargeT13,0.007397752117612668,8,svm_rbf,3
T,0.007075541364141227,8,svm_rbf,4
ER,0.006196897007075463,8,svm_rbf,5
_PolarityC1,0.005704712338392673,8,svm_rbf,6
A,0.0053395936676144794,8,svm_rbf,7
M,0.004478264315729226,8,svm_rbf,8
_SolventAccessibilityD1001,0.004308422864453036,8,svm_rbf,9
mw,0.003962299105851535,8,svm_rbf,10
_SolventAccessibilityD1025,0.003851036199910434,8,svm_rbf,11
HE,0.003806373478608651,8,svm_rbf,12
EQ,0.0037391333239978146,8,svm_rbf,13
KK,0.003723819133915981,8,svm_rbf,14
_SolventAccessibilityT13,0.003694830536833818,8,svm_rbf,15
GL,0.003641514221326511,8,svm_rbf,16
TY,0.003540022736911801,8,svm_rbf,17
YL,0.003232688543852501,8,svm_rbf,18
RW,0.0032206452163891304,8,svm_rbf,19
QK,0.003112054859984661,8,svm_rbf,20
_PolarityD2001,0.002975682650751209,8,svm_rbf,21
_ChargeD1025,0.0029431869789361504,8,svm_rbf,22
GI,0.002882118033599467,8,svm_rbf,23
_PolarizabilityD1100,0.0028814710693036176,8,svm_rbf,24
EY,0.0026549406711462824,8,svm_rbf,25
MD,0.002594781052609508,8,svm_rbf,26
TG,0.0024603299689421325,8,svm_rbf,27
MI,0.0023819115995030544,8,svm_rbf,28
AD,0.0023750760619783346,8,svm_rbf,29
EL,0.002354016364032146,8,svm_rbf,30
HL,0.002314118518892584,8,svm_rbf,31
_SolventAccessibilityD3001,0.0022837524895664013,8,svm_rbf,32
GD,0.00227600974030745,8,svm_rbf,33
_PolarizabilityD1001,0.0021976930848880034,8,svm_rbf,34
_NormalizedVDWVD1025,0.0021585026435813016,8,svm_rbf,35
_HydrophobicityD1001,0.002146776275882967,8,svm_rbf,36
CR,0.002119686292207846,8,svm_rbf,37
TM,0.002050200866810161,8,svm_rbf,38
DG,0.0020191937882643126,8,svm_rbf,39
_SecondaryStrD2001,0.0019759487144738806,8,svm_rbf,40
_SecondaryStrT13,0.0019400905456397899,8,svm_rbf,41
AR,0.0019386372429574278,8,svm_rbf,42
GP,0.001930905175340196,8,svm_rbf,43
DF,0.0019069444870311392,8,svm_rbf,44
LT,0.0018180312832861856,8,svm_rbf,45
_HydrophobicityD1050,0.0018155172828628232,8,svm_rbf,46
WD,0.0017791380351702532,8,svm_rbf,47
_ChargeD2050,0.0017749508663703333,8,svm_rbf,48
_ChargeD2025,0.001761250123954101,8,svm_rbf,49
_PolarityD1050,0.001747064495904386,8,svm_rbf,50
_HydrophobicityC3,0.0016892186137449417,8,svm_rbf,51
AF,0.0016863921023573423,8,svm_rbf,52
AA,0.0016706939560242157,8,svm_rbf,53
HM,0.0016542589138007382,8,svm_rbf,54
ES,0.0016088891706573583,8,svm_rbf,55
IP,0.0015998287868421032,8,svm_rbf,56
HP,0.0015496948188275456,8,svm_rbf,57
C,0.0015183935484532323,8,svm_rbf,58
_SecondaryStrC2,0.0015106670014588281,8,svm_rbf,59
VC,0.0015067986644090624,8,svm_rbf,60
TI,0.001486346494764062,8,svm_rbf,61
I,0.001461656309770542,8,svm_rbf,62
WP,0.0014507743566642404,8,svm_rbf,63
DN,0.0014228497008600977,8,svm_rbf,64
CY,0.0014162421429538942,8,svm_rbf,65
length,0.0013840091026772066,8,svm_rbf,66
VH,0.0013371058621167524,8,svm_rbf,67
FE,0.0012817126299379793,8,svm_rbf,68
_PolarizabilityD1075,0.0012671036306316143,8,svm_rbf,69
AH,0.0012177779585284582,8,svm_rbf,70
_SolventAccessibilityD3025,0.0012086683449702416,8,svm_rbf,71
_NormalizedVDWVD2100,0.001202399197839026,8,svm_rbf,72
GQ,0.0011749453855602076,8,svm_rbf,73
KG,0.0011312304884632507,8,svm_rbf,74
_HydrophobicityT12,0.0010799640713498838,8,svm_rbf,75
SY,0.0010290907559541826,8,svm_rbf,76
EE,0.0009713471489972813,8,svm_rbf,77
QC,0.0009647895741772827,8,svm_rbf,78
IE,0.0009584435982554712,8,svm_rbf,79
SW,0.000949494165714665,8,svm_rbf,80
_SecondaryStrT23,0.0009410825535847541,8,svm_rbf,81
DY,0.0009320143212466101,8,svm_rbf,82
QD,0.0009145904468274659,8,svm_rbf,83
HN,0.0008883961653426186,8,svm_rbf,84
AQ,0.0008642150231752915,8,svm_rbf,85
_NormalizedVDWVD1050,0.0008296636298293601,8,svm_rbf,86
FD,0.0008055671305705516,8,svm_rbf,87
VM,0.000794865791206847,8,svm_rbf,88
_NormalizedVDWVD2001,0.0007946855590324094,8,svm_rbf,89
TV,0.0007909372149813617,8,svm_rbf,90
_NormalizedVDWVT12,0.0007662998503137358,8,svm_rbf,91
_PolarizabilityD3100,0.0007651496935368635,8,svm_rbf,92
VN,0.0007615889688306379,8,svm_rbf,93
NT,0.0007411402754002589,8,svm_rbf,94
NH,0.0007260822868382631,8,svm_rbf,95
FY,0.0007254500129008315,8,svm_rbf,96
_NormalizedVDWVC2,0.0006944571274735881,8,svm_rbf,97
CE,0.0006921980332602422,8,svm_rbf,98
EH,0.0006797760881957334,8,svm_rbf,99
MA,0.0006734375791466264,8,svm_rbf,100
FK,0.0006671520093359597,8,svm_rbf,101
_HydrophobicityC1,0.0006509636823143631,8,svm_rbf,102
DR,0.0006319806391452334,8,svm_rbf,103
H,0.0006286139457414461,8,svm_rbf,104
pI,0.0006237997988332428,8,svm_rbf,105
NP,0.0006155674489814876,8,svm_rbf,106
F,0.0006019605598608668,8,svm_rbf,107
VR,0.0006016416349406557,8,svm_rbf,108
LA,0.0005954642639369567,8,svm_rbf,109
LF,0.0005888278766412801,8,svm_rbf,110
GS,0.0005741857467402756,8,svm_rbf,111
FN,0.000570385908291545,8,svm_rbf,112
GH,0.0005657448211936876,8,svm_rbf,113
WY,0.0005402684152183676,8,svm_rbf,114
_PolarityD1100,0.0005309900013630896,8,svm_rbf,115
KR,0.0005171986351523871,8,svm_rbf,116
HV,0.0005156311278683022,8,svm_rbf,117
QH,0.0005142897602905374,8,svm_rbf,118
_PolarityT23,0.0005139063821672446,8,svm_rbf,119
_PolarizabilityC1,0.0005123573155642771,8,svm_rbf,120
AT,0.0005088548058648034,8,svm_rbf,121
VF,0.0005020374578826417,8,svm_rbf,122
_SolventAccessibilityD2050,0.00048082942690169157,8,svm_rbf,123
FP,0.00047681187152461354,8,svm_rbf,124
NF,0.0004699888498382454,8,svm_rbf,125
YF,0.00046217348149283613,8,svm_rbf,126
ML,0.00046111339557016406,8,svm_rbf,127
VQ,0.0004531626697613919,8,svm_rbf,128
IN,0.0004508067262717472,8,svm_rbf,129
ID,0.0004506606446342093,8,svm_rbf,130
AP,0.00044573667481116725,8,svm_rbf,131
IV,0.0004415193515008534,8,svm_rbf,132
DM,0.0004340500685996282,8,svm_rbf,133
DW,0.00043117999616446696,8,svm_rbf,134
CA,0.000425002688600413,8,svm_rbf,135
_SolventAccessibilityD2001,0.00042263473616568507,8,svm_rbf,136
PT,0.00041628802809053463,8,svm_rbf,137
CL,0.0004145921148614573,8,svm_rbf,138
_PolarityD2100,0.00040456256588633553,8,svm_rbf,139
_ChargeT12,0.000403328835256247,8,svm_rbf,140
KP,0.00039948696024531355,8,svm_rbf,141
VD,0.00039135479555328916,8,svm_rbf,142
VP,0.00038066823626207546,8,svm_rbf,143
VW,0.0003806142809804865,8,svm_rbf,144
HA,0.0003731321971471048,8,svm_rbf,145
_SecondaryStrC3,0.0003649820627670209,8,svm_rbf,146
EC,0.0003599804739569626,8,svm_rbf,147
SV,0.0003550654826197877,8,svm_rbf,148
IM,0.0003503375591264121,8,svm_rbf,149
_PolarityD3075,0.00034342194853011383,8,svm_rbf,150
TS,0.0003378967087907292,8,svm_rbf,151
LV,0.00033592265974260354,8,svm_rbf,152
K,0.0003337973410980097,8,svm_rbf,153
SP,0.0003325165196512439,8,svm_rbf,154
FR,0.00033037726175638737,8,svm_rbf,155
_SolventAccessibilityT12,0.0003290499030399852,8,svm_rbf,156
PW,0.0003223548942859927,8,svm_rbf,157
VS,0.00031965804406929325,8,svm_rbf,158
GF,0.0003177611782781409,8,svm_rbf,159
_SecondaryStrD2050,0.0003142800535279904,8,svm_rbf,160
D,0.0003117415492514049,8,svm_rbf,161
GM,0.00031122889712111067,8,svm_rbf,162
PQ,0.0003058647348984949,8,svm_rbf,163
MV,0.0003034540430421771,8,svm_rbf,164
_ChargeD2100,0.00030326771295031437,8,svm_rbf,165
GA,0.0003031250808064248,8,svm_rbf,166
PD,0.0002988972958607279,8,svm_rbf,167
_HydrophobicityC2,0.0002913935843765831,8,svm_rbf,168
YT,0.00028721265549047853,8,svm_rbf,169
CF,0.00028557905278246394,8,svm_rbf,170
FV,0.0002844377006639085,8,svm_rbf,171
_PolarityD3050,0.00028216239897212994,8,svm_rbf,172
EN,0.00028032696370877084,8,svm_rbf,173
LP,0.00027947705567512335,8,svm_rbf,174
P,0.00027776959195505683,8,svm_rbf,175
EP,0.0002682182007803977,8,svm_rbf,176
_HydrophobicityD2001,0.0002676886067674786,8,svm_rbf,177
PG,0.00026637274824583066,8,svm_rbf,178
YI,0.0002652243605903056,8,svm_rbf,179
_NormalizedVDWVC1,0.0002625412703561228,8,svm_rbf,180
YR,0.0002573253542698232,8,svm_rbf,181
_HydrophobicityD2025,0.00025660028169110274,8,svm_rbf,182
_HydrophobicityD1075,0.0002555320688291865,8,svm_rbf,183
_ChargeD3100,0.0002552603620728945,8,svm_rbf,184
KL,0.00025394358980899376,8,svm_rbf,185
YH,0.00025391376365393537,8,svm_rbf,186
_SolventAccessibilityD3100,0.00025288122508261915,8,svm_rbf,187
LS,0.00025204713308654594,8,svm_rbf,188
HS,0.00024883033968042427,8,svm_rbf,189
E,0.0002485186381696235,8,svm_rbf,190
VI,0.00024447140350845073,8,svm_rbf,191
QA,0.0002430787370737343,8,svm_rbf,192
GT,0.00023165620037390186,8,svm_rbf,193
MR,0.00023028919476474828,8,svm_rbf,194
QN,0.00022990603209148937,8,svm_rbf,195
AG,0.00022663290552393168,8,svm_rbf,196
FF,0.00022576252982831147,8,svm_rbf,197
TK,0.00022480134609657653,8,svm_rbf,198
_ChargeD3025,0.00022475663289758363,8,svm_rbf,199
_HydrophobicityD2100,0.00022279278443512377,8,svm_rbf,200
AY,0.00021832022261877144,8,svm_rbf,201
PA,0.00021796119977647563,8,svm_rbf,202
QL,0.0002174068516662018,8,svm_rbf,203
DQ,0.00021733452135607524,8,svm_rbf,204
IA,0.00021365119112867553,8,svm_rbf,205
VV,0.00021186074089841648,8,svm_rbf,206
FS,0.00021146312740233177,8,svm_rbf,207
HD,0.00020945453588634393,8,svm_rbf,208
_NormalizedVDWVD3050,0.0002092603558609915,8,svm_rbf,209
_ChargeD2001,0.0002047555125861386,8,svm_rbf,210
EK,0.0002017152717472115,8,svm_rbf,211
WT,0.0002002374282139506,8,svm_rbf,212
GW,0.00019546548888389016,8,svm_rbf,213
TN,0.00019274685709397182,8,svm_rbf,214
DC,0.00019213398158135337,8,svm_rbf,215
VG,0.00019153874692133906,8,svm_rbf,216
_PolarizabilityD3050,0.00018846112623914765,8,svm_rbf,217
DE,0.00018808724467617621,8,svm_rbf,218
_PolarityT12,0.00018591610067780512,8,svm_rbf,219
YY,0.00018237846254834405,8,svm_rbf,220
QI,0.00018014572791822308,8,svm_rbf,221
QT,0.0001787368319041471,8,svm_rbf,222
WF,0.00017851348618020443,8,svm_rbf,223
_PolarityD1025,0.00017743996145697986,8,svm_rbf,224
_ChargeT23,0.00017405603203915772,8,svm_rbf,225
PI,0.0001666525319547723,8,svm_rbf,226
Y,0.00016547998902478064,8,svm_rbf,227
_SecondaryStrD1050,0.0001646574530789236,8,svm_rbf,228
WK,0.00016457397023415278,8,svm_rbf,229
PE,0.0001645241467598333,8,svm_rbf,230
instability,0.0001638051217135975,8,svm_rbf,231
IH,0.00016187036931992964,8,svm_rbf,232
S,0.0001618145836404487,8,svm_rbf,233
SE,0.00016119061832745604,8,svm_rbf,234
TD,0.00015769807890597242,8,svm_rbf,235
NE,0.00015744204513755143,8,svm_rbf,236
ET,0.00015609674056893337,8,svm_rbf,237
NS,0.00015587101502899695,8,svm_rbf,238
R,0.00015232655683817102,8,svm_rbf,239
_PolarityD1001,0.00014977203767148282,8,svm_rbf,240
_NormalizedVDWVD3001,0.00014913557449690022,8,svm_rbf,241
WG,0.0001467784968303868,8,svm_rbf,242
MK,0.00014543989419810993,8,svm_rbf,243
_NormalizedVDWVT13,0.00014496925606176812,8,svm_rbf,244
_SolventAccessibilityC2,0.00014492311028399408,8,svm_rbf,245
LI,0.00014347136955323377,8,svm_rbf,246
IW,0.0001420506166527805,8,svm_rbf,247
PR,0.00014047605504396039,8,svm_rbf,248
SH,0.00013977104633914117,8,svm_rbf,249
DK,0.00013931668010993425,8,svm_rbf,250
_PolarityD2050,0.00013775155276067664,8,svm_rbf,251
TT,0.00013736616330043192,8,svm_rbf,252
_SolventAccessibilityD1100,0.00013662986389981538,8,svm_rbf,253
TL,0.0001355181178271215,8,svm_rbf,254
DA,0.00013540997495090044,8,svm_rbf,255
_SecondaryStrC1,0.00013512774676226815,8,svm_rbf,256
GN,0.00013483374799840738,8,svm_rbf,257
RY,0.00013317456883121917,8,svm_rbf,258
DL,0.00013150500876375182,8,svm_rbf,259
AI,0.00013132209591858505,8,svm_rbf,260
GV,0.0001309794201001135,8,svm_rbf,261
_PolarityD3100,0.00012821786455794877,8,svm_rbf,262
LK,0.00012795344041891622,8,svm_rbf,263
AW,0.0001259042658105922,8,svm_rbf,264
DV,0.00012532445479628213,8,svm_rbf,265
DS,0.00012529448023093797,8,svm_rbf,266
KW,0.00012469238892143456,8,svm_rbf,267
DP,0.00012454207553769183,8,svm_rbf,268
HW,0.00012392945278540083,8,svm_rbf,269
_SecondaryStrD2025,0.00012286307989267163,8,svm_rbf,270
CI,0.00012171957274937995,8,svm_rbf,271
VL,0.0001214203343316616,8,svm_rbf,272
NK,0.00012116156629096474,8,svm_rbf,273
LY,0.00012094449754256872,8,svm_rbf,274
MP,0.00012092906479809153,8,svm_rbf,275
_SecondaryStrD3100,0.00012086051617614568,8,svm_rbf,276
IY,0.00012020161003431307,8,svm_rbf,277
PK,0.000118368856143109,8,svm_rbf,278
AE,0.00011751476018673753,8,svm_rbf,279
QE,0.00011728832667931979,8,svm_rbf,280
YE,0.00011633467318191131,8,svm_rbf,281
LD,0.00011489147130203444,8,svm_rbf,282
GK,0.00011343365231277634,8,svm_rbf,283
YP,0.00011293977537968358,8,svm_rbf,284
RF,0.00011235032364658407,8,svm_rbf,285
EV,0.00011223030735958635,8,svm_rbf,286
RA,0.000109398633612044,8,svm_rbf,287
WL,0.00010827008468728982,8,svm_rbf,288
YK,0.00010468102032661658,8,svm_rbf,289
RE,0.0001033624332586714,8,svm_rbf,290
RP,0.00010332670545446971,8,svm_rbf,291
VK,0.00010330097951597429,8,svm_rbf,292
_PolarizabilityD3025,0.00010238816601051398,8,svm_rbf,293
TA,0.00010046295037192543,8,svm_rbf,294
_HydrophobicityT23,0.00010008243369541807,8,svm_rbf,295
_NormalizedVDWVD3025,9.723753572483121e-05,8,svm_rbf,296
YW,9.659797693508377e-05,8,svm_rbf,297
LE,9.601816117588246e-05,8,svm_rbf,298
_HydrophobicityD1025,9.551911864903541e-05,8,svm_rbf,299
PY,9.516291239681649e-05,8,svm_rbf,300
TE,9.499792018694532e-05,8,svm_rbf,301
KD,9.497542846926218e-05,8,svm_rbf,302
RI,9.396601628988372e-05,8,svm_rbf,303
_HydrophobicityD3025,9.300405731770739e-05,8,svm_rbf,304
II,9.235030625770295e-05,8,svm_rbf,305
AM,9.19366916136577e-05,8,svm_rbf,306
CC,9.18977678948563e-05,8,svm_rbf,307
_PolarizabilityD1050,9.13115592053519e-05,8,svm_rbf,308
GE,9.071909979878425e-05,8,svm_rbf,309
TH,9.06917397926224e-05,8,svm_rbf,310
PP,8.955494667776152e-05,8,svm_rbf,311
_SolventAccessibilityD1075,8.945517848569915e-05,8,svm_rbf,312
MQ,8.904956298794125e-05,8,svm_rbf,313
_NormalizedVDWVD2025,8.631418261932916e-05,8,svm_rbf,314
CN,8.629463728685724e-05,8,svm_rbf,315
ST,8.581641536865591e-05,8,svm_rbf,316
_HydrophobicityD3050,8.559361127397556e-05,8,svm_rbf,317
CG,8.446175765926796e-05,8,svm_rbf,318
YD,8.427657285528865e-05,8,svm_rbf,319
CT,8.2915097255946e-05,8,svm_rbf,320
TW,8.24954718822951e-05,8,svm_rbf,321
AL,8.091017362355127e-05,8,svm_rbf,322
_NormalizedVDWVD3075,8.075592840411321e-05,8,svm_rbf,323
NN,7.959466519420718e-05,8,svm_rbf,324
RR,7.811066996829853e-05,8,svm_rbf,325
YV,7.716309216144252e-05,8,svm_rbf,326
LH,7.701918672971303e-05,8,svm_rbf,327
IL,7.559720669912556e-05,8,svm_rbf,328
_SecondaryStrT12,7.536229409576921e-05,8,svm_rbf,329
_SolventAccessibilityD3050,7.506064433990644e-05,8,svm_rbf,330
PS,7.437166317999087e-05,8,svm_rbf,331
_ChargeC3,7.292242354481001e-05,8,svm_rbf,332
LC,7.231475824601525e-05,8,svm_rbf,333
_HydrophobicityT13,6.933950774051255e-05,8,svm_rbf,334
CP,6.884728137004125e-05,8,svm_rbf,335
GG,6.818827787778071e-05,8,svm_rbf,336
SG,6.625330546570714e-05,8,svm_rbf,337
YM,6.576806691474147e-05,8,svm_rbf,338
KN,6.55303407822199e-05,8,svm_rbf,339
IG,6.545757656301063e-05,8,svm_rbf,340
NM,6.538838461781113e-05,8,svm_rbf,341
_PolarityD2075,6.519929095536096e-05,8,svm_rbf,342
WS,6.461828400729077e-05,8,svm_rbf,343
_PolarizabilityT23,6.30206417102324e-05,8,svm_rbf,344
FT,6.290576455268964e-05,8,svm_rbf,345
MF,6.138639469042574e-05,8,svm_rbf,346
_NormalizedVDWVD2075,6.122369522876218e-05,8,svm_rbf,347
LQ,6.057411640021589e-05,8,svm_rbf,348
PH,6.044787894787994e-05,8,svm_rbf,349
YN,6.020920517328932e-05,8,svm_rbf,350
_PolarizabilityD3001,5.934942697598714e-05,8,svm_rbf,351
_HydrophobicityD2075,5.799761538735707e-05,8,svm_rbf,352
LL,5.771435245545165e-05,8,svm_rbf,353
_SolventAccessibilityT23,5.681256666230242e-05,8,svm_rbf,354
TF,5.679435707795632e-05,8,svm_rbf,355
HT,5.415465750857944e-05,8,svm_rbf,356
SA,5.393329338063978e-05,8,svm_rbf,357
_PolarityD3025,5.375133577182889e-05,8,svm_rbf,358
IT,5.366380637332807e-05,8,svm_rbf,359
AV,5.327235281849288e-05,8,svm_rbf,360
QQ,5.315601385571529e-05,8,svm_rbf,361
_ChargeC2,5.267983849489438e-05,8,svm_rbf,362
HY,5.240414422185804e-05,8,svm_rbf,363
_SecondaryStrD3050,5.172671449119478e-05,8,svm_rbf,364
IC,5.0647384108526566e-05,8,svm_rbf,365
_SecondaryStrD1025,4.95661490538833e-05,8,svm_rbf,366
_NormalizedVDWVD1001,4.9196878403746186e-05,8,svm_rbf,367
KH,4.737744173423945e-05,8,svm_rbf,368
YG,4.571467465876009e-05,8,svm_rbf,369
HG,4.5698643757216874e-05,8,svm_rbf,370
SL,4.560571548082863e-05,8,svm_rbf,371
EG,4.518754692844876e-05,8,svm_rbf,372
RH,4.492012837413923e-05,8,svm_rbf,373
RV,4.488386079737672e-05,8,svm_rbf,374
SD,4.2278119236512784e-05,8,svm_rbf,375
_ChargeD1100,4.203518507832611e-05,8,svm_rbf,376
QP,4.0700857954561324e-05,8,svm_rbf,377
RK,3.9614375010948886e-05,8,svm_rbf,378
QS,3.873136001679496e-05,8,svm_rbf,379
FQ,3.79232165994772e-05,8,svm_rbf,380
_SolventAccessibilityD3075,3.662129269277655e-05,8,svm_rbf,381
WI,3.6246498531156276e-05,8,svm_rbf,382
KS,3.5746825816509413e-05,8,svm_rbf,383
W,3.522591798533718e-05,8,svm_rbf,384
CW,3.499688080490399e-05,8,svm_rbf,385
RD,3.384289305168269e-05,8,svm_rbf,386
MG,3.318267669113694e-05,8,svm_rbf,387
_HydrophobicityD1100,3.315852535085118e-05,8,svm_rbf,388
_SecondaryStrD3025,3.150907436760916e-05,8,svm_rbf,389
RM,3.1495573156382045e-05,8,svm_rbf,390
RL,3.142207193689808e-05,8,svm_rbf,391
_PolarizabilityD1025,3.0284336472791158e-05,8,svm_rbf,392
_PolarizabilityT13,3.013266416645821e-05,8,svm_rbf,393
VA,2.981466452861248e-05,8,svm_rbf,394
_PolarityD2025,2.9776651969315823e-05,8,svm_rbf,395
VE,2.9514037395410067e-05,8,svm_rbf,396
KY,2.8887374008793157e-05,8,svm_rbf,397
_SolventAccessibilityD2025,2.84870014316879e-05,8,svm_rbf,398
KV,2.7431227319563e-05,8,svm_rbf,399
MH,2.726628764468316e-05,8,svm_rbf,400
MC,2.7074803795101176e-05,8,svm_rbf,401
_PolarityD3001,2.676965475531898e-05,8,svm_rbf,402
NI,2.6769162921510746e-05,8,svm_rbf,403
QG,2.602474635307129e-05,8,svm_rbf,404
SI,2.599328135617433e-05,8,svm_rbf,405
_HydrophobicityD3075,2.4568033985300572e-05,8,svm_rbf,406
FL,2.401902687979418e-05,8,svm_rbf,407
MS,2.32275297124407e-05,8,svm_rbf,408
IR,2.3036600798939242e-05,8,svm_rbf,409
_NormalizedVDWVD1100,2.0872912448446768e-05,8,svm_rbf,410
_ChargeD3075,2.0392203234832728e-05,8,svm_rbf,411
G,2.0068638997999213e-05,8,svm_rbf,412
PL,1.9570009422330274e-05,8,svm_rbf,413
FI,1.9449060862554552e-05,8,svm_rbf,414
VT,1.9116667440892944e-05,8,svm_rbf,415
LR,1.8951631545347907e-05,8,svm_rbf,416
LW,1.8876886400935738e-05,8,svm_rbf,417
SF,1.876123706855571e-05,8,svm_rbf,418
EF,1.8588668772258674e-05,8,svm_rbf,419
QR,1.722095761628248e-05,8,svm_rbf,420
YS,1.6708705170491742e-05,8,svm_rbf,421
AN,1.6320729719401542e-05,8,svm_rbf,422
KE,1.553764087243422e-05,8,svm_rbf,423
_PolarizabilityC3,1.480845256122853e-05,8,svm_rbf,424
_PolarityD1075,1.3732884768049366e-05,8,svm_rbf,425
PN,1.3307660063381756e-05,8,svm_rbf,426
TR,1.2580227024418278e-05,8,svm_rbf,427
RQ,1.2004586374495074e-05,8,svm_rbf,428
WA,1.19443813223962e-05,8,svm_rbf,429
_SolventAccessibilityC3,1.0760260115435796e-05,8,svm_rbf,430
_PolarizabilityD2050,1.024675008075595e-05,8,svm_rbf,431
AK,8.380368994412024e-06,8,svm_rbf,432
RS,8.013356701474379e-06,8,svm_rbf,433
_ChargeD1075,7.5057998222854355e-06,8,svm_rbf,434
FG,7.349409332730599e-06,8,svm_rbf,435
_SecondaryStrD3075,7.027103924469312e-06,8,svm_rbf,436
_ChargeD3050,6.527693382477461e-06,8,svm_rbf,437
NL,5.271278023193628e-06,8,svm_rbf,438
EA,4.952970182056984e-06,8,svm_rbf,439
DI,4.770463780709699e-06,8,svm_rbf,440
_SolventAccessibilityD2100,3.947195378081211e-06,8,svm_rbf,441
ND,2.6440413969117783e-06,8,svm_rbf,442
_ChargeD1001,2.2133600768464242e-06,8,svm_rbf,443
_ChargeD1050,1.0290894872510586e-06,8,svm_rbf,444
SN,6.522439504479136e-07,8,svm_rbf,445
TC,0.0,8,svm_rbf,446
SQ,0.0,8,svm_rbf,447
SS,0.0,8,svm_rbf,448
SR,0.0,8,svm_rbf,449
EW,0.0,8,svm_rbf,450
_NormalizedVDWVT23,0.0,8,svm_rbf,451
WM,0.0,8,svm_rbf,452
aromaticity,0.0,8,svm_rbf,453
YQ,0.0,8,svm_rbf,454
L,0.0,8,svm_rbf,455
N,0.0,8,svm_rbf,456
Q,0.0,8,svm_rbf,457
YC,0.0,8,svm_rbf,458
YA,0.0,8,svm_rbf,459
DH,0.0,8,svm_rbf,460
WW,0.0,8,svm_rbf,461
WV,0.0,8,svm_rbf,462
WR,0.0,8,svm_rbf,463
WQ,0.0,8,svm_rbf,464
V,0.0,8,svm_rbf,465
WN,0.0,8,svm_rbf,466
DD,0.0,8,svm_rbf,467
CV,0.0,8,svm_rbf,468
WH,0.0,8,svm_rbf,469
WE,0.0,8,svm_rbf,470
WC,0.0,8,svm_rbf,471
VY,0.0,8,svm_rbf,472
DT,0.0,8,svm_rbf,473
_PolarizabilityC2,0.0,8,svm_rbf,474
_SolventAccessibilityC1,0.0,8,svm_rbf,475
_ChargeC1,0.0,8,svm_rbf,476
_PolarityC2,0.0,8,svm_rbf,477
_PolarityC3,0.0,8,svm_rbf,478
_PolarizabilityT12,0.0,8,svm_rbf,479
TQ,0.0,8,svm_rbf,480
TP,0.0,8,svm_rbf,481
_PolarityT13,0.0,8,svm_rbf,482
_PolarizabilityD2001,0.0,8,svm_rbf,483
NY,0.0,8,svm_rbf,484
SM,0.0,8,svm_rbf,485
SK,0.0,8,svm_rbf,486
IF,0.0,8,svm_rbf,487
IK,0.0,8,svm_rbf,488
CH,0.0,8,svm_rbf,489
IQ,0.0,8,svm_rbf,490
IS,0.0,8,svm_rbf,491
CK,0.0,8,svm_rbf,492
KC,0.0,8,svm_rbf,493
KF,0.0,8,svm_rbf,494
KI,0.0,8,svm_rbf,495
_ChargeD3001,0.0,8,svm_rbf,496
_ChargeD2075,0.0,8,svm_rbf,497
KM,0.0,8,svm_rbf,498
KQ,0.0,8,svm_rbf,499
KT,0.0,8,svm_rbf,500
LG,0.0,8,svm_rbf,501
CM,0.0,8,svm_rbf,502
LM,0.0,8,svm_rbf,503
LN,0.0,8,svm_rbf,504
_SecondaryStrD3001,0.0,8,svm_rbf,505
HR,0.0,8,svm_rbf,506
HQ,0.0,8,svm_rbf,507
_NormalizedVDWVD1075,0.0,8,svm_rbf,508
_HydrophobicityD3100,0.0,8,svm_rbf,509
FA,0.0,8,svm_rbf,510
FC,0.0,8,svm_rbf,511
FH,0.0,8,svm_rbf,512
AS,0.0,8,svm_rbf,513
FM,0.0,8,svm_rbf,514
FW,0.0,8,svm_rbf,515
AC,0.0,8,svm_rbf,516
GC,0.0,8,svm_rbf,517
_HydrophobicityD3001,0.0,8,svm_rbf,518
HK,0.0,8,svm_rbf,519
_HydrophobicityD2050,0.0,8,svm_rbf,520
_NormalizedVDWVD3100,0.0,8,svm_rbf,521
GY,0.0,8,svm_rbf,522
HC,0.0,8,svm_rbf,523
_NormalizedVDWVD2050,0.0,8,svm_rbf,524
HF,0.0,8,svm_rbf,525
HH,0.0,8,svm_rbf,526
HI,0.0,8,svm_rbf,527
_SecondaryStrD2100,0.0,8,svm_rbf,528
ME,0.0,8,svm_rbf,529
_SecondaryStrD2075,0.0,8,svm_rbf,530
QV,0.0,8,svm_rbf,531
PV,0.0,8,svm_rbf,532
_SolventAccessibilityD1050,0.0,8,svm_rbf,533
_PolarizabilityD3075,0.0,8,svm_rbf,534
QF,0.0,8,svm_rbf,535
_PolarizabilityD2100,0.0,8,svm_rbf,536
_PolarizabilityD2075,0.0,8,svm_rbf,537
QM,0.0,8,svm_rbf,538
CS,0.0,8,svm_rbf,539
QW,0.0,8,svm_rbf,540
CQ,0.0,8,svm_rbf,541
QY,0.0,8,svm_rbf,542
RC,0.0,8,svm_rbf,543
RG,0.0,8,svm_rbf,544
RN,0.0,8,svm_rbf,545
RT,0.0,8,svm_rbf,546
_PolarizabilityD2025,0.0,8,svm_rbf,547
SC,0.0,8,svm_rbf,548
ED,0.0,8,svm_rbf,549
PM,0.0,8,svm_rbf,550
_SolventAccessibilityD2075,0.0,8,svm_rbf,551
EM,0.0,8,svm_rbf,552
NC,0.0,8,svm_rbf,553
MM,0.0,8,svm_rbf,554
MN,0.0,8,svm_rbf,555
_SecondaryStrD1100,0.0,8,svm_rbf,556
MT,0.0,8,svm_rbf,557
_SecondaryStrD1075,0.0,8,svm_rbf,558
MW,0.0,8,svm_rbf,559
MY,0.0,8,svm_rbf,560
NA,0.0,8,svm_rbf,561
NG,0.0,8,svm_rbf,562
PF,0.0,8,svm_rbf,563
_SecondaryStrD1001,0.0,8,svm_rbf,564
NQ,0.0,8,svm_rbf,565
NR,0.0,8,svm_rbf,566
NV,0.0,8,svm_rbf,567
NW,0.0,8,svm_rbf,568
CD,0.0,8,svm_rbf,569
PC,0.0,8,svm_rbf,570
EI,0.0,8,svm_rbf,571
GR,0.0,8,svm_rbf,572
_HydrophobicityD2001,0.00968673187168724,9,svm_rbf,1
length,0.009414812639623803,9,svm_rbf,2
_HydrophobicityD3050,0.007603198620139238,9,svm_rbf,3
YT,0.007278665391506392,9,svm_rbf,4
_HydrophobicityT23,0.006519793310000161,9,svm_rbf,5
_HydrophobicityC1,0.00599342487905442,9,svm_rbf,6
YY,0.005711271250595666,9,svm_rbf,7
WC,0.005038836894560081,9,svm_rbf,8
RR,0.0048696293685847715,9,svm_rbf,9
_NormalizedVDWVC1,0.004561146615384223,9,svm_rbf,10
CF,0.004068848673375424,9,svm_rbf,11
WL,0.004039503048445815,9,svm_rbf,12
AI,0.003951893485180081,9,svm_rbf,13
_SecondaryStrT12,0.0039307468142633,9,svm_rbf,14
_SolventAccessibilityD2075,0.003469097327268276,9,svm_rbf,15
LE,0.0034032436774863077,9,svm_rbf,16
FP,0.003246871909672515,9,svm_rbf,17
WA,0.003217377110321438,9,svm_rbf,18
mw,0.0032077405808591036,9,svm_rbf,19
YQ,0.0030609365732083625,9,svm_rbf,20
_PolarityT12,0.0030518251916278843,9,svm_rbf,21
HP,0.003033000531504906,9,svm_rbf,22
HC,0.0030109923271637684,9,svm_rbf,23
LL,0.0030091650532378584,9,svm_rbf,24
TG,0.00299210849435627,9,svm_rbf,25
_SecondaryStrD2100,0.0029416808930759985,9,svm_rbf,26
_HydrophobicityD1050,0.0029343368912447642,9,svm_rbf,27
EV,0.002931530691352664,9,svm_rbf,28
_PolarizabilityC3,0.002925457363514715,9,svm_rbf,29
GF,0.00287240255313549,9,svm_rbf,30
AP,0.0028534773278129756,9,svm_rbf,31
C,0.0027841988439086455,9,svm_rbf,32
KD,0.0027648332163585985,9,svm_rbf,33
QS,0.002731873549084285,9,svm_rbf,34
QL,0.0026934052216511933,9,svm_rbf,35
_PolarizabilityD3001,0.0026691261057122263,9,svm_rbf,36
HG,0.002622323490789921,9,svm_rbf,37
DR,0.002605074917171464,9,svm_rbf,38
QY,0.002587185399313863,9,svm_rbf,39
TF,0.0025506786414666743,9,svm_rbf,40
TA,0.002518122068067724,9,svm_rbf,41
AR,0.0024652806247609086,9,svm_rbf,42
_HydrophobicityD1025,0.0024379923785839415,9,svm_rbf,43
_PolarityD3050,0.00242042571074518,9,svm_rbf,44
EQ,0.0024198458617129912,9,svm_rbf,45
YC,0.002394977831931515,9,svm_rbf,46
KS,0.0023714335769085305,9,svm_rbf,47
VI,0.0023303600261834396,9,svm_rbf,48
IE,0.0022843576763992702,9,svm_rbf,49
HM,0.0022751571267133753,9,svm_rbf,50
_PolarityD2100,0.002267905695221766,9,svm_rbf,51
GL,0.0022215309996696524,9,svm_rbf,52
DF,0.0022016438579804164,9,svm_rbf,53
WE,0.0022002615456404875,9,svm_rbf,54
YM,0.002198143942450683,9,svm_rbf,55
FN,0.002119987910034585,9,svm_rbf,56
FE,0.002077360084756532,9,svm_rbf,57
IR,0.002065930886569796,9,svm_rbf,58
WT,0.0020529440002896708,9,svm_rbf,59
EG,0.0020172037941659855,9,svm_rbf,60
FY,0.0020109597077139535,9,svm_rbf,61
_HydrophobicityD2025,0.001957580267004923,9,svm_rbf,62
QE,0.0018874835724099663,9,svm_rbf,63
PM,0.0018760955810529195,9,svm_rbf,64
CM,0.0018700050310082239,9,svm_rbf,65
VC,0.0018586368290055082,9,svm_rbf,66
YH,0.0018182724440621641,9,svm_rbf,67
KG,0.0018132045202876885,9,svm_rbf,68
EA,0.0018099490519275063,9,svm_rbf,69
FF,0.0017879920917727124,9,svm_rbf,70
FV,0.0017858892240178149,9,svm_rbf,71
_HydrophobicityT12,0.0017519028054316815,9,svm_rbf,72
_SecondaryStrC1,0.0017404704482369923,9,svm_rbf,73
IQ,0.0016620875772925439,9,svm_rbf,74
_SecondaryStrD2075,0.0016166442202047476,9,svm_rbf,75
FA,0.001585252337054592,9,svm_rbf,76
AS,0.0015795256714716754,9,svm_rbf,77
AF,0.0014938415640588323,9,svm_rbf,78
NA,0.0014666645385219535,9,svm_rbf,79
_SecondaryStrD2050,0.0014583687395197747,9,svm_rbf,80
TK,0.0014582145571302846,9,svm_rbf,81
CW,0.0014545243602620487,9,svm_rbf,82
_HydrophobicityT13,0.0014375026936588368,9,svm_rbf,83
_PolarizabilityD3025,0.0014237453778646937,9,svm_rbf,84
_HydrophobicityC3,0.0013903369149639044,9,svm_rbf,85
QM,0.0013854846430924285,9,svm_rbf,86
WI,0.0013678516673776755,9,svm_rbf,87
CQ,0.0013573762769606777,9,svm_rbf,88
AE,0.0013450994703295214,9,svm_rbf,89
ID,0.0013226269993922486,9,svm_rbf,90
GC,0.0013195369776286357,9,svm_rbf,91
_SolventAccessibilityT13,0.0013154189969001502,9,svm_rbf,92
_PolarizabilityC1,0.0013150874025250339,9,svm_rbf,93
SW,0.0012905581828564735,9,svm_rbf,94
_PolarityD2001,0.0012771681993234386,9,svm_rbf,95
DV,0.0012694411018028672,9,svm_rbf,96
_PolarizabilityD2001,0.0012542805725412887,9,svm_rbf,97
QW,0.0012385992139612423,9,svm_rbf,98
PS,0.0012358387937992442,9,svm_rbf,99
_SolventAccessibilityC2,0.0012257394598802428,9,svm_rbf,100
_SecondaryStrD1075,0.0012246858310895115,9,svm_rbf,101
IC,0.0012180499079020176,9,svm_rbf,102
LQ,0.001206368900001228,9,svm_rbf,103
_SecondaryStrD2001,0.0012062595335784567,9,svm_rbf,104
KR,0.0011980138961314082,9,svm_rbf,105
EY,0.00118194943969795,9,svm_rbf,106
VA,0.0011733761591956016,9,svm_rbf,107
CV,0.001160806756200671,9,svm_rbf,108
_ChargeD1025,0.0011534769191651828,9,svm_rbf,109
WY,0.0011200559096055129,9,svm_rbf,110
SS,0.001117142282444523,9,svm_rbf,111
_ChargeC1,0.0011117380446683447,9,svm_rbf,112
AC,0.0011097182827438303,9,svm_rbf,113
T,0.0011010522194579945,9,svm_rbf,114
YN,0.0010915690888035812,9,svm_rbf,115
_ChargeD3050,0.0010773279376729522,9,svm_rbf,116
_PolarizabilityD1025,0.0010604779431966046,9,svm_rbf,117
HN,0.0010518436355739303,9,svm_rbf,118
SL,0.0010390167904460053,9,svm_rbf,119
instability,0.001020265033446347,9,svm_rbf,120
_ChargeC2,0.0010145653559277257,9,svm_rbf,121
_SecondaryStrC2,0.0009898816211608408,9,svm_rbf,122
SY,0.0009872514411559277,9,svm_rbf,123
TM,0.0009787897137154826,9,svm_rbf,124
KM,0.0009737203757042977,9,svm_rbf,125
DY,0.0009686028272013495,9,svm_rbf,126
KF,0.000957539301714161,9,svm_rbf,127
IP,0.0009453384432230777,9,svm_rbf,128
_PolarizabilityT23,0.0009375484342699317,9,svm_rbf,129
_PolarityT23,0.0009330380189782911,9,svm_rbf,130
MG,0.000925898521363266,9,svm_rbf,131
SQ,0.0009149251016558929,9,svm_rbf,132
VF,0.0009088814084775493,9,svm_rbf,133
FT,0.0009014482236081306,9,svm_rbf,134
_PolarityC2,0.0008849466245932526,9,svm_rbf,135
TV,0.0008775126626689822,9,svm_rbf,136
CN,0.0008720289798820371,9,svm_rbf,137
_SolventAccessibilityT12,0.0008591341718138821,9,svm_rbf,138
_NormalizedVDWVD2075,0.0008588252191842725,9,svm_rbf,139
TI,0.0008449670902631634,9,svm_rbf,140
_NormalizedVDWVD3050,0.0008262427555805222,9,svm_rbf,141
_SolventAccessibilityD2025,0.00082451283940165,9,svm_rbf,142
SR,0.0008184085386252689,9,svm_rbf,143
YL,0.0008137826334380804,9,svm_rbf,144
_NormalizedVDWVD1001,0.0007927024923984278,9,svm_rbf,145
TD,0.0007920734087687106,9,svm_rbf,146
_SecondaryStrD1001,0.0007887758292904557,9,svm_rbf,147
PP,0.000777016265937396,9,svm_rbf,148
VP,0.0007745057667709828,9,svm_rbf,149
SK,0.0007736499351726677,9,svm_rbf,150
_ChargeC3,0.0007566073891816595,9,svm_rbf,151
SA,0.0007513347694085492,9,svm_rbf,152
PN,0.000744595885824465,9,svm_rbf,153
_NormalizedVDWVT23,0.0007324777412638611,9,svm_rbf,154
GM,0.0007261995764799048,9,svm_rbf,155
VH,0.0007257407242088656,9,svm_rbf,156
G,0.0007211156801576294,9,svm_rbf,157
CA,0.0007160426189660921,9,svm_rbf,158
PR,0.0007155279932405606,9,svm_rbf,159
_PolarizabilityD2025,0.00071356814961258,9,svm_rbf,160
ES,0.000711383983224037,9,svm_rbf,161
LF,0.0007109380251560849,9,svm_rbf,162
_ChargeD3100,0.0007073072089323068,9,svm_rbf,163
_NormalizedVDWVC2,0.0007068884915181745,9,svm_rbf,164
TT,0.0007010675302424236,9,svm_rbf,165
ME,0.0006932145352724372,9,svm_rbf,166
FK,0.000691295655604491,9,svm_rbf,167
LW,0.0006888906788504371,9,svm_rbf,168
PD,0.0006799379753091738,9,svm_rbf,169
_NormalizedVDWVD3100,0.0006772148753600643,9,svm_rbf,170
RD,0.0006720961744324195,9,svm_rbf,171
NN,0.0006718616165124772,9,svm_rbf,172
NV,0.0006699767157605457,9,svm_rbf,173
AK,0.0006657980725305702,9,svm_rbf,174
PE,0.0006580016643221422,9,svm_rbf,175
NM,0.0006578629810251503,9,svm_rbf,176
_PolarizabilityD1001,0.0006576808092309708,9,svm_rbf,177
TW,0.0006553529110577826,9,svm_rbf,178
LY,0.0006520744725101222,9,svm_rbf,179
ET,0.0006453913187133345,9,svm_rbf,180
QT,0.0006442546768575256,9,svm_rbf,181
RP,0.000641523823791664,9,svm_rbf,182
_SolventAccessibilityD1001,0.0006334493444964082,9,svm_rbf,183
DC,0.0006328107918803213,9,svm_rbf,184
CE,0.00063221340080021,9,svm_rbf,185
YD,0.0006269171852553272,9,svm_rbf,186
QD,0.0006172200314023859,9,svm_rbf,187
_HydrophobicityD1075,0.0006108589071281418,9,svm_rbf,188
IW,0.000608980452383076,9,svm_rbf,189
A,0.0006046428570912472,9,svm_rbf,190
AV,0.0006038557595930021,9,svm_rbf,191
_SecondaryStrC3,0.0006015900708437185,9,svm_rbf,192
N,0.0005989361634651885,9,svm_rbf,193
GR,0.000592628235646756,9,svm_rbf,194
EL,0.0005918742982817929,9,svm_rbf,195
_PolarityT13,0.0005807504294389084,9,svm_rbf,196
QC,0.0005697839163456124,9,svm_rbf,197
EP,0.0005692366873235327,9,svm_rbf,198
_SecondaryStrD1100,0.0005690479619059336,9,svm_rbf,199
_ChargeD1001,0.0005649275833145004,9,svm_rbf,200
DK,0.0005645574349030358,9,svm_rbf,201
VL,0.000561911958463538,9,svm_rbf,202
_ChargeT23,0.0005614680754644619,9,svm_rbf,203
GA,0.0005563595068756245,9,svm_rbf,204
PT,0.0005544617220922268,9,svm_rbf,205
_NormalizedVDWVD1025,0.0005522339228784865,9,svm_rbf,206
GD,0.0005440973490291279,9,svm_rbf,207
_ChargeD1075,0.0005388065221440168,9,svm_rbf,208
VQ,0.0005329565695999252,9,svm_rbf,209
QV,0.0005313659831760402,9,svm_rbf,210
F,0.0005310071860712338,9,svm_rbf,211
_SolventAccessibilityD1100,0.0005310071860712333,9,svm_rbf,212
YI,0.0005302537618511133,9,svm_rbf,213
HF,0.0005271252984440308,9,svm_rbf,214
_HydrophobicityC2,0.0005256504987204285,9,svm_rbf,215
DA,0.0005232501049182452,9,svm_rbf,216
_PolarizabilityD1050,0.0005155934779834035,9,svm_rbf,217
_PolarityD1050,0.0005114782770281085,9,svm_rbf,218
YF,0.0005114611941088742,9,svm_rbf,219
_PolarizabilityD1100,0.0005058727625374216,9,svm_rbf,220
DD,0.0005003753582216256,9,svm_rbf,221
YR,0.0004946539784292586,9,svm_rbf,222
_NormalizedVDWVD2100,0.0004905521446232628,9,svm_rbf,223
_NormalizedVDWVT12,0.0004864231453059865,9,svm_rbf,224
SV,0.000482492571815922,9,svm_rbf,225
L,0.00048061272400397076,9,svm_rbf,226
NC,0.00047230806124887046,9,svm_rbf,227
KW,0.0004700504792454257,9,svm_rbf,228
MP,0.00046935244136442887,9,svm_rbf,229
DN,0.000468869168104514,9,svm_rbf,230
_SolventAccessibilityD1050,0.0004677902103022813,9,svm_rbf,231
CP,0.00046708535552530587,9,svm_rbf,232
KT,0.000465136923577791,9,svm_rbf,233
RV,0.00046095030085858713,9,svm_rbf,234
AQ,0.00045497542123010287,9,svm_rbf,235
_SecondaryStrD3001,0.0004530624999146418,9,svm_rbf,236
S,0.00044172867286872917,9,svm_rbf,237
DP,0.0004391704395627766,9,svm_rbf,238
AY,0.00043475912199384103,9,svm_rbf,239
IG,0.00043320106780395134,9,svm_rbf,240
_ChargeD3025,0.0004310651962336212,9,svm_rbf,241
_SolventAccessibilityC3,0.00042966333106836575,9,svm_rbf,242
_ChargeD1100,0.0004288192519768598,9,svm_rbf,243
PI,0.00042363549056298076,9,svm_rbf,244
IL,0.00041508835108291955,9,svm_rbf,245
HV,0.00040669851981273245,9,svm_rbf,246
_PolarizabilityT13,0.00040349815518909065,9,svm_rbf,247
TE,0.00040145373208138756,9,svm_rbf,248
RM,0.00039660230355977434,9,svm_rbf,249
SC,0.00039397433009076804,9,svm_rbf,250
LP,0.0003936868120806171,9,svm_rbf,251
IV,0.00038791642584951123,9,svm_rbf,252
PV,0.0003876530861413904,9,svm_rbf,253
RC,0.0003872201531233243,9,svm_rbf,254
FR,0.0003862449751484313,9,svm_rbf,255
FG,0.0003847595045012121,9,svm_rbf,256
QP,0.00038211905104734267,9,svm_rbf,257
_PolarizabilityD2100,0.00038149626672857385,9,svm_rbf,258
CR,0.0003779040454389257,9,svm_rbf,259
MI,0.0003709956529302836,9,svm_rbf,260
_ChargeD3075,0.00036296673260798,9,svm_rbf,261
NI,0.0003625332020769248,9,svm_rbf,262
LM,0.0003608826801599845,9,svm_rbf,263
PL,0.00036008133551684586,9,svm_rbf,264
NR,0.00035935293561030685,9,svm_rbf,265
AN,0.00035917351647622275,9,svm_rbf,266
KI,0.0003571467473940972,9,svm_rbf,267
_NormalizedVDWVC3,0.0003571343018232497,9,svm_rbf,268
LI,0.00035449972451280195,9,svm_rbf,269
LT,0.00034888408499216943,9,svm_rbf,270
NY,0.00034859752771975605,9,svm_rbf,271
ST,0.00034776646215504574,9,svm_rbf,272
pI,0.000347644949750728,9,svm_rbf,273
_ChargeD3001,0.000347026071937745,9,svm_rbf,274
QG,0.0003460151578748015,9,svm_rbf,275
_HydrophobicityD3100,0.00034594596221305956,9,svm_rbf,276
FS,0.00033820035816660605,9,svm_rbf,277
TP,0.00033451882150871133,9,svm_rbf,278
_SolventAccessibilityD3001,0.0003343554539256886,9,svm_rbf,279
_NormalizedVDWVD2025,0.00033325011301539516,9,svm_rbf,280
DL,0.00033147833920066437,9,svm_rbf,281
MT,0.00033096719819425706,9,svm_rbf,282
CC,0.0003297381274895435,9,svm_rbf,283
HE,0.0003296826669666622,9,svm_rbf,284
HW,0.0003231622364955406,9,svm_rbf,285
LN,0.0003167048683580472,9,svm_rbf,286
KV,0.00031451512209851497,9,svm_rbf,287
_PolarityD1100,0.0003144731011751309,9,svm_rbf,288
D,0.00031413320009241597,9,svm_rbf,289
_PolarizabilityD2075,0.00031144373329536796,9,svm_rbf,290
SP,0.00031122919260537425,9,svm_rbf,291
_HydrophobicityD2075,0.0003093189173081073,9,svm_rbf,292
NP,0.00030577253001481155,9,svm_rbf,293
_PolarizabilityD3050,0.00030376703986793397,9,svm_rbf,294
_ChargeD2050,0.00030032555362049374,9,svm_rbf,295
HQ,0.0002933109735148698,9,svm_rbf,296
_SecondaryStrD1050,0.00029251870168199383,9,svm_rbf,297
_ChargeD2025,0.00028696909053150063,9,svm_rbf,298
_SolventAccessibilityD1025,0.00028693848380181413,9,svm_rbf,299
_PolarityD1025,0.00028424613730069386,9,svm_rbf,300
VT,0.0002811753273811699,9,svm_rbf,301
KE,0.0002811753273811697,9,svm_rbf,302
RH,0.00028108212567022736,9,svm_rbf,303
RN,0.0002775805422709595,9,svm_rbf,304
_NormalizedVDWVD2001,0.00027338065876588406,9,svm_rbf,305
PG,0.0002723518663145,9,svm_rbf,306
HS,0.0002707418173446127,9,svm_rbf,307
_SecondaryStrD1025,0.00027072193734001217,9,svm_rbf,308
LD,0.0002694205109793125,9,svm_rbf,309
VV,0.0002686065591414484,9,svm_rbf,310
_HydrophobicityD1100,0.0002679936272490547,9,svm_rbf,311
KN,0.00026496356317562365,9,svm_rbf,312
QN,0.0002624608131092363,9,svm_rbf,313
LC,0.0002617835108893773,9,svm_rbf,314
GV,0.00025577904542446544,9,svm_rbf,315
_SecondaryStrD3075,0.00025495211691274643,9,svm_rbf,316
GQ,0.00025202281333196446,9,svm_rbf,317
M,0.00024698720094310455,9,svm_rbf,318
SD,0.0002443134103634293,9,svm_rbf,319
_HydrophobicityD3001,0.00024321205999663237,9,svm_rbf,320
HK,0.00024181306183556305,9,svm_rbf,321
TQ,0.00024156302177359866,9,svm_rbf,322
GE,0.00023557502366590384,9,svm_rbf,323
_SolventAccessibilityD3075,0.00023292817460758623,9,svm_rbf,324
EE,0.00023169530966095798,9,svm_rbf,325
AW,0.0002311035465058009,9,svm_rbf,326
_ChargeT12,0.00023047507728990622,9,svm_rbf,327
_PolarityC3,0.00022471648606901012,9,svm_rbf,328
EN,0.00022343596126327345,9,svm_rbf,329
_HydrophobicityD2050,0.00022230188113511902,9,svm_rbf,330
_PolarityD2025,0.0002188180971449727,9,svm_rbf,331
_NormalizedVDWVD3075,0.0002180946068951836,9,svm_rbf,332
PH,0.00021529292596121963,9,svm_rbf,333
DG,0.00021479906249952414,9,svm_rbf,334
ND,0.00021254532573611594,9,svm_rbf,335
WG,0.00021198507572675536,9,svm_rbf,336
_ChargeD1050,0.00021177971020004202,9,svm_rbf,337
_PolarizabilityD1075,0.0002110080349074326,9,svm_rbf,338
_NormalizedVDWVD1075,0.00020845442707019795,9,svm_rbf,339
IS,0.00020539504616350014,9,svm_rbf,340
PQ,0.00020538079685011285,9,svm_rbf,341
TN,0.000201096126731245,9,svm_rbf,342
E,0.00019946300941414965,9,svm_rbf,343
NE,0.00019778916461780208,9,svm_rbf,344
LH,0.00019689112746541852,9,svm_rbf,345
VR,0.00019401284171369963,9,svm_rbf,346
TH,0.00019255846158250733,9,svm_rbf,347
I,0.00019204264772864217,9,svm_rbf,348
YV,0.0001913076635495679,9,svm_rbf,349
VM,0.00018886837933386255,9,svm_rbf,350
GG,0.00018877004514120547,9,svm_rbf,351
_SolventAccessibilityC1,0.0001879684631485853,9,svm_rbf,352
FD,0.00018486099370588588,9,svm_rbf,353
AG,0.00018483699067735977,9,svm_rbf,354
_PolarizabilityD3100,0.00017916484949702578,9,svm_rbf,355
WQ,0.0001763195468664609,9,svm_rbf,356
YS,0.0001725001764863509,9,svm_rbf,357
WV,0.00016801027039084097,9,svm_rbf,358
GT,0.0001660261458817424,9,svm_rbf,359
NQ,0.00016514424821799763,9,svm_rbf,360
DE,0.00016279976892024595,9,svm_rbf,361
TC,0.00016183340326040983,9,svm_rbf,362
MF,0.00015732554734962622,9,svm_rbf,363
MK,0.00015732554734962614,9,svm_rbf,364
GI,0.00015732554734962612,9,svm_rbf,365
LV,0.00015208352994563646,9,svm_rbf,366
_PolarityD3025,0.0001493412172950957,9,svm_rbf,367
_PolarizabilityD2050,0.00014676192860327888,9,svm_rbf,368
_PolarityD2050,0.00014440510777675243,9,svm_rbf,369
_NormalizedVDWVD3025,0.00014401254734154378,9,svm_rbf,370
VG,0.00014144534987038367,9,svm_rbf,371
FL,0.00013659579052911416,9,svm_rbf,372
DW,0.00013563802986002268,9,svm_rbf,373
_SecondaryStrD3025,0.0001332229639993984,9,svm_rbf,374
VN,0.0001323124656428727,9,svm_rbf,375
SI,0.00013152668355523694,9,svm_rbf,376
QR,0.00013129018134033944,9,svm_rbf,377
ED,0.00012970343514303348,9,svm_rbf,378
_PolarityD3001,0.0001295087101305936,9,svm_rbf,379
AL,0.00012883104162164145,9,svm_rbf,380
DI,0.00012762029895704613,9,svm_rbf,381
AD,0.00012688383270293514,9,svm_rbf,382
HA,0.00012622532689888173,9,svm_rbf,383
KH,0.00012570518583539228,9,svm_rbf,384
_PolarityC1,0.0001251466435288075,9,svm_rbf,385
_NormalizedVDWVD2050,0.00012427368399951154,9,svm_rbf,386
GH,0.0001170508577543195,9,svm_rbf,387
KK,0.00011515264892244938,9,svm_rbf,388
_SecondaryStrD2025,0.00011400557245800268,9,svm_rbf,389
KQ,0.00011242627438771311,9,svm_rbf,390
_ChargeT13,0.0001082358795234755,9,svm_rbf,391
IA,0.00010809131326555249,9,svm_rbf,392
H,0.00010450948843468746,9,svm_rbf,393
IH,9.682234666879925e-05,9,svm_rbf,394
VS,9.572799422790656e-05,9,svm_rbf,395
QQ,9.550178847173101e-05,9,svm_rbf,396
LK,9.173169081397393e-05,9,svm_rbf,397
SE,8.947482259890172e-05,9,svm_rbf,398
GY,8.877521701624711e-05,9,svm_rbf,399
_SolventAccessibilityD2050,8.85775513655467e-05,9,svm_rbf,400
RL,8.84172488039204e-05,9,svm_rbf,401
MA,8.8404698433702e-05,9,svm_rbf,402
YK,8.798434567516367e-05,9,svm_rbf,403
RS,8.478501005374243e-05,9,svm_rbf,404
FI,8.455767688412079e-05,9,svm_rbf,405
R,8.397954962636293e-05,9,svm_rbf,406
QA,8.34800701635122e-05,9,svm_rbf,407
QK,8.33336046897347e-05,9,svm_rbf,408
PF,7.758292967833684e-05,9,svm_rbf,409
_PolarityD1075,7.746735543993688e-05,9,svm_rbf,410
CI,7.698075067265396e-05,9,svm_rbf,411
VK,7.660509242868741e-05,9,svm_rbf,412
MR,7.558637722633099e-05,9,svm_rbf,413
WK,7.558260833722111e-05,9,svm_rbf,414
AM,6.828019168015629e-05,9,svm_rbf,415
IK,6.555735262396887e-05,9,svm_rbf,416
HL,6.329105627981077e-05,9,svm_rbf,417
EH,6.309281273251002e-05,9,svm_rbf,418
_PolarizabilityD3075,5.781774055393433e-05,9,svm_rbf,419
VE,5.735117632589515e-05,9,svm_rbf,420
_HydrophobicityD2100,5.541853276316212e-05,9,svm_rbf,421
FC,5.5236830574914006e-05,9,svm_rbf,422
NK,5.279678191672226e-05,9,svm_rbf,423
KP,5.1826595686004926e-05,9,svm_rbf,424
_PolarityD3100,5.1619650074554525e-05,9,svm_rbf,425
SF,4.8828793920510253e-05,9,svm_rbf,426
VY,4.606609381644025e-05,9,svm_rbf,427
GP,4.2311745141253166e-05,9,svm_rbf,428
MC,3.812283892294464e-05,9,svm_rbf,429
KA,3.765386080677086e-05,9,svm_rbf,430
CT,3.137671702724698e-05,9,svm_rbf,431
NH,2.96614976302569e-05,9,svm_rbf,432
CK,2.8042097797675184e-05,9,svm_rbf,433
LS,2.6974112498312335e-05,9,svm_rbf,434
MS,2.6431276223607692e-05,9,svm_rbf,435
RI,1.8613984362905603e-05,9,svm_rbf,436
_NormalizedVDWVT13,1.8003305074907516e-05,9,svm_rbf,437
IM,1.5992979454917865e-05,9,svm_rbf,438
_PolarityD1001,1.539633699013101e-05,9,svm_rbf,439
GS,1.3027792104434496e-05,9,svm_rbf,440
NS,1.2921427220957303e-05,9,svm_rbf,441
AT,6.4092883854602865e-06,9,svm_rbf,442
TS,5.1559366649744225e-06,9,svm_rbf,443
K,4.16487628202316e-06,9,svm_rbf,444
_PolarizabilityC2,8.305843403004376e-07,9,svm_rbf,445
_SolventAccessibilityD1075,0.0,9,svm_rbf,446
V,0.0,9,svm_rbf,447
_SolventAccessibilityD2100,0.0,9,svm_rbf,448
HD,0.0,9,svm_rbf,449
_SolventAccessibilityD2001,0.0,9,svm_rbf,450
TL,0.0,9,svm_rbf,451
_SolventAccessibilityD3025,0.0,9,svm_rbf,452
YG,0.0,9,svm_rbf,453
Q,0.0,9,svm_rbf,454
TR,0.0,9,svm_rbf,455
_SolventAccessibilityD3050,0.0,9,svm_rbf,456
P,0.0,9,svm_rbf,457
HR,0.0,9,svm_rbf,458
_SolventAccessibilityD3100,0.0,9,svm_rbf,459
HT,0.0,9,svm_rbf,460
YP,0.0,9,svm_rbf,461
aromaticity,0.0,9,svm_rbf,462
YW,0.0,9,svm_rbf,463
GK,0.0,9,svm_rbf,464
_SecondaryStrT13,0.0,9,svm_rbf,465
YE,0.0,9,svm_rbf,466
HI,0.0,9,svm_rbf,467
WD,0.0,9,svm_rbf,468
HH,0.0,9,svm_rbf,469
_PolarizabilityT12,0.0,9,svm_rbf,470
WF,0.0,9,svm_rbf,471
WH,0.0,9,svm_rbf,472
VD,0.0,9,svm_rbf,473
VW,0.0,9,svm_rbf,474
WM,0.0,9,svm_rbf,475
WN,0.0,9,svm_rbf,476
WP,0.0,9,svm_rbf,477
W,0.0,9,svm_rbf,478
WR,0.0,9,svm_rbf,479
WS,0.0,9,svm_rbf,480
TY,0.0,9,svm_rbf,481
WW,0.0,9,svm_rbf,482
YA,0.0,9,svm_rbf,483
_SecondaryStrT23,0.0,9,svm_rbf,484
GN,0.0,9,svm_rbf,485
_SolventAccessibilityT23,0.0,9,svm_rbf,486
Y,0.0,9,svm_rbf,487
EI,0.0,9,svm_rbf,488
RG,0.0,9,svm_rbf,489
_SecondaryStrD3050,0.0,9,svm_rbf,490
MM,0.0,9,svm_rbf,491
MQ,0.0,9,svm_rbf,492
CH,0.0,9,svm_rbf,493
MV,0.0,9,svm_rbf,494
MW,0.0,9,svm_rbf,495
MY,0.0,9,svm_rbf,496
CG,0.0,9,svm_rbf,497
CD,0.0,9,svm_rbf,498
EM,0.0,9,svm_rbf,499
NF,0.0,9,svm_rbf,500
NG,0.0,9,svm_rbf,501
ER,0.0,9,svm_rbf,502
NL,0.0,9,svm_rbf,503
KC,0.0,9,svm_rbf,504
NT,0.0,9,svm_rbf,505
AH,0.0,9,svm_rbf,506
NW,0.0,9,svm_rbf,507
PA,0.0,9,svm_rbf,508
MN,0.0,9,svm_rbf,509
ML,0.0,9,svm_rbf,510
AA,0.0,9,svm_rbf,511
MH,0.0,9,svm_rbf,512
EF,0.0,9,svm_rbf,513
KL,0.0,9,svm_rbf,514
EC,0.0,9,svm_rbf,515
KY,0.0,9,svm_rbf,516
LA,0.0,9,svm_rbf,517
EK,0.0,9,svm_rbf,518
DT,0.0,9,svm_rbf,519
LG,0.0,9,svm_rbf,520
DS,0.0,9,svm_rbf,521
DQ,0.0,9,svm_rbf,522
DM,0.0,9,svm_rbf,523
DH,0.0,9,svm_rbf,524
LR,0.0,9,svm_rbf,525
CY,0.0,9,svm_rbf,526
MD,0.0,9,svm_rbf,527
CS,0.0,9,svm_rbf,528
CL,0.0,9,svm_rbf,529
PC,0.0,9,svm_rbf,530
IY,0.0,9,svm_rbf,531
_SecondaryStrD3100,0.0,9,svm_rbf,532
RF,0.0,9,svm_rbf,533
RK,0.0,9,svm_rbf,534
FM,0.0,9,svm_rbf,535
RQ,0.0,9,svm_rbf,536
RT,0.0,9,svm_rbf,537
_ChargeD2100,0.0,9,svm_rbf,538
RW,0.0,9,svm_rbf,539
RY,0.0,9,svm_rbf,540
_ChargeD2075,0.0,9,svm_rbf,541
IF,0.0,9,svm_rbf,542
FQ,0.0,9,svm_rbf,543
SG,0.0,9,svm_rbf,544
SH,0.0,9,svm_rbf,545
FW,0.0,9,svm_rbf,546
_ChargeD2001,0.0,9,svm_rbf,547
SM,0.0,9,svm_rbf,548
SN,0.0,9,svm_rbf,549
HY,0.0,9,svm_rbf,550
II,0.0,9,svm_rbf,551
RE,0.0,9,svm_rbf,552
_HydrophobicityD3075,0.0,9,svm_rbf,553
RA,0.0,9,svm_rbf,554
PK,0.0,9,svm_rbf,555
_HydrophobicityD3025,0.0,9,svm_rbf,556
EW,0.0,9,svm_rbf,557
IT,0.0,9,svm_rbf,558
FH,0.0,9,svm_rbf,559
_HydrophobicityD1001,0.0,9,svm_rbf,560
GW,0.0,9,svm_rbf,561
PY,0.0,9,svm_rbf,562
_NormalizedVDWVD3001,0.0,9,svm_rbf,563
QF,0.0,9,svm_rbf,564
IN,0.0,9,svm_rbf,565
QH,0.0,9,svm_rbf,566
QI,0.0,9,svm_rbf,567
_NormalizedVDWVD1100,0.0,9,svm_rbf,568
_NormalizedVDWVD1050,0.0,9,svm_rbf,569
_PolarityD3075,0.0,9,svm_rbf,570
_PolarityD2075,0.0,9,svm_rbf,571
PW,0.0,9,svm_rbf,572
