feature,mean_abs_shap,seed,best_model,rank
pI,0.017976234193350628,0,random_forest,1
_ChargeT23,0.017117393212140147,0,random_forest,2
_SecondaryStrC3,0.016282318107782037,0,random_forest,3
_ChargeC3,0.01570133810234485,0,random_forest,4
E,0.014532441277306456,0,random_forest,5
_HydrophobicityT12,0.013872511266501244,0,random_forest,6
P,0.012857923744170972,0,random_forest,7
DF,0.012649805017024522,0,random_forest,8
length,0.010001280771888802,0,random_forest,9
_SecondaryStrD3001,0.009944199228754136,0,random_forest,10
EY,0.009591592982786864,0,random_forest,11
_PolarizabilityD2001,0.008787308579476173,0,random_forest,12
_PolarizabilityC3,0.008260316771993655,0,random_forest,13
_NormalizedVDWVC3,0.007365930868434106,0,random_forest,14
FE,0.0069681917106857024,0,random_forest,15
_SecondaryStrD1100,0.006845791722955746,0,random_forest,16
PE,0.006367833885636633,0,random_forest,17
M,0.006218798757727498,0,random_forest,18
GD,0.006134764880797984,0,random_forest,19
_PolarityT23,0.006105329079458465,0,random_forest,20
_PolarizabilityT13,0.005939740954902389,0,random_forest,21
_ChargeD2001,0.005585500289637383,0,random_forest,22
_HydrophobicityC3,0.00547466564926579,0,random_forest,23
_PolarizabilityD2075,0.005369383561623145,0,random_forest,24
D,0.005354321365154586,0,random_forest,25
_ChargeC1,0.005267433320614397,0,random_forest,26
mw,0.005206184877534381,0,random_forest,27
EE,0.0051681658898874204,0,random_forest,28
_SolventAccessibilityD3075,0.0049919241133632285,0,random_forest,29
_NormalizedVDWVD1001,0.004918882517914329,0,random_forest,30
_ChargeD3100,0.0048079662654767884,0,random_forest,31
_NormalizedVDWVC1,0.004754533366228938,0,random_forest,32
_SolventAccessibilityC1,0.004660415903803557,0,random_forest,33
_ChargeT12,0.004401841381722183,0,random_forest,34
_PolarityD1050,0.004275263160191253,0,random_forest,35
_ChargeC2,0.004224706261616548,0,random_forest,36
IP,0.004124464251302776,0,random_forest,37
_HydrophobicityT23,0.0040850114229157835,0,random_forest,38
_ChargeD3025,0.004018138635055801,0,random_forest,39
_PolarizabilityD1001,0.00397445353546565,0,random_forest,40
_SolventAccessibilityC2,0.003765737046613636,0,random_forest,41
_SolventAccessibilityD3050,0.0037545842271791176,0,random_forest,42
_PolarizabilityD2100,0.0037262821418306735,0,random_forest,43
Y,0.003681192222720052,0,random_forest,44
_NormalizedVDWVT12,0.0036309697287010834,0,random_forest,45
_ChargeT13,0.003614346316991425,0,random_forest,46
_SolventAccessibilityD1001,0.0036087550519100526,0,random_forest,47
_NormalizedVDWVD2001,0.0035491085708081157,0,random_forest,48
_SolventAccessibilityT23,0.003542977606311484,0,random_forest,49
_ChargeD3075,0.0034821872590841386,0,random_forest,50
_HydrophobicityD2001,0.0034196794535251377,0,random_forest,51
_PolarityC3,0.003028942721147994,0,random_forest,52
_PolarityT12,0.003020485658364456,0,random_forest,53
_HydrophobicityC1,0.0030151698337731797,0,random_forest,54
_PolarizabilityD2025,0.002891914368158016,0,random_forest,55
GE,0.0028615638801120524,0,random_forest,56
_PolarityC1,0.0028117340295973014,0,random_forest,57
_SecondaryStrD1001,0.002801829468829309,0,random_forest,58
_SolventAccessibilityD3001,0.0027485071467252685,0,random_forest,59
_SolventAccessibilityD2001,0.0027426419295315946,0,random_forest,60
_SecondaryStrC1,0.0027196993703168426,0,random_forest,61
_PolarityD1075,0.0026721987143574154,0,random_forest,62
_HydrophobicityC2,0.0025379047081076885,0,random_forest,63
_HydrophobicityD1001,0.0025327103226898103,0,random_forest,64
_PolarizabilityT12,0.0025292638588279947,0,random_forest,65
_PolarityD2001,0.0024119404312282285,0,random_forest,66
GS,0.002258628284705189,0,random_forest,67
_PolarityD3100,0.0022577105410935146,0,random_forest,68
SD,0.0022564594741380796,0,random_forest,69
_HydrophobicityD1100,0.002245014896102891,0,random_forest,70
_SecondaryStrD1025,0.00224178452893934,0,random_forest,71
L,0.002219860688192391,0,random_forest,72
_HydrophobicityT13,0.0020894787045994453,0,random_forest,73
_SolventAccessibilityD3100,0.0020784257056265638,0,random_forest,74
_ChargeD3001,0.002022216095411174,0,random_forest,75
instability,0.001940534179651035,0,random_forest,76
_SolventAccessibilityT12,0.0019304221728390961,0,random_forest,77
_HydrophobicityD3050,0.001903457314022671,0,random_forest,78
_SolventAccessibilityD2100,0.001891735957958702,0,random_forest,79
_PolarityD3001,0.0018702226501706753,0,random_forest,80
aromaticity,0.0017919191290273536,0,random_forest,81
_HydrophobicityD1025,0.001784739209600498,0,random_forest,82
K,0.0017573260376295896,0,random_forest,83
_PolarizabilityC2,0.0017441919246095957,0,random_forest,84
_HydrophobicityD3100,0.0017359866960978043,0,random_forest,85
_PolarityD3025,0.0017288719599759853,0,random_forest,86
G,0.0017012874909504603,0,random_forest,87
ED,0.0016815386575150645,0,random_forest,88
_NormalizedVDWVD2075,0.0016690474541235934,0,random_forest,89
_ChargeD3050,0.0015705446156940115,0,random_forest,90
_SolventAccessibilityT13,0.0015469375632146335,0,random_forest,91
_SecondaryStrD3050,0.0015226895010527959,0,random_forest,92
LG,0.0015018108767364483,0,random_forest,93
EG,0.001493983241368027,0,random_forest,94
_SecondaryStrT23,0.001460068025303749,0,random_forest,95
_SolventAccessibilityD2025,0.0014578092778185325,0,random_forest,96
_SecondaryStrT13,0.001431685051573639,0,random_forest,97
_SecondaryStrC2,0.0014043656227936078,0,random_forest,98
_HydrophobicityD3025,0.0013582104587108524,0,random_forest,99
_SolventAccessibilityD2075,0.001353946801617727,0,random_forest,100
T,0.0013507365714187421,0,random_forest,101
AP,0.0013412843320096434,0,random_forest,102
_SecondaryStrD1075,0.001329704980480778,0,random_forest,103
I,0.0013199726033611505,0,random_forest,104
DP,0.0012864993215361276,0,random_forest,105
AE,0.0012831653746792052,0,random_forest,106
_PolarityD1100,0.0012750480463454322,0,random_forest,107
_SolventAccessibilityD1025,0.0012743157075599553,0,random_forest,108
_NormalizedVDWVD2100,0.001273400861369515,0,random_forest,109
C,0.0012571471565926574,0,random_forest,110
_NormalizedVDWVT13,0.0012390877622421989,0,random_forest,111
_PolarityC2,0.001225166924701236,0,random_forest,112
DN,0.0011993192998454368,0,random_forest,113
_HydrophobicityD2025,0.0011946414236200839,0,random_forest,114
PR,0.0011581757155980932,0,random_forest,115
GN,0.0011116991106090242,0,random_forest,116
V,0.0010649635741669585,0,random_forest,117
_SolventAccessibilityD3025,0.0010648025044925498,0,random_forest,118
_SecondaryStrD2001,0.0010465423217830957,0,random_forest,119
YL,0.0010445329865935787,0,random_forest,120
AD,0.001035415834589315,0,random_forest,121
_PolarityD1001,0.0010294208468148273,0,random_forest,122
_SecondaryStrD3025,0.0010078995374267479,0,random_forest,123
_NormalizedVDWVD3025,0.0010006563084208795,0,random_forest,124
_ChargeD2025,0.0009625696046351919,0,random_forest,125
_PolarityD2025,0.0009517638711263863,0,random_forest,126
QG,0.0009428430164007615,0,random_forest,127
_NormalizedVDWVD1075,0.0009349958444583301,0,random_forest,128
_NormalizedVDWVC2,0.0009344046923921553,0,random_forest,129
_PolarizabilityD3001,0.0009257546124842061,0,random_forest,130
_ChargeD1025,0.0009098078660651037,0,random_forest,131
_SecondaryStrD3075,0.0009025785782197942,0,random_forest,132
_PolarizabilityD1025,0.0008757249997517918,0,random_forest,133
_HydrophobicityD3075,0.0008742531427372079,0,random_forest,134
_SecondaryStrD2075,0.0008695876015006986,0,random_forest,135
_PolarityD2100,0.0008684381971797322,0,random_forest,136
_NormalizedVDWVD3050,0.000859224747927492,0,random_forest,137
Q,0.0008480889419152743,0,random_forest,138
EL,0.000843828522544788,0,random_forest,139
_SolventAccessibilityD1050,0.000824954642273951,0,random_forest,140
_SolventAccessibilityC3,0.0008202524241489501,0,random_forest,141
_PolarizabilityD2050,0.0008091652840501626,0,random_forest,142
SG,0.0008079767773581461,0,random_forest,143
QC,0.0007949178240625485,0,random_forest,144
_NormalizedVDWVD2050,0.0007866474781419142,0,random_forest,145
N,0.0007842149311521524,0,random_forest,146
_SolventAccessibilityD1100,0.0007767025353660433,0,random_forest,147
_ChargeD1001,0.0007742594284569565,0,random_forest,148
_NormalizedVDWVD3075,0.0007649973920437821,0,random_forest,149
_NormalizedVDWVD2025,0.0007589606872467765,0,random_forest,150
_PolarizabilityD1100,0.0007536974954186021,0,random_forest,151
DY,0.0007521435361946366,0,random_forest,152
_SolventAccessibilityD1075,0.0007482001094265881,0,random_forest,153
PG,0.000738295937284962,0,random_forest,154
_PolarityD3075,0.0007189962469244818,0,random_forest,155
_HydrophobicityD3001,0.0007166135709332882,0,random_forest,156
_HydrophobicityD2050,0.0007139697112567625,0,random_forest,157
_ChargeD1075,0.0007083752204137986,0,random_forest,158
CL,0.0007068776116510534,0,random_forest,159
A,0.000699654058956296,0,random_forest,160
_PolarizabilityD3025,0.0006836281189670275,0,random_forest,161
_NormalizedVDWVD1025,0.000682529173339986,0,random_forest,162
_HydrophobicityD2075,0.0006815902267268568,0,random_forest,163
_NormalizedVDWVD1100,0.0006806246933725559,0,random_forest,164
_NormalizedVDWVD1050,0.0006799577564933566,0,random_forest,165
CE,0.000674138266567484,0,random_forest,166
_PolarizabilityD3050,0.0006726477072981674,0,random_forest,167
_PolarizabilityD3100,0.0006725658518099793,0,random_forest,168
LE,0.0006717214065478272,0,random_forest,169
_HydrophobicityD2100,0.0006671455869757741,0,random_forest,170
LC,0.0006563254785520852,0,random_forest,171
_SecondaryStrD2050,0.0006522954218978277,0,random_forest,172
_PolarizabilityC1,0.0006519952055054222,0,random_forest,173
F,0.0006424650964302515,0,random_forest,174
_NormalizedVDWVD3001,0.0006333213923500648,0,random_forest,175
_SecondaryStrD2025,0.0006330198933305783,0,random_forest,176
EV,0.0006235389560239839,0,random_forest,177
YE,0.0006205976666026487,0,random_forest,178
_PolarizabilityT23,0.0006193076206553097,0,random_forest,179
GG,0.0006162801512086153,0,random_forest,180
VE,0.0006095992584479033,0,random_forest,181
_HydrophobicityD1050,0.0006031430592004533,0,random_forest,182
R,0.0006009534755868699,0,random_forest,183
PK,0.0005990771794949401,0,random_forest,184
S,0.0005897411779342373,0,random_forest,185
_PolarizabilityD3075,0.0005857941142120369,0,random_forest,186
_SecondaryStrD1050,0.0005788369969347682,0,random_forest,187
EP,0.0005780315859280048,0,random_forest,188
DD,0.0005764088888228565,0,random_forest,189
_ChargeD2100,0.0005755922581641214,0,random_forest,190
_HydrophobicityD1075,0.0005734346035495262,0,random_forest,191
_ChargeD2075,0.0005717588437077077,0,random_forest,192
_PolarityT13,0.00056373397922842,0,random_forest,193
_NormalizedVDWVD3100,0.0005524871615691787,0,random_forest,194
_PolarityD3050,0.0005392468542333847,0,random_forest,195
_ChargeD1100,0.0005371258732056536,0,random_forest,196
NA,0.0005322863565349281,0,random_forest,197
_SecondaryStrD2100,0.0005242097927951441,0,random_forest,198
AG,0.0005083799454523845,0,random_forest,199
DC,0.0005018225595880893,0,random_forest,200
_PolarizabilityD1075,0.0005008380948238134,0,random_forest,201
YP,0.0004903117766403648,0,random_forest,202
_PolarizabilityD1050,0.00048151916277999296,0,random_forest,203
_SolventAccessibilityD2050,0.00047862478766958903,0,random_forest,204
_ChargeD2050,0.0004658144474546208,0,random_forest,205
_SecondaryStrT12,0.0004630373099284847,0,random_forest,206
RG,0.0004607604592200728,0,random_forest,207
_PolarityD2075,0.00046032717659867813,0,random_forest,208
_PolarityD2050,0.00045261970477201307,0,random_forest,209
_ChargeD1050,0.0004441350776030447,0,random_forest,210
CQ,0.0004412063821644064,0,random_forest,211
RA,0.00043214657552903915,0,random_forest,212
H,0.0004304777736150322,0,random_forest,213
_PolarityD1025,0.00043037240810187005,0,random_forest,214
EA,0.0004285085966967097,0,random_forest,215
CR,0.00041246621591867823,0,random_forest,216
_SecondaryStrD3100,0.000411129818770439,0,random_forest,217
EI,0.0003918172789099015,0,random_forest,218
LD,0.00038858438258387184,0,random_forest,219
QS,0.00038649458078616713,0,random_forest,220
TY,0.0003796408091385863,0,random_forest,221
CP,0.00037734704154626674,0,random_forest,222
VR,0.00036255110105973975,0,random_forest,223
KN,0.0003511199525949235,0,random_forest,224
KP,0.00034763791008882286,0,random_forest,225
SS,0.00033738802626979714,0,random_forest,226
CG,0.0003308253978989022,0,random_forest,227
NE,0.00032957935843239,0,random_forest,228
PP,0.0003270256009720066,0,random_forest,229
RL,0.00032145977504157943,0,random_forest,230
VC,0.0003196088918661024,0,random_forest,231
GP,0.000307655562754588,0,random_forest,232
TG,0.0003039712882855137,0,random_forest,233
PS,0.0003029407267212049,0,random_forest,234
FC,0.00028773559616665864,0,random_forest,235
VG,0.0002857073283697107,0,random_forest,236
RP,0.00028497035171600653,0,random_forest,237
PV,0.00027900197975852336,0,random_forest,238
IE,0.0002768406005482671,0,random_forest,239
YC,0.00027338748246604947,0,random_forest,240
SC,0.00027226784898319047,0,random_forest,241
LI,0.00027220375569794036,0,random_forest,242
_NormalizedVDWVT23,0.00025925565180231694,0,random_forest,243
QA,0.0002570156226040282,0,random_forest,244
KA,0.00025101189404351103,0,random_forest,245
PD,0.0002501730287171618,0,random_forest,246
NV,0.00024859912743576155,0,random_forest,247
RI,0.00024623283315368773,0,random_forest,248
LR,0.00024328018322099964,0,random_forest,249
QE,0.00024256858060059795,0,random_forest,250
RE,0.0002418286527590369,0,random_forest,251
HP,0.00024177666163271582,0,random_forest,252
ES,0.00024022896133446832,0,random_forest,253
NT,0.00023642684457374233,0,random_forest,254
CV,0.00023366590567022022,0,random_forest,255
FS,0.0002326641438010203,0,random_forest,256
LK,0.0002305384865985401,0,random_forest,257
SL,0.00022738197323568274,0,random_forest,258
GA,0.00022609382319876937,0,random_forest,259
LA,0.0002259122595876444,0,random_forest,260
DG,0.00022303112662829818,0,random_forest,261
TL,0.00022294703552936976,0,random_forest,262
FD,0.00022079939806779564,0,random_forest,263
GF,0.00021081189797871,0,random_forest,264
VV,0.00020981863045426403,0,random_forest,265
LT,0.00020416482900918176,0,random_forest,266
DI,0.00020412357915144854,0,random_forest,267
PT,0.00020241671549883856,0,random_forest,268
LY,0.00020227857148521228,0,random_forest,269
RF,0.00019999552603181165,0,random_forest,270
YT,0.00019910635749531016,0,random_forest,271
VD,0.00019371059565151204,0,random_forest,272
IK,0.00019315905973305237,0,random_forest,273
AI,0.0001882580145404002,0,random_forest,274
LS,0.0001861224273772506,0,random_forest,275
NN,0.00018607254285616306,0,random_forest,276
GV,0.00018595570732288897,0,random_forest,277
HR,0.00018471728972288385,0,random_forest,278
YA,0.00017388425756830375,0,random_forest,279
IS,0.0001738420483303583,0,random_forest,280
TD,0.0001704204994471023,0,random_forest,281
YD,0.0001694902708377184,0,random_forest,282
VP,0.00016937204332620289,0,random_forest,283
SY,0.00016916671850881408,0,random_forest,284
FQ,0.00016767259562537989,0,random_forest,285
GK,0.00016145604803659012,0,random_forest,286
ID,0.00016039578506726632,0,random_forest,287
SA,0.00016009170726016098,0,random_forest,288
SE,0.00015936608417587477,0,random_forest,289
QM,0.00015843457234907297,0,random_forest,290
AN,0.00015492680613988087,0,random_forest,291
TA,0.00015394366965091802,0,random_forest,292
YY,0.0001523413718418691,0,random_forest,293
EN,0.00014953989144604742,0,random_forest,294
TE,0.00014878601590552539,0,random_forest,295
VK,0.00014593176456946695,0,random_forest,296
IG,0.00014530102636938852,0,random_forest,297
ET,0.00014223432561421653,0,random_forest,298
EQ,0.00014112835637039692,0,random_forest,299
IN,0.00013833945409990228,0,random_forest,300
PL,0.0001382609986070037,0,random_forest,301
IY,0.00013757035492992413,0,random_forest,302
LP,0.00013380217544518453,0,random_forest,303
VA,0.00013350775823100738,0,random_forest,304
DE,0.00013065024116264406,0,random_forest,305
KV,0.00013053049460214492,0,random_forest,306
AV,0.0001296605342709888,0,random_forest,307
AL,0.0001236913248476237,0,random_forest,308
NC,0.000122954156946322,0,random_forest,309
FV,0.00012250454247692856,0,random_forest,310
TK,0.0001224842269481034,0,random_forest,311
TV,0.00012140945273372413,0,random_forest,312
LN,0.00012112545042080946,0,random_forest,313
QT,0.00012031853319532716,0,random_forest,314
AC,0.00011913912513482322,0,random_forest,315
FA,0.00011864283372173577,0,random_forest,316
TP,0.00011829098351137329,0,random_forest,317
IT,0.00011818551880755754,0,random_forest,318
LV,0.00011693362038849688,0,random_forest,319
DH,0.00011541199176218462,0,random_forest,320
MK,0.00011527334855975248,0,random_forest,321
W,0.00011422402627156698,0,random_forest,322
SF,0.00011341906304713677,0,random_forest,323
ND,0.00011243142776307603,0,random_forest,324
GR,0.0001104651978054806,0,random_forest,325
FF,0.000110150277251752,0,random_forest,326
DS,0.000109420669186984,0,random_forest,327
RR,0.0001091050898512147,0,random_forest,328
KQ,0.00010818877597365922,0,random_forest,329
PA,0.00010812628227618626,0,random_forest,330
EF,0.00010686288558098258,0,random_forest,331
RV,0.00010514138756458584,0,random_forest,332
VT,0.00010343487937719387,0,random_forest,333
SI,0.00010337750555614076,0,random_forest,334
AS,0.00010207912291740589,0,random_forest,335
AY,9.923010004369705e-05,0,random_forest,336
FG,9.840781052789774e-05,0,random_forest,337
CA,9.834345256735606e-05,0,random_forest,338
NL,9.796489368107852e-05,0,random_forest,339
AQ,9.712499453092297e-05,0,random_forest,340
AA,9.543758581744322e-05,0,random_forest,341
IA,9.506132440482445e-05,0,random_forest,342
KS,9.324407793161585e-05,0,random_forest,343
GH,9.290981734359342e-05,0,random_forest,344
IL,9.286700857523459e-05,0,random_forest,345
SV,9.263239987482094e-05,0,random_forest,346
KE,9.083423244919596e-05,0,random_forest,347
DQ,8.97027149586648e-05,0,random_forest,348
VL,8.745335073314014e-05,0,random_forest,349
VH,8.698601230301644e-05,0,random_forest,350
RK,8.685881494167056e-05,0,random_forest,351
SQ,8.501587476604274e-05,0,random_forest,352
PF,8.485733781382058e-05,0,random_forest,353
NG,8.395690770274362e-05,0,random_forest,354
KD,8.325944409873425e-05,0,random_forest,355
CY,8.273553583745684e-05,0,random_forest,356
PQ,8.179993027249461e-05,0,random_forest,357
IC,8.140736249584095e-05,0,random_forest,358
QL,7.875185806194625e-05,0,random_forest,359
MA,7.852014934542275e-05,0,random_forest,360
EC,7.780142813012439e-05,0,random_forest,361
NR,7.752094276587503e-05,0,random_forest,362
CM,7.741840715267271e-05,0,random_forest,363
HL,7.630817628947941e-05,0,random_forest,364
DL,7.50081957817703e-05,0,random_forest,365
FL,7.448782038717481e-05,0,random_forest,366
AR,7.419359310375243e-05,0,random_forest,367
GC,7.405302695811727e-05,0,random_forest,368
KC,7.388137064942906e-05,0,random_forest,369
II,7.357107716653438e-05,0,random_forest,370
KT,7.302201264279274e-05,0,random_forest,371
AK,7.284983952810745e-05,0,random_forest,372
YI,7.274588879121009e-05,0,random_forest,373
DK,7.231501091043472e-05,0,random_forest,374
HW,7.204961206785128e-05,0,random_forest,375
CS,7.153461638485458e-05,0,random_forest,376
YK,6.866451591442645e-05,0,random_forest,377
NP,6.825559759918135e-05,0,random_forest,378
SK,6.694967290456915e-05,0,random_forest,379
VS,6.640209962968499e-05,0,random_forest,380
KK,6.50453996365837e-05,0,random_forest,381
IR,6.455685674182333e-05,0,random_forest,382
PI,6.220131282518136e-05,0,random_forest,383
GL,6.185793124299218e-05,0,random_forest,384
NF,6.172346283603182e-05,0,random_forest,385
YG,6.164626122949416e-05,0,random_forest,386
ST,6.05275751028102e-05,0,random_forest,387
WT,6.000856423667707e-05,0,random_forest,388
NW,5.730375770360713e-05,0,random_forest,389
WY,5.71143343766571e-05,0,random_forest,390
VN,5.6931218913095985e-05,0,random_forest,391
HT,5.629202271645337e-05,0,random_forest,392
TQ,5.6233241107064776e-05,0,random_forest,393
MP,5.621154222363339e-05,0,random_forest,394
GI,5.516721754004081e-05,0,random_forest,395
YQ,5.5144069090986254e-05,0,random_forest,396
SR,5.4218946475533224e-05,0,random_forest,397
NS,5.358651927811214e-05,0,random_forest,398
IH,5.333676405283857e-05,0,random_forest,399
LL,5.26424540840769e-05,0,random_forest,400
SN,5.245500192670242e-05,0,random_forest,401
WF,5.22987748060263e-05,0,random_forest,402
TS,5.0458287601903485e-05,0,random_forest,403
PC,4.9832486642306564e-05,0,random_forest,404
HD,4.7571513661631644e-05,0,random_forest,405
FP,4.484003158184782e-05,0,random_forest,406
IV,4.472910138846393e-05,0,random_forest,407
TR,4.466026007238898e-05,0,random_forest,408
KG,4.432868531042474e-05,0,random_forest,409
NH,4.429884080192753e-05,0,random_forest,410
WR,4.422117044711647e-05,0,random_forest,411
RD,4.340026027893574e-05,0,random_forest,412
MV,4.0877477194177614e-05,0,random_forest,413
RC,4.059041860902472e-05,0,random_forest,414
QI,4.0413292816885316e-05,0,random_forest,415
FN,3.984753889297916e-05,0,random_forest,416
DV,3.9718128520071946e-05,0,random_forest,417
MG,3.859955851290506e-05,0,random_forest,418
ER,3.558306121785916e-05,0,random_forest,419
EH,3.5558698304642355e-05,0,random_forest,420
KI,3.3800566946285215e-05,0,random_forest,421
EK,3.3629556112165614e-05,0,random_forest,422
YR,3.34109756872581e-05,0,random_forest,423
ML,3.2791392013763287e-05,0,random_forest,424
AF,3.247739437168104e-05,0,random_forest,425
RQ,3.2431720181557214e-05,0,random_forest,426
TI,3.18323023820544e-05,0,random_forest,427
MD,3.121627446449607e-05,0,random_forest,428
YS,3.1168949484834415e-05,0,random_forest,429
VF,3.115754256050867e-05,0,random_forest,430
FK,3.104688961541545e-05,0,random_forest,431
QN,2.9587691259713688e-05,0,random_forest,432
VQ,2.913444610917965e-05,0,random_forest,433
LQ,2.9105255804725672e-05,0,random_forest,434
AT,2.9045247169457933e-05,0,random_forest,435
QR,2.899125826851377e-05,0,random_forest,436
QD,2.8816751812366353e-05,0,random_forest,437
KF,2.843277129451016e-05,0,random_forest,438
QP,2.8411274927608775e-05,0,random_forest,439
HQ,2.8119523582209506e-05,0,random_forest,440
QF,2.801016671001137e-05,0,random_forest,441
HA,2.7147520487245297e-05,0,random_forest,442
DA,2.6227830763904404e-05,0,random_forest,443
RY,2.612776381831106e-05,0,random_forest,444
KL,2.6073192283241036e-05,0,random_forest,445
TC,2.5419079562938278e-05,0,random_forest,446
TF,2.5181170074471303e-05,0,random_forest,447
NK,2.497251039169322e-05,0,random_forest,448
CT,2.4963304255840247e-05,0,random_forest,449
WN,2.4949651996357238e-05,0,random_forest,450
FY,2.4798989500263863e-05,0,random_forest,451
TH,2.4798512265678453e-05,0,random_forest,452
QW,2.4763241249287742e-05,0,random_forest,453
RN,2.447258268811875e-05,0,random_forest,454
QQ,2.38527463737758e-05,0,random_forest,455
HE,2.28381926604952e-05,0,random_forest,456
PH,2.271781083340757e-05,0,random_forest,457
MR,2.1279846215911824e-05,0,random_forest,458
TT,2.0962919491797843e-05,0,random_forest,459
GT,2.077464562639418e-05,0,random_forest,460
WK,2.0602170025255868e-05,0,random_forest,461
SP,2.0495944207106964e-05,0,random_forest,462
KH,2.0367525974206284e-05,0,random_forest,463
AH,1.573150092512834e-05,0,random_forest,464
SH,1.5106373454521716e-05,0,random_forest,465
MI,1.4938497324626073e-05,0,random_forest,466
MT,1.4578653236809683e-05,0,random_forest,467
GQ,1.4426617241793083e-05,0,random_forest,468
NY,1.2436421039802535e-05,0,random_forest,469
FT,1.1248618151244176e-05,0,random_forest,470
GY,1.0897122428514091e-05,0,random_forest,471
VM,1.0706911405769625e-05,0,random_forest,472
FR,1.0669454908496559e-05,0,random_forest,473
EM,1.0172959646051968e-05,0,random_forest,474
QY,9.068272084046174e-06,0,random_forest,475
LH,8.043681079555803e-06,0,random_forest,476
TW,8.029022060498279e-06,0,random_forest,477
YF,7.572038806663727e-06,0,random_forest,478
PN,6.663003463677921e-06,0,random_forest,479
SW,5.803964435970733e-06,0,random_forest,480
NQ,5.195370420342864e-06,0,random_forest,481
KM,5.057316811175745e-06,0,random_forest,482
NM,4.808458253167526e-06,0,random_forest,483
RS,4.332372003665257e-06,0,random_forest,484
HS,4.250029597700306e-06,0,random_forest,485
YV,3.251080635463023e-06,0,random_forest,486
HN,2.7825368607781365e-06,0,random_forest,487
VY,2.7503146741793434e-06,0,random_forest,488
KY,2.1709101952845235e-06,0,random_forest,489
DT,2.295192050777797e-20,0,random_forest,490
QH,6.151451535569665e-21,0,random_forest,491
WA,0.0,0,random_forest,492
WL,0.0,0,random_forest,493
WH,0.0,0,random_forest,494
YW,0.0,0,random_forest,495
VW,0.0,0,random_forest,496
AM,0.0,0,random_forest,497
WM,0.0,0,random_forest,498
WI,0.0,0,random_forest,499
AW,0.0,0,random_forest,500
WP,0.0,0,random_forest,501
YN,0.0,0,random_forest,502
WG,0.0,0,random_forest,503
WQ,0.0,0,random_forest,504
VI,0.0,0,random_forest,505
WS,0.0,0,random_forest,506
WV,0.0,0,random_forest,507
WC,0.0,0,random_forest,508
WW,0.0,0,random_forest,509
WD,0.0,0,random_forest,510
YM,0.0,0,random_forest,511
WE,0.0,0,random_forest,512
YH,0.0,0,random_forest,513
HC,0.0,0,random_forest,514
TN,0.0,0,random_forest,515
IW,0.0,0,random_forest,516
MH,0.0,0,random_forest,517
MF,0.0,0,random_forest,518
ME,0.0,0,random_forest,519
MC,0.0,0,random_forest,520
FI,0.0,0,random_forest,521
LW,0.0,0,random_forest,522
FM,0.0,0,random_forest,523
LM,0.0,0,random_forest,524
LF,0.0,0,random_forest,525
FW,0.0,0,random_forest,526
KW,0.0,0,random_forest,527
KR,0.0,0,random_forest,528
IQ,0.0,0,random_forest,529
TM,0.0,0,random_forest,530
GM,0.0,0,random_forest,531
IM,0.0,0,random_forest,532
IF,0.0,0,random_forest,533
GW,0.0,0,random_forest,534
HY,0.0,0,random_forest,535
HV,0.0,0,random_forest,536
HM,0.0,0,random_forest,537
HK,0.0,0,random_forest,538
HI,0.0,0,random_forest,539
HH,0.0,0,random_forest,540
HG,0.0,0,random_forest,541
HF,0.0,0,random_forest,542
MM,0.0,0,random_forest,543
MN,0.0,0,random_forest,544
MQ,0.0,0,random_forest,545
MS,0.0,0,random_forest,546
CC,0.0,0,random_forest,547
CD,0.0,0,random_forest,548
CF,0.0,0,random_forest,549
CH,0.0,0,random_forest,550
CI,0.0,0,random_forest,551
SM,0.0,0,random_forest,552
CK,0.0,0,random_forest,553
CN,0.0,0,random_forest,554
CW,0.0,0,random_forest,555
RW,0.0,0,random_forest,556
RT,0.0,0,random_forest,557
RM,0.0,0,random_forest,558
RH,0.0,0,random_forest,559
DM,0.0,0,random_forest,560
QV,0.0,0,random_forest,561
DR,0.0,0,random_forest,562
QK,0.0,0,random_forest,563
PY,0.0,0,random_forest,564
PW,0.0,0,random_forest,565
PM,0.0,0,random_forest,566
EW,0.0,0,random_forest,567
NI,0.0,0,random_forest,568
FH,0.0,0,random_forest,569
MY,0.0,0,random_forest,570
MW,0.0,0,random_forest,571
DW,0.0,0,random_forest,572
length,0.39166441553593756,1,logistic_regression,1
mw,0.3761480579087278,1,logistic_regression,2
pI,0.24407434450401552,1,logistic_regression,3
TG,0.19408723490659302,1,logistic_regression,4
P,0.18923082089096951,1,logistic_regression,5
IP,0.17664288555571178,1,logistic_regression,6
_SolventAccessibilityD1050,0.17560344766173835,1,logistic_regression,7
_NormalizedVDWVD2001,0.1666156522985125,1,logistic_regression,8
CL,0.16569208208531117,1,logistic_regression,9
_PolarizabilityT13,0.16340722054714743,1,logistic_regression,10
_HydrophobicityC3,0.156979634802765,1,logistic_regression,11
_HydrophobicityT12,0.15235672604144868,1,logistic_regression,12
_ChargeD3050,0.14618226568806625,1,logistic_regression,13
L,0.14475595937384175,1,logistic_regression,14
_SolventAccessibilityD2050,0.13840474301611955,1,logistic_regression,15
_HydrophobicityD1050,0.13840474301611955,1,logistic_regression,16
YD,0.13790301861164703,1,logistic_regression,17
instability,0.1358634378928495,1,logistic_regression,18
QV,0.13483150883745204,1,logistic_regression,19
DF,0.1346485764612282,1,logistic_regression,20
_SecondaryStrD1075,0.13447799020324158,1,logistic_regression,21
M,0.13322233634808264,1,logistic_regression,22
_HydrophobicityD3001,0.13191687614993045,1,logistic_regression,23
EE,0.13032257472601286,1,logistic_regression,24
_ChargeT23,0.1287373411905536,1,logistic_regression,25
_ChargeD1075,0.1286335932351324,1,logistic_regression,26
_PolarityC1,0.12741036091857666,1,logistic_regression,27
EV,0.12695572227293583,1,logistic_regression,28
_SecondaryStrD2075,0.1260806038061447,1,logistic_regression,29
E,0.1257920135053227,1,logistic_regression,30
_ChargeC3,0.12570523684259566,1,logistic_regression,31
FE,0.1249104616238068,1,logistic_regression,32
_SecondaryStrD3050,0.12479955034752312,1,logistic_regression,33
LN,0.12294631958369863,1,logistic_regression,34
EY,0.12111167494876293,1,logistic_regression,35
_SolventAccessibilityD3050,0.12063958007860426,1,logistic_regression,36
_PolarizabilityD3100,0.11879744248300657,1,logistic_regression,37
_NormalizedVDWVD3100,0.11879744248300657,1,logistic_regression,38
EQ,0.11811669489292692,1,logistic_regression,39
_PolarityD1050,0.11787669754353798,1,logistic_regression,40
NL,0.1177427866648554,1,logistic_regression,41
VL,0.11721110248741642,1,logistic_regression,42
IL,0.11696265968449801,1,logistic_regression,43
LS,0.1166475819125591,1,logistic_regression,44
_PolarizabilityC2,0.11561251435823912,1,logistic_regression,45
_SecondaryStrD2050,0.11418590254785295,1,logistic_regression,46
QG,0.11411668618451072,1,logistic_regression,47
SG,0.11252756232154346,1,logistic_regression,48
_PolarityD1075,0.11153632184829423,1,logistic_regression,49
AP,0.11043289375704511,1,logistic_regression,50
_SecondaryStrD1025,0.10838877562743297,1,logistic_regression,51
GD,0.10827910119454819,1,logistic_regression,52
_PolarizabilityD2050,0.10687027984609156,1,logistic_regression,53
_ChargeD3075,0.10540442453007538,1,logistic_regression,54
_HydrophobicityD3050,0.10353271454769493,1,logistic_regression,55
_PolarizabilityD2025,0.10269293170048774,1,logistic_regression,56
IA,0.10157974996914172,1,logistic_regression,57
_SecondaryStrC3,0.10138685682620845,1,logistic_regression,58
_ChargeD1025,0.10125738674107575,1,logistic_regression,59
RP,0.09841065381764193,1,logistic_regression,60
LK,0.09523361237189867,1,logistic_regression,61
_SecondaryStrC1,0.09489928104895229,1,logistic_regression,62
CQ,0.09485230412274501,1,logistic_regression,63
_PolarizabilityC3,0.09336012909156807,1,logistic_regression,64
_NormalizedVDWVC3,0.09336012909156807,1,logistic_regression,65
_NormalizedVDWVC1,0.09126336175533435,1,logistic_regression,66
_SolventAccessibilityC1,0.0907910132574015,1,logistic_regression,67
_HydrophobicityD2075,0.08759044459058213,1,logistic_regression,68
_PolarityT23,0.08755245353922086,1,logistic_regression,69
EC,0.0871294085011323,1,logistic_regression,70
AE,0.08708242167084991,1,logistic_regression,71
DD,0.08700360318944533,1,logistic_regression,72
VP,0.08660415229352768,1,logistic_regression,73
_SecondaryStrT23,0.08655637509911564,1,logistic_regression,74
ER,0.08653781622628483,1,logistic_regression,75
GN,0.08498816363415815,1,logistic_regression,76
SF,0.08432025082401028,1,logistic_regression,77
_SolventAccessibilityD3001,0.08403549312904411,1,logistic_regression,78
PE,0.08398884069292059,1,logistic_regression,79
_HydrophobicityD2050,0.0832434298667319,1,logistic_regression,80
_SolventAccessibilityD1075,0.0828342359009103,1,logistic_regression,81
NP,0.08268584245330794,1,logistic_regression,82
DN,0.08264775500008247,1,logistic_regression,83
C,0.08251314415841843,1,logistic_regression,84
CD,0.08250337199393185,1,logistic_regression,85
KF,0.08247059795302851,1,logistic_regression,86
DI,0.08208742873476052,1,logistic_regression,87
SS,0.08186755725079553,1,logistic_regression,88
_NormalizedVDWVD1100,0.08183619723416102,1,logistic_regression,89
K,0.08143490590008313,1,logistic_regression,90
_SecondaryStrD3025,0.08126345220981616,1,logistic_regression,91
PN,0.08053945735387359,1,logistic_regression,92
RH,0.08040071097650438,1,logistic_regression,93
MH,0.08008253928501176,1,logistic_regression,94
GW,0.08006421343292411,1,logistic_regression,95
_ChargeD3001,0.07961803220338391,1,logistic_regression,96
_ChargeC2,0.07953522119666262,1,logistic_regression,97
YF,0.07914728972418868,1,logistic_regression,98
_PolarityD3050,0.07913490021221001,1,logistic_regression,99
DR,0.07804039017495909,1,logistic_regression,100
_PolarityD2050,0.0780318678768173,1,logistic_regression,101
SD,0.07750788946966743,1,logistic_regression,102
_ChargeD1100,0.07729387620708494,1,logistic_regression,103
PV,0.07720736543053745,1,logistic_regression,104
_HydrophobicityC1,0.07688937929626093,1,logistic_regression,105
_SolventAccessibilityC2,0.07688937929626093,1,logistic_regression,106
DM,0.07656176747741796,1,logistic_regression,107
NR,0.07528021516608648,1,logistic_regression,108
_ChargeD1050,0.07518600717874692,1,logistic_regression,109
DY,0.0734694662128658,1,logistic_regression,110
_PolarityD2075,0.07217731418085255,1,logistic_regression,111
LA,0.07169772079181047,1,logistic_regression,112
KN,0.07159815425570587,1,logistic_regression,113
_NormalizedVDWVD1025,0.07112258757652186,1,logistic_regression,114
KT,0.07068537874745952,1,logistic_regression,115
LG,0.07062301743154922,1,logistic_regression,116
VC,0.07053593561121717,1,logistic_regression,117
_HydrophobicityD1075,0.06952674818755744,1,logistic_regression,118
_SolventAccessibilityD2075,0.06952674818755744,1,logistic_regression,119
GY,0.06910967323401038,1,logistic_regression,120
W,0.06831083812226736,1,logistic_regression,121
EK,0.06820850222127857,1,logistic_regression,122
VY,0.06693679159521107,1,logistic_regression,123
_SecondaryStrD1050,0.06677160664376286,1,logistic_regression,124
_HydrophobicityD2100,0.06670479857238404,1,logistic_regression,125
GA,0.06659466199995,1,logistic_regression,126
LT,0.06611797950919718,1,logistic_regression,127
_PolarizabilityT23,0.06535482364698722,1,logistic_regression,128
TE,0.06526933406975491,1,logistic_regression,129
NA,0.0652318960543102,1,logistic_regression,130
_SecondaryStrD3100,0.0652112347627909,1,logistic_regression,131
MA,0.06517114108826387,1,logistic_regression,132
ET,0.06512130932089248,1,logistic_regression,133
YA,0.0647362260072533,1,logistic_regression,134
_PolarityC3,0.06362135191272877,1,logistic_regression,135
V,0.06319467712554587,1,logistic_regression,136
KA,0.06240539603726614,1,logistic_regression,137
EG,0.06215811472804208,1,logistic_regression,138
LC,0.06175005304892792,1,logistic_regression,139
VE,0.06163050745843388,1,logistic_regression,140
DQ,0.061585260751074226,1,logistic_regression,141
_HydrophobicityT23,0.06146739665500078,1,logistic_regression,142
_NormalizedVDWVD3025,0.06133182476840496,1,logistic_regression,143
_PolarizabilityD3025,0.06133182476840496,1,logistic_regression,144
GS,0.060031901603947425,1,logistic_regression,145
PP,0.05984961150940859,1,logistic_regression,146
YE,0.059692029432459284,1,logistic_regression,147
CH,0.05968360999653059,1,logistic_regression,148
IE,0.05954919682459368,1,logistic_regression,149
_PolarityD1100,0.05886319362911308,1,logistic_regression,150
S,0.058792160888077226,1,logistic_regression,151
_SolventAccessibilityD2100,0.057858300387296516,1,logistic_regression,152
_HydrophobicityD1100,0.057858300387296516,1,logistic_regression,153
YP,0.057702648611290853,1,logistic_regression,154
RK,0.05755128687129507,1,logistic_regression,155
PG,0.056802969819653736,1,logistic_regression,156
_HydrophobicityD3075,0.05657337971283272,1,logistic_regression,157
_PolarizabilityD1025,0.056528270164915746,1,logistic_regression,158
_SecondaryStrD2025,0.05637922042965836,1,logistic_regression,159
FC,0.05635399081447911,1,logistic_regression,160
_SecondaryStrD3001,0.05626398119188992,1,logistic_regression,161
SY,0.05617063798542661,1,logistic_regression,162
TQ,0.05613731704259473,1,logistic_regression,163
_SecondaryStrD1100,0.05605177656597557,1,logistic_regression,164
PL,0.056020291911678705,1,logistic_regression,165
PC,0.05570106255496032,1,logistic_regression,166
GL,0.0556809802450409,1,logistic_regression,167
AN,0.05556814267597969,1,logistic_regression,168
PT,0.055446508630983986,1,logistic_regression,169
DG,0.05512854162033356,1,logistic_regression,170
VF,0.05481422849987581,1,logistic_regression,171
IS,0.05477428744564559,1,logistic_regression,172
_NormalizedVDWVD2025,0.054597602899636166,1,logistic_regression,173
_HydrophobicityD3100,0.05453444830747763,1,logistic_regression,174
KD,0.05446837113688153,1,logistic_regression,175
_SolventAccessibilityT12,0.054439974437519724,1,logistic_regression,176
NT,0.05410649588886095,1,logistic_regression,177
PA,0.05381139973087099,1,logistic_regression,178
_ChargeD1001,0.053625803804777245,1,logistic_regression,179
KC,0.053504379170082876,1,logistic_regression,180
SL,0.053469700407882875,1,logistic_regression,181
SE,0.05269151103521415,1,logistic_regression,182
AK,0.05251299489944119,1,logistic_regression,183
RF,0.05241354577949336,1,logistic_regression,184
_PolarizabilityD2075,0.05234495677675773,1,logistic_regression,185
_PolarityD3100,0.05233664259393243,1,logistic_regression,186
KE,0.05207864602571684,1,logistic_regression,187
H,0.05207518811512091,1,logistic_regression,188
_NormalizedVDWVT23,0.052013783900103305,1,logistic_regression,189
QD,0.051799044298068656,1,logistic_regression,190
CV,0.05133401277995854,1,logistic_regression,191
VR,0.051003273254450116,1,logistic_regression,192
_PolarityD3075,0.050616661662837174,1,logistic_regression,193
F,0.05022981211115422,1,logistic_regression,194
_ChargeD2050,0.05020613627988268,1,logistic_regression,195
_NormalizedVDWVD2100,0.04907352346902637,1,logistic_regression,196
_PolarityD2025,0.04818302118343332,1,logistic_regression,197
_ChargeC1,0.04695234488247116,1,logistic_regression,198
QS,0.04680037649344082,1,logistic_regression,199
NS,0.046784895700174405,1,logistic_regression,200
VD,0.046708892490461916,1,logistic_regression,201
WN,0.046513048612936425,1,logistic_regression,202
CN,0.046485417031763385,1,logistic_regression,203
_ChargeT12,0.04635431601829187,1,logistic_regression,204
DC,0.04634700257446498,1,logistic_regression,205
FT,0.046148677645408684,1,logistic_regression,206
HH,0.04594937801334861,1,logistic_regression,207
MD,0.04586066142351241,1,logistic_regression,208
_SolventAccessibilityD2001,0.04523504589609564,1,logistic_regression,209
_HydrophobicityD1001,0.04523504589609564,1,logistic_regression,210
VI,0.04466235684619617,1,logistic_regression,211
LH,0.044585192707318005,1,logistic_regression,212
AY,0.04456447798063248,1,logistic_regression,213
GP,0.044555119406035654,1,logistic_regression,214
PS,0.044554310829297894,1,logistic_regression,215
LI,0.04429774558573751,1,logistic_regression,216
LD,0.04344044000726411,1,logistic_regression,217
KR,0.04309343545202939,1,logistic_regression,218
_HydrophobicityT13,0.04307487057101033,1,logistic_regression,219
SQ,0.04288755625036891,1,logistic_regression,220
GK,0.04269232268903614,1,logistic_regression,221
TR,0.042612565492786816,1,logistic_regression,222
_PolarizabilityD1100,0.04255672860726177,1,logistic_regression,223
_SolventAccessibilityD1001,0.042236528047398254,1,logistic_regression,224
FL,0.041846454091426795,1,logistic_regression,225
_HydrophobicityC2,0.041805244740097953,1,logistic_regression,226
EM,0.04151581342427435,1,logistic_regression,227
GF,0.04134368450189165,1,logistic_regression,228
EF,0.041230446628406046,1,logistic_regression,229
_PolarityD1001,0.040795788419012304,1,logistic_regression,230
_SolventAccessibilityT23,0.04077518795509524,1,logistic_regression,231
EA,0.04065681175654105,1,logistic_regression,232
_PolarityD3001,0.04058710521997069,1,logistic_regression,233
MG,0.04053252518173643,1,logistic_regression,234
_SecondaryStrD1001,0.04048489030994404,1,logistic_regression,235
_ChargeD2001,0.04033243554930169,1,logistic_regression,236
_PolarityT12,0.039630870600392276,1,logistic_regression,237
_PolarityC2,0.03954961232789899,1,logistic_regression,238
KY,0.03920282648404437,1,logistic_regression,239
IK,0.03885105797982798,1,logistic_regression,240
RT,0.038614952278899946,1,logistic_regression,241
R,0.038482858484398454,1,logistic_regression,242
AA,0.03843385965874358,1,logistic_regression,243
SP,0.038383631803011256,1,logistic_regression,244
_ChargeT13,0.03831576342842852,1,logistic_regression,245
_PolarityD2001,0.038009869335944024,1,logistic_regression,246
LL,0.037693449960182195,1,logistic_regression,247
II,0.03747945013038895,1,logistic_regression,248
_ChargeD3100,0.036997188467282636,1,logistic_regression,249
_SolventAccessibilityD3025,0.03687635466028239,1,logistic_regression,250
VM,0.0368347166520064,1,logistic_regression,251
RG,0.036433295849765616,1,logistic_regression,252
AR,0.03637712385816572,1,logistic_regression,253
KS,0.036263163196299145,1,logistic_regression,254
TA,0.03618497382352555,1,logistic_regression,255
QE,0.03581391057924649,1,logistic_regression,256
DK,0.035668291609547424,1,logistic_regression,257
QY,0.03560086840426729,1,logistic_regression,258
ED,0.035311245511857006,1,logistic_regression,259
IN,0.03510503049976982,1,logistic_regression,260
_PolarizabilityD2001,0.0350981265916422,1,logistic_regression,261
I,0.03507626627292053,1,logistic_regression,262
PM,0.03456283830763362,1,logistic_regression,263
TI,0.03431950967646368,1,logistic_regression,264
_ChargeD2100,0.03417785790191428,1,logistic_regression,265
FI,0.03411878474660478,1,logistic_regression,266
PI,0.03406346713452262,1,logistic_regression,267
SN,0.03401442763187962,1,logistic_regression,268
HV,0.033805264533262804,1,logistic_regression,269
ST,0.033716353448198094,1,logistic_regression,270
_ChargeD2025,0.03356712299468359,1,logistic_regression,271
CP,0.03333572505422702,1,logistic_regression,272
IR,0.033303275578736934,1,logistic_regression,273
_PolarizabilityD3050,0.03319236686207813,1,logistic_regression,274
_NormalizedVDWVD3050,0.03319236686207813,1,logistic_regression,275
LE,0.03309492443875197,1,logistic_regression,276
ML,0.03306761799832478,1,logistic_regression,277
NV,0.032801558377757986,1,logistic_regression,278
IG,0.032756286189332705,1,logistic_regression,279
ID,0.032486500129734724,1,logistic_regression,280
EI,0.03232525225398896,1,logistic_regression,281
IM,0.032253452979943455,1,logistic_regression,282
_PolarizabilityD1050,0.03222792844869107,1,logistic_regression,283
PK,0.032052203012614085,1,logistic_regression,284
KK,0.03154692457425406,1,logistic_regression,285
HI,0.030511016033800284,1,logistic_regression,286
_NormalizedVDWVC2,0.030055682910572732,1,logistic_regression,287
G,0.029739393989266203,1,logistic_regression,288
_SecondaryStrD2100,0.02953320273032791,1,logistic_regression,289
RQ,0.029397325843271847,1,logistic_regression,290
_NormalizedVDWVD3001,0.029211448139731807,1,logistic_regression,291
_PolarizabilityD3001,0.029211448139731807,1,logistic_regression,292
HS,0.028885567975910544,1,logistic_regression,293
NI,0.028796419397720124,1,logistic_regression,294
MY,0.028678121847798214,1,logistic_regression,295
VA,0.02843343580357703,1,logistic_regression,296
MS,0.028423768482801814,1,logistic_regression,297
MR,0.028318790777374474,1,logistic_regression,298
A,0.028238190310104196,1,logistic_regression,299
T,0.028236378537226995,1,logistic_regression,300
_HydrophobicityD3025,0.02811488877727605,1,logistic_regression,301
HQ,0.028052003852123492,1,logistic_regression,302
CE,0.02799680282049203,1,logistic_regression,303
RL,0.027381093384070364,1,logistic_regression,304
NG,0.02737008213581147,1,logistic_regression,305
FK,0.027114455685315345,1,logistic_regression,306
KI,0.026736432598147387,1,logistic_regression,307
KG,0.02670084222743893,1,logistic_regression,308
FY,0.02659596379847351,1,logistic_regression,309
PR,0.02642788855417223,1,logistic_regression,310
_ChargeD3025,0.02601308246567585,1,logistic_regression,311
NM,0.025829879694082417,1,logistic_regression,312
KM,0.02578397936783102,1,logistic_regression,313
SI,0.025619149480668454,1,logistic_regression,314
EW,0.02545657084727659,1,logistic_regression,315
QL,0.02527616438868371,1,logistic_regression,316
_SolventAccessibilityT13,0.025085930587786884,1,logistic_regression,317
LP,0.02506788164317505,1,logistic_regression,318
AM,0.024976825035125834,1,logistic_regression,319
_NormalizedVDWVD2075,0.024975830423438202,1,logistic_regression,320
LF,0.024881639187594763,1,logistic_regression,321
QA,0.024543633315197308,1,logistic_regression,322
CT,0.024450338357392565,1,logistic_regression,323
NH,0.024421711546436988,1,logistic_regression,324
_PolarizabilityD1075,0.024289549132490804,1,logistic_regression,325
RN,0.02422625625154475,1,logistic_regression,326
_SecondaryStrD2001,0.02412120226241743,1,logistic_regression,327
NC,0.0239148695487751,1,logistic_regression,328
_SecondaryStrD3075,0.02388439605520376,1,logistic_regression,329
LV,0.023671785198770102,1,logistic_regression,330
VN,0.023657479032311704,1,logistic_regression,331
KV,0.02362281926426674,1,logistic_regression,332
KH,0.023561288240322678,1,logistic_regression,333
_PolarizabilityD2100,0.023424212174861885,1,logistic_regression,334
AT,0.02331180895898533,1,logistic_regression,335
GC,0.023010683906405625,1,logistic_regression,336
RI,0.02286433646915902,1,logistic_regression,337
LQ,0.022771833600907017,1,logistic_regression,338
SA,0.022650787662040636,1,logistic_regression,339
SW,0.022471450468083916,1,logistic_regression,340
TN,0.022443306731659455,1,logistic_regression,341
CG,0.022221757229578795,1,logistic_regression,342
IV,0.021766508273665285,1,logistic_regression,343
YM,0.021686220941919254,1,logistic_regression,344
KP,0.02157021449543951,1,logistic_regression,345
GG,0.02147302937074049,1,logistic_regression,346
HA,0.021408996538235327,1,logistic_regression,347
HC,0.021198028658317512,1,logistic_regression,348
FM,0.020898598302540344,1,logistic_regression,349
CF,0.020592486224246396,1,logistic_regression,350
IC,0.02013903848437837,1,logistic_regression,351
EL,0.019994861325330186,1,logistic_regression,352
QN,0.019816135279771024,1,logistic_regression,353
DT,0.01965954993114858,1,logistic_regression,354
NQ,0.019473076944591838,1,logistic_regression,355
QC,0.019422835871169646,1,logistic_regression,356
TS,0.019392588149801722,1,logistic_regression,357
RM,0.01935643335210774,1,logistic_regression,358
_NormalizedVDWVD1050,0.01930737699754185,1,logistic_regression,359
_SolventAccessibilityD3075,0.01923018153141531,1,logistic_regression,360
NF,0.01922973504886598,1,logistic_regression,361
IH,0.01883482292794344,1,logistic_regression,362
_HydrophobicityD2001,0.01877515918754857,1,logistic_regression,363
QH,0.01875162541389019,1,logistic_regression,364
CR,0.018716577835406395,1,logistic_regression,365
RV,0.018537149832632095,1,logistic_regression,366
DW,0.018429098877530047,1,logistic_regression,367
SV,0.018394243494455252,1,logistic_regression,368
AQ,0.018391859558359955,1,logistic_regression,369
QR,0.01815602545418945,1,logistic_regression,370
FH,0.018122881756080515,1,logistic_regression,371
HL,0.018086302810989666,1,logistic_regression,372
_PolarityD1025,0.018022026541772523,1,logistic_regression,373
WG,0.017963707648286677,1,logistic_regression,374
AV,0.017884660111152906,1,logistic_regression,375
LY,0.017766591984200195,1,logistic_regression,376
RS,0.017599517153010596,1,logistic_regression,377
GR,0.017538027480428584,1,logistic_regression,378
GI,0.017339615001057372,1,logistic_regression,379
DE,0.01713445329913619,1,logistic_regression,380
RE,0.016866050326054486,1,logistic_regression,381
YK,0.016640728946688558,1,logistic_regression,382
YV,0.0166179127278015,1,logistic_regression,383
_SecondaryStrT13,0.016556104373633,1,logistic_regression,384
_HydrophobicityD2025,0.016306809548000886,1,logistic_regression,385
VT,0.01616403432831332,1,logistic_regression,386
AL,0.016059612498544963,1,logistic_regression,387
SK,0.01601036346431611,1,logistic_regression,388
_PolarizabilityC1,0.01590644782157182,1,logistic_regression,389
MI,0.01589011467032351,1,logistic_regression,390
DA,0.015785952518057745,1,logistic_regression,391
Q,0.015622510882906,1,logistic_regression,392
IY,0.015604692855445407,1,logistic_regression,393
MQ,0.015301334695332456,1,logistic_regression,394
QF,0.015174835192309435,1,logistic_regression,395
AH,0.015136863330397647,1,logistic_regression,396
TH,0.014804893330887935,1,logistic_regression,397
AF,0.014715556456385252,1,logistic_regression,398
AI,0.013887991886685637,1,logistic_regression,399
_HydrophobicityD1025,0.013827277590348117,1,logistic_regression,400
_SolventAccessibilityD2025,0.013827277590348117,1,logistic_regression,401
GH,0.013762316444819346,1,logistic_regression,402
EH,0.01365091551244891,1,logistic_regression,403
CW,0.013630247559717616,1,logistic_regression,404
RD,0.013570969628252761,1,logistic_regression,405
_NormalizedVDWVD2050,0.013436044540478002,1,logistic_regression,406
FQ,0.013425993058017109,1,logistic_regression,407
ES,0.013413071925133328,1,logistic_regression,408
CS,0.013403540075854942,1,logistic_regression,409
MT,0.0133229794183257,1,logistic_regression,410
HK,0.013121117622077318,1,logistic_regression,411
AS,0.012894961145508808,1,logistic_regression,412
GT,0.012889919380650651,1,logistic_regression,413
VG,0.012618955897788045,1,logistic_regression,414
HR,0.01254705487551027,1,logistic_regression,415
YT,0.012523871488304502,1,logistic_regression,416
_SecondaryStrT12,0.012506472886976745,1,logistic_regression,417
PQ,0.012495725707003809,1,logistic_regression,418
WC,0.012471187691053121,1,logistic_regression,419
FG,0.01213303466128036,1,logistic_regression,420
FS,0.012114415242171172,1,logistic_regression,421
FV,0.011741152834210901,1,logistic_regression,422
QP,0.011614957487396637,1,logistic_regression,423
_NormalizedVDWVD1075,0.011495793925475888,1,logistic_regression,424
TW,0.011404237078227393,1,logistic_regression,425
_PolarizabilityD3075,0.01135723518806751,1,logistic_regression,426
_NormalizedVDWVD3075,0.01135723518806751,1,logistic_regression,427
MV,0.011293439830485337,1,logistic_regression,428
_SolventAccessibilityD1100,0.011180896125468805,1,logistic_regression,429
WV,0.011155135613129207,1,logistic_regression,430
_SolventAccessibilityC3,0.010697901510608938,1,logistic_regression,431
NN,0.010682969497253092,1,logistic_regression,432
CC,0.010242361670588443,1,logistic_regression,433
LW,0.010152546003750545,1,logistic_regression,434
MC,0.009724216709508344,1,logistic_regression,435
HF,0.009714597095409994,1,logistic_regression,436
MK,0.009711307150495613,1,logistic_regression,437
_NormalizedVDWVT13,0.009662107498226288,1,logistic_regression,438
VQ,0.00965922007679773,1,logistic_regression,439
PY,0.009657508207725908,1,logistic_regression,440
FP,0.0096077593122762,1,logistic_regression,441
ME,0.009549012421336154,1,logistic_regression,442
VK,0.009515086490848803,1,logistic_regression,443
KQ,0.009507598871563201,1,logistic_regression,444
GM,0.009405893688023742,1,logistic_regression,445
TM,0.009382492037498113,1,logistic_regression,446
LM,0.009265163344065156,1,logistic_regression,447
_PolarityD3025,0.009210709400316479,1,logistic_regression,448
HY,0.009192970971393039,1,logistic_regression,449
FD,0.009155122661338826,1,logistic_regression,450
_ChargeD2075,0.00914762065516308,1,logistic_regression,451
HE,0.009074132503153207,1,logistic_regression,452
CY,0.00905111727536604,1,logistic_regression,453
_PolarityD2100,0.008936279772027482,1,logistic_regression,454
HG,0.00889317805160727,1,logistic_regression,455
_PolarityT13,0.008861356203596262,1,logistic_regression,456
AC,0.008812247776110728,1,logistic_regression,457
QT,0.008732352792406013,1,logistic_regression,458
HP,0.008704321109339582,1,logistic_regression,459
HD,0.008276401573607772,1,logistic_regression,460
WY,0.008255424150638326,1,logistic_regression,461
_SecondaryStrC2,0.007986744197805415,1,logistic_regression,462
QI,0.007897264720979536,1,logistic_regression,463
D,0.007714465793992219,1,logistic_regression,464
ND,0.007490016818617869,1,logistic_regression,465
AG,0.007469918505086488,1,logistic_regression,466
DL,0.007198641367295744,1,logistic_regression,467
YR,0.007073717720246523,1,logistic_regression,468
WS,0.0070441449848219935,1,logistic_regression,469
HT,0.007037636028706857,1,logistic_regression,470
EP,0.006873959596747541,1,logistic_regression,471
PD,0.006800390875292406,1,logistic_regression,472
_NormalizedVDWVT12,0.0067874145271773515,1,logistic_regression,473
TC,0.006770024014307581,1,logistic_regression,474
GQ,0.006690988228296435,1,logistic_regression,475
TL,0.006633199490603175,1,logistic_regression,476
TT,0.006552247076843127,1,logistic_regression,477
WD,0.006229080310927643,1,logistic_regression,478
SH,0.006168931640653088,1,logistic_regression,479
WA,0.006093514984786701,1,logistic_regression,480
QQ,0.0059960436527809365,1,logistic_regression,481
MF,0.005968905977868586,1,logistic_regression,482
_SolventAccessibilityD1025,0.005953056680086519,1,logistic_regression,483
_NormalizedVDWVD1001,0.005930276390416541,1,logistic_regression,484
RR,0.005663295545139517,1,logistic_regression,485
WP,0.0056498285638669245,1,logistic_regression,486
NK,0.005599121045805506,1,logistic_regression,487
PH,0.0055842085258684775,1,logistic_regression,488
aromaticity,0.005560904922692884,1,logistic_regression,489
HM,0.005314535547264886,1,logistic_regression,490
_PolarizabilityT12,0.0052773772724396435,1,logistic_regression,491
EN,0.00519692244208675,1,logistic_regression,492
QM,0.0050467908606084575,1,logistic_regression,493
QK,0.004945153719240027,1,logistic_regression,494
GE,0.0048137791228362835,1,logistic_regression,495
VH,0.004800343555596917,1,logistic_regression,496
NE,0.004766419544357361,1,logistic_regression,497
WE,0.004726333084062753,1,logistic_regression,498
CA,0.004697017648545509,1,logistic_regression,499
GV,0.004551371686513717,1,logistic_regression,500
HN,0.004389146910643017,1,logistic_regression,501
SM,0.004250356466810872,1,logistic_regression,502
TY,0.004240851083033285,1,logistic_regression,503
CM,0.004196183896872136,1,logistic_regression,504
AW,0.004181022811102233,1,logistic_regression,505
Y,0.004142290226737581,1,logistic_regression,506
WI,0.004141462972990563,1,logistic_regression,507
CK,0.003869824439982225,1,logistic_regression,508
VS,0.0038519634092820955,1,logistic_regression,509
DH,0.003847971945505772,1,logistic_regression,510
N,0.0035308696442406503,1,logistic_regression,511
NW,0.0034523765825726148,1,logistic_regression,512
_SolventAccessibilityD3100,0.003438878721436553,1,logistic_regression,513
FA,0.0034344980650320668,1,logistic_regression,514
PF,0.003376801605324992,1,logistic_regression,515
TP,0.003275995325978445,1,logistic_regression,516
LR,0.003196758965360429,1,logistic_regression,517
WK,0.003174719327237032,1,logistic_regression,518
IT,0.0031186413649994843,1,logistic_regression,519
DS,0.00310951597168237,1,logistic_regression,520
YQ,0.0030879602073242873,1,logistic_regression,521
WQ,0.0030878737346011066,1,logistic_regression,522
DP,0.0029133799415885205,1,logistic_regression,523
IW,0.0028820991918071816,1,logistic_regression,524
FF,0.0028037757139030596,1,logistic_regression,525
YS,0.002789378802521961,1,logistic_regression,526
DV,0.0027608505284495767,1,logistic_regression,527
FW,0.0026013949032171624,1,logistic_regression,528
VV,0.002567707528592772,1,logistic_regression,529
WF,0.0025320139944938103,1,logistic_regression,530
RC,0.002523382960516381,1,logistic_regression,531
TF,0.0025092044516145484,1,logistic_regression,532
_PolarizabilityD1001,0.00240833781289926,1,logistic_regression,533
MP,0.002379031655806688,1,logistic_regression,534
RA,0.0020496150304250586,1,logistic_regression,535
TD,0.002038277338395228,1,logistic_regression,536
FN,0.001992228154671988,1,logistic_regression,537
YL,0.0014994220387946433,1,logistic_regression,538
RW,0.0014645915422170522,1,logistic_regression,539
YH,0.0014210253249909372,1,logistic_regression,540
YN,0.0013369051409834187,1,logistic_regression,541
YY,0.0012215818668762336,1,logistic_regression,542
WT,0.0012079243868337321,1,logistic_regression,543
YW,0.0012051454652408677,1,logistic_regression,544
RY,0.001153640315945082,1,logistic_regression,545
KL,0.0011186172534475814,1,logistic_regression,546
WL,0.001048754238697902,1,logistic_regression,547
KW,0.001029726415790802,1,logistic_regression,548
WM,0.0009913884008672014,1,logistic_regression,549
YG,0.0008117147285356278,1,logistic_regression,550
TK,0.0007700490058558388,1,logistic_regression,551
SC,0.0006771921725364427,1,logistic_regression,552
NY,0.0006369512547300809,1,logistic_regression,553
AD,0.00048286158176670557,1,logistic_regression,554
PW,0.0004115367580181762,1,logistic_regression,555
MN,0.0003898582322634345,1,logistic_regression,556
VW,0.0003658843536311466,1,logistic_regression,557
MM,0.00035630093474604585,1,logistic_regression,558
FR,0.0003178378987327668,1,logistic_regression,559
SR,0.0002889742390418126,1,logistic_regression,560
IF,0.00025139135541603705,1,logistic_regression,561
IQ,0.0001523160678170541,1,logistic_regression,562
YC,0.00014792060319031552,1,logistic_regression,563
TV,0.00012845113301682403,1,logistic_regression,564
YI,0.00011012133860871177,1,logistic_regression,565
HW,0.00010400162157289199,1,logistic_regression,566
CI,9.70701975485578e-05,1,logistic_regression,567
WR,2.7311696716771342e-05,1,logistic_regression,568
WH,5.102759636396574e-18,1,logistic_regression,569
QW,1.7629225761174764e-18,1,logistic_regression,570
MW,0.0,1,logistic_regression,571
WW,0.0,1,logistic_regression,572
IG,36201431912730.72,2,svm_rbf,1
PF,36201431912730.7,2,svm_rbf,2
_PolarityD1100,3871010002082.3735,2,svm_rbf,3
_SecondaryStrD2075,3871010002082.373,2,svm_rbf,4
mw,0.011156479483680877,2,svm_rbf,5
EL,0.00880194506560027,2,svm_rbf,6
A,0.00731894293478765,2,svm_rbf,7
_PolarityT23,0.006448496018682135,2,svm_rbf,8
MQ,0.006398155561196696,2,svm_rbf,9
_PolarityT13,0.0061428121136348325,2,svm_rbf,10
TR,0.00599940198703528,2,svm_rbf,11
TT,0.0051902941624550405,2,svm_rbf,12
length,0.004998971447504509,2,svm_rbf,13
V,0.004880481592233432,2,svm_rbf,14
_SolventAccessibilityT12,0.0048178963793092605,2,svm_rbf,15
AE,0.004806718604526915,2,svm_rbf,16
PS,0.0047406309519737,2,svm_rbf,17
EG,0.004733088189521236,2,svm_rbf,18
G,0.004700064880239661,2,svm_rbf,19
KK,0.004610354497020264,2,svm_rbf,20
AH,0.0045572781387166125,2,svm_rbf,21
_NormalizedVDWVD3050,0.004280632602756644,2,svm_rbf,22
GC,0.004155072984959493,2,svm_rbf,23
_HydrophobicityD1100,0.004084451894756737,2,svm_rbf,24
IR,0.0039784279680665745,2,svm_rbf,25
NK,0.0034772662823300145,2,svm_rbf,26
_PolarityD1001,0.0031822319653131404,2,svm_rbf,27
CI,0.0031392613572813043,2,svm_rbf,28
_PolarizabilityD1075,0.0031067024224743704,2,svm_rbf,29
_SolventAccessibilityD2100,0.0030550092279527223,2,svm_rbf,30
_PolarizabilityD2001,0.003032959693765412,2,svm_rbf,31
_PolarityD2050,0.0030320659378442355,2,svm_rbf,32
FC,0.0029764865600087186,2,svm_rbf,33
QD,0.0029748798433514565,2,svm_rbf,34
CE,0.0029449695077000044,2,svm_rbf,35
AM,0.00291210522733119,2,svm_rbf,36
R,0.0028693829362729907,2,svm_rbf,37
KC,0.0028565987798020082,2,svm_rbf,38
DF,0.00281986219946309,2,svm_rbf,39
QI,0.002731552048243767,2,svm_rbf,40
_SolventAccessibilityD3001,0.0027180037650796603,2,svm_rbf,41
CN,0.002633324511298566,2,svm_rbf,42
_PolarizabilityT23,0.0025688997168649185,2,svm_rbf,43
_PolarizabilityD3075,0.002564570668813325,2,svm_rbf,44
GE,0.0025065122624118763,2,svm_rbf,45
_ChargeD3025,0.0024426500523929908,2,svm_rbf,46
_NormalizedVDWVD2100,0.0024090182070797606,2,svm_rbf,47
_ChargeD1001,0.0023875137656976025,2,svm_rbf,48
AD,0.002240654447070528,2,svm_rbf,49
_ChargeD1100,0.002119759778046009,2,svm_rbf,50
aromaticity,0.0021079339354375054,2,svm_rbf,51
_HydrophobicityD3075,0.002018329386957692,2,svm_rbf,52
P,0.0019680752981685095,2,svm_rbf,53
AG,0.0019574270434154716,2,svm_rbf,54
_NormalizedVDWVC3,0.0019538868198163057,2,svm_rbf,55
RC,0.001875381858899374,2,svm_rbf,56
KV,0.0018342324239681853,2,svm_rbf,57
_PolarityC1,0.0017005610260898605,2,svm_rbf,58
_NormalizedVDWVD1100,0.0016783736575143305,2,svm_rbf,59
_SolventAccessibilityD2025,0.0016642254240211351,2,svm_rbf,60
HL,0.0016617812602700097,2,svm_rbf,61
_SolventAccessibilityD2075,0.001656324424722296,2,svm_rbf,62
CD,0.0016022302807027766,2,svm_rbf,63
FD,0.0015764309595366283,2,svm_rbf,64
_HydrophobicityD1001,0.0015752244456333153,2,svm_rbf,65
DD,0.0015636789735380629,2,svm_rbf,66
DK,0.0015552467783817047,2,svm_rbf,67
YV,0.0015536930570959817,2,svm_rbf,68
KP,0.001552763696522729,2,svm_rbf,69
VP,0.0015416828932781604,2,svm_rbf,70
EF,0.0014979041399019028,2,svm_rbf,71
DQ,0.001486342822021921,2,svm_rbf,72
SA,0.0014769539334525314,2,svm_rbf,73
IQ,0.0014335523490371482,2,svm_rbf,74
KH,0.0014120507741535392,2,svm_rbf,75
K,0.0013870139239928198,2,svm_rbf,76
PL,0.001361391360144231,2,svm_rbf,77
_ChargeD2100,0.001346942570974416,2,svm_rbf,78
D,0.0013293469949988276,2,svm_rbf,79
LN,0.0013099839037305663,2,svm_rbf,80
QC,0.0012968751408947827,2,svm_rbf,81
GM,0.0012716593922673946,2,svm_rbf,82
VF,0.0012567520188692272,2,svm_rbf,83
HM,0.001251999093056872,2,svm_rbf,84
KT,0.0012151174316604237,2,svm_rbf,85
_PolarizabilityD2075,0.001195652573559869,2,svm_rbf,86
_SolventAccessibilityD1075,0.0011938773941291205,2,svm_rbf,87
CC,0.0011818722756593313,2,svm_rbf,88
_SolventAccessibilityD1050,0.001107902384613372,2,svm_rbf,89
AQ,0.0010741049127560899,2,svm_rbf,90
_PolarizabilityD3050,0.0010736057527573845,2,svm_rbf,91
TI,0.001046115517754319,2,svm_rbf,92
DN,0.0010436814376340573,2,svm_rbf,93
HG,0.0010386503590853278,2,svm_rbf,94
_ChargeT12,0.0010199941585991462,2,svm_rbf,95
pI,0.0009890969525650588,2,svm_rbf,96
_HydrophobicityD1075,0.0009702887378303965,2,svm_rbf,97
GP,0.0009684427371180019,2,svm_rbf,98
_ChargeD1075,0.0009626212223531193,2,svm_rbf,99
RK,0.000956672868725616,2,svm_rbf,100
YP,0.0009489523863178848,2,svm_rbf,101
KW,0.0009361228453951325,2,svm_rbf,102
PM,0.0009301322299744052,2,svm_rbf,103
PW,0.000928833314156181,2,svm_rbf,104
WD,0.0009277030968746608,2,svm_rbf,105
LC,0.0009222528249629948,2,svm_rbf,106
_SecondaryStrT13,0.0009007418099003953,2,svm_rbf,107
IS,0.0009003562331643318,2,svm_rbf,108
_HydrophobicityD2025,0.0008950394640664923,2,svm_rbf,109
S,0.0008754071369765378,2,svm_rbf,110
FT,0.0008653638456099212,2,svm_rbf,111
TM,0.0008442818747507325,2,svm_rbf,112
_HydrophobicityD1025,0.0008394081933109836,2,svm_rbf,113
CA,0.0008328806542479108,2,svm_rbf,114
IW,0.0008060344760910433,2,svm_rbf,115
_ChargeD1025,0.000805447916897242,2,svm_rbf,116
NA,0.0008049123864728804,2,svm_rbf,117
GT,0.0007878182501995637,2,svm_rbf,118
IY,0.0007737737367928485,2,svm_rbf,119
MK,0.000772077594242095,2,svm_rbf,120
SR,0.0007711918456534355,2,svm_rbf,121
IP,0.0007586835761830353,2,svm_rbf,122
C,0.0007472653820967441,2,svm_rbf,123
IT,0.0007443401848800979,2,svm_rbf,124
WI,0.0007349029295014079,2,svm_rbf,125
TE,0.0007234255762358521,2,svm_rbf,126
RS,0.0007167398067815818,2,svm_rbf,127
GW,0.0006972880538248783,2,svm_rbf,128
_HydrophobicityD3025,0.0006966263728383264,2,svm_rbf,129
NL,0.000692293100121824,2,svm_rbf,130
L,0.0006772786220013674,2,svm_rbf,131
VS,0.0006738009472833733,2,svm_rbf,132
WK,0.0006725898061284761,2,svm_rbf,133
FF,0.0006632002370745921,2,svm_rbf,134
QN,0.0006611889226860015,2,svm_rbf,135
IL,0.0006596676356805203,2,svm_rbf,136
PA,0.0006528113406471847,2,svm_rbf,137
HA,0.0006509394893789006,2,svm_rbf,138
VW,0.0006478357654610207,2,svm_rbf,139
_PolarityD3025,0.0006464362812975323,2,svm_rbf,140
_PolarizabilityD3001,0.0006455258359509678,2,svm_rbf,141
_NormalizedVDWVC1,0.0006452271663985218,2,svm_rbf,142
_ChargeD3100,0.0006328253870232932,2,svm_rbf,143
NN,0.0006263421602892629,2,svm_rbf,144
RE,0.0006262575910797489,2,svm_rbf,145
LM,0.0006230770871555726,2,svm_rbf,146
LG,0.0006225066814703119,2,svm_rbf,147
NG,0.0006159706985358118,2,svm_rbf,148
_HydrophobicityD2050,0.0006146444734265059,2,svm_rbf,149
LS,0.0006143235974433775,2,svm_rbf,150
FE,0.000612559444371854,2,svm_rbf,151
PI,0.000612241082766202,2,svm_rbf,152
_HydrophobicityD3001,0.0006121989319712798,2,svm_rbf,153
MY,0.0006110286745769396,2,svm_rbf,154
FK,0.0006104571574590194,2,svm_rbf,155
CK,0.0006057376772263014,2,svm_rbf,156
KM,0.0006046945912370487,2,svm_rbf,157
MT,0.0006044923470832184,2,svm_rbf,158
QS,0.0005939672079453243,2,svm_rbf,159
FW,0.0005835212115205467,2,svm_rbf,160
EN,0.0005814751589750344,2,svm_rbf,161
_PolarizabilityC2,0.0005776045850897678,2,svm_rbf,162
_SecondaryStrC1,0.0005676257296337512,2,svm_rbf,163
H,0.0005675289369619749,2,svm_rbf,164
KS,0.0005667618527467552,2,svm_rbf,165
TP,0.0005658058533567049,2,svm_rbf,166
WT,0.0005646738087057107,2,svm_rbf,167
PY,0.0005587054136754347,2,svm_rbf,168
HI,0.0005552673929066071,2,svm_rbf,169
LE,0.0005542422833022081,2,svm_rbf,170
_SolventAccessibilityD3100,0.000548035398820654,2,svm_rbf,171
SH,0.0005479429050252231,2,svm_rbf,172
SF,0.0005440463343931182,2,svm_rbf,173
FG,0.0005420822552020043,2,svm_rbf,174
_PolarizabilityD3100,0.0005352472630111284,2,svm_rbf,175
CF,0.0005227956927731245,2,svm_rbf,176
ST,0.0005226282276466942,2,svm_rbf,177
CQ,0.0005201117397209535,2,svm_rbf,178
_ChargeC2,0.0005139478963225996,2,svm_rbf,179
_ChargeC3,0.0005120721223476571,2,svm_rbf,180
QL,0.0005112417846886485,2,svm_rbf,181
CH,0.0005111746121705677,2,svm_rbf,182
HV,0.0005111179341612587,2,svm_rbf,183
ED,0.0005094455701677457,2,svm_rbf,184
VH,0.0005075304878412034,2,svm_rbf,185
_HydrophobicityC1,0.0005066252529502956,2,svm_rbf,186
NM,0.0005016832900181223,2,svm_rbf,187
_PolarizabilityT13,0.0004990231942392064,2,svm_rbf,188
AL,0.0004906296802167641,2,svm_rbf,189
KR,0.0004905247728912615,2,svm_rbf,190
_PolarityD3075,0.0004904709083257451,2,svm_rbf,191
I,0.0004904709083257451,2,svm_rbf,192
_HydrophobicityT13,0.0004892034282244205,2,svm_rbf,193
CT,0.0004870201422472756,2,svm_rbf,194
_PolarityD1050,0.00047648634643240433,2,svm_rbf,195
QG,0.0004688615746129007,2,svm_rbf,196
YK,0.00046781574907662734,2,svm_rbf,197
VA,0.00046486894960319367,2,svm_rbf,198
DL,0.00046461225602110334,2,svm_rbf,199
ET,0.0004627093031344224,2,svm_rbf,200
YE,0.0004608577094136345,2,svm_rbf,201
_PolarityD2075,0.00045749106081734777,2,svm_rbf,202
_ChargeT13,0.00045694598273467814,2,svm_rbf,203
YN,0.0004530431405852217,2,svm_rbf,204
QV,0.0004467368172283816,2,svm_rbf,205
_ChargeD2050,0.0004448636888812146,2,svm_rbf,206
_SecondaryStrD2050,0.00044427688534281974,2,svm_rbf,207
KI,0.00044262936331871213,2,svm_rbf,208
ME,0.00043922928251417413,2,svm_rbf,209
DG,0.000437115376026369,2,svm_rbf,210
_PolarizabilityD2100,0.0004315150634835406,2,svm_rbf,211
SQ,0.0004248738940611775,2,svm_rbf,212
AT,0.0004076683206872757,2,svm_rbf,213
DS,0.00040569252051276427,2,svm_rbf,214
N,0.0004036153272989375,2,svm_rbf,215
_SecondaryStrC3,0.0003988396848505843,2,svm_rbf,216
_SecondaryStrD1075,0.0003979298726851701,2,svm_rbf,217
SK,0.0003968021631233774,2,svm_rbf,218
PV,0.00038923041451473705,2,svm_rbf,219
VL,0.0003870910575726467,2,svm_rbf,220
CY,0.00038304457006878664,2,svm_rbf,221
QA,0.0003737624564226662,2,svm_rbf,222
_NormalizedVDWVD3001,0.00037008836827932226,2,svm_rbf,223
_PolarizabilityD1100,0.00037002929532703406,2,svm_rbf,224
HS,0.0003650655583595593,2,svm_rbf,225
DR,0.0003565695983820682,2,svm_rbf,226
NR,0.00035451137738284373,2,svm_rbf,227
QK,0.00035279670924720936,2,svm_rbf,228
CS,0.0003527770153424384,2,svm_rbf,229
_HydrophobicityC3,0.00034840050821914636,2,svm_rbf,230
CG,0.00034594012712193883,2,svm_rbf,231
_SolventAccessibilityD3050,0.00034549700778764667,2,svm_rbf,232
_SecondaryStrD3100,0.00034266851495567117,2,svm_rbf,233
_SecondaryStrD1100,0.00034163801962243373,2,svm_rbf,234
MD,0.000336879087892508,2,svm_rbf,235
HC,0.00033670654220636497,2,svm_rbf,236
AN,0.0003360472597149562,2,svm_rbf,237
KL,0.00033428867454062894,2,svm_rbf,238
PD,0.0003338261099243631,2,svm_rbf,239
PK,0.0003335843430229668,2,svm_rbf,240
HR,0.00033326599964353593,2,svm_rbf,241
VY,0.00032412931779769445,2,svm_rbf,242
YI,0.0003186776855073363,2,svm_rbf,243
NT,0.00031740130189621655,2,svm_rbf,244
PT,0.00031698202670781445,2,svm_rbf,245
_PolarityD2025,0.0003164324300570584,2,svm_rbf,246
SY,0.00031432481535453166,2,svm_rbf,247
ER,0.0003128096529565271,2,svm_rbf,248
GY,0.0003125995054669439,2,svm_rbf,249
CM,0.0003102994281117087,2,svm_rbf,250
_PolarizabilityD3025,0.0003096346713671557,2,svm_rbf,251
LT,0.00030870873466844266,2,svm_rbf,252
LV,0.00030547440977831867,2,svm_rbf,253
MS,0.0003048828364644836,2,svm_rbf,254
AV,0.0003048230476811202,2,svm_rbf,255
CR,0.00030241446691216576,2,svm_rbf,256
MC,0.0003016356142132998,2,svm_rbf,257
GI,0.00029409040783487855,2,svm_rbf,258
_NormalizedVDWVT23,0.00029358726428727457,2,svm_rbf,259
MA,0.0002917941866619137,2,svm_rbf,260
EE,0.0002892061490975393,2,svm_rbf,261
GQ,0.0002805782136391602,2,svm_rbf,262
IM,0.0002804038231682371,2,svm_rbf,263
VI,0.00028034466939650825,2,svm_rbf,264
VD,0.00027575292852091926,2,svm_rbf,265
FV,0.0002732030211512291,2,svm_rbf,266
_ChargeC1,0.00027230527033515024,2,svm_rbf,267
VQ,0.0002717508985469021,2,svm_rbf,268
_SecondaryStrT23,0.00026600044469302005,2,svm_rbf,269
IN,0.00026491863864363944,2,svm_rbf,270
_PolarityC2,0.00026356381361602755,2,svm_rbf,271
ES,0.0002615156096558602,2,svm_rbf,272
IF,0.00025971658628508987,2,svm_rbf,273
DC,0.00025838733602825145,2,svm_rbf,274
FQ,0.0002574331657372588,2,svm_rbf,275
QP,0.00025642263591302625,2,svm_rbf,276
_ChargeD3075,0.0002540136279075793,2,svm_rbf,277
NV,0.0002520203624649569,2,svm_rbf,278
_PolarizabilityD1050,0.0002484819981744959,2,svm_rbf,279
LA,0.0002367934208364259,2,svm_rbf,280
SN,0.00023166524960377272,2,svm_rbf,281
_SecondaryStrD2001,0.0002309666364928346,2,svm_rbf,282
W,0.00022433417062095356,2,svm_rbf,283
_PolarizabilityT12,0.0002233321780716991,2,svm_rbf,284
FM,0.00022291316446002577,2,svm_rbf,285
SD,0.00022206270505621884,2,svm_rbf,286
DE,0.00022191598126924998,2,svm_rbf,287
WS,0.00022160028902899043,2,svm_rbf,288
WA,0.00021846841664435165,2,svm_rbf,289
MI,0.00021788084693930013,2,svm_rbf,290
ML,0.00021782956506754468,2,svm_rbf,291
_SecondaryStrD3025,0.00021656159853795557,2,svm_rbf,292
RV,0.00021638771769670392,2,svm_rbf,293
DA,0.00021608468547850516,2,svm_rbf,294
SS,0.00021104521479172356,2,svm_rbf,295
_PolarityD1025,0.00020823215523853577,2,svm_rbf,296
DW,0.00020786956009817112,2,svm_rbf,297
YC,0.00020604405253915581,2,svm_rbf,298
VM,0.0002059153087037975,2,svm_rbf,299
AK,0.00020120463239892895,2,svm_rbf,300
AF,0.00019986430574972665,2,svm_rbf,301
KA,0.00019935657179943843,2,svm_rbf,302
WE,0.00019912969929036892,2,svm_rbf,303
_NormalizedVDWVT13,0.00019906826757723467,2,svm_rbf,304
DM,0.00019772855205536221,2,svm_rbf,305
EY,0.00019661910714467327,2,svm_rbf,306
GA,0.00019425780113609164,2,svm_rbf,307
GR,0.00019318265320943603,2,svm_rbf,308
_PolarityD3001,0.00019261303866897555,2,svm_rbf,309
_PolarizabilityC3,0.00019227382851057058,2,svm_rbf,310
_SolventAccessibilityC2,0.00019147203851203724,2,svm_rbf,311
TC,0.0001910544935410667,2,svm_rbf,312
LH,0.0001895917832655912,2,svm_rbf,313
GH,0.00018886367985949864,2,svm_rbf,314
LK,0.00018840174609291926,2,svm_rbf,315
FS,0.00018793011577705732,2,svm_rbf,316
AA,0.00018526465297162033,2,svm_rbf,317
MR,0.00018399197772043656,2,svm_rbf,318
VC,0.00018226950324100877,2,svm_rbf,319
HD,0.00018140435670492165,2,svm_rbf,320
_PolarizabilityD2025,0.0001776073790320991,2,svm_rbf,321
_HydrophobicityC2,0.00017495703923862884,2,svm_rbf,322
_ChargeD2025,0.00017426864338838103,2,svm_rbf,323
DV,0.00017405942773978888,2,svm_rbf,324
RF,0.00017377365751204178,2,svm_rbf,325
RL,0.00017315873306999004,2,svm_rbf,326
EH,0.0001707979205654915,2,svm_rbf,327
_PolarityD2100,0.00016926818958869162,2,svm_rbf,328
PH,0.000167985810422517,2,svm_rbf,329
Q,0.0001656381200694556,2,svm_rbf,330
YH,0.00016511734437234794,2,svm_rbf,331
RI,0.00016254346998427358,2,svm_rbf,332
_HydrophobicityD2100,0.0001618343026700078,2,svm_rbf,333
GK,0.0001594835213856888,2,svm_rbf,334
DI,0.0001579283378950536,2,svm_rbf,335
_NormalizedVDWVD3025,0.00015722684533878178,2,svm_rbf,336
F,0.00015621212680068212,2,svm_rbf,337
_SolventAccessibilityD2050,0.00015555355045820298,2,svm_rbf,338
LR,0.00015461204143215126,2,svm_rbf,339
QH,0.00015460644644452854,2,svm_rbf,340
ID,0.00015198000395648395,2,svm_rbf,341
RG,0.00015029935829022432,2,svm_rbf,342
_PolarityD2001,0.00014950444957498635,2,svm_rbf,343
LI,0.0001479711610992544,2,svm_rbf,344
_PolarizabilityC1,0.0001474138339518922,2,svm_rbf,345
NH,0.00014702348630475396,2,svm_rbf,346
GN,0.0001459651064027457,2,svm_rbf,347
LP,0.00014454767395175093,2,svm_rbf,348
EA,0.0001444906708644411,2,svm_rbf,349
QQ,0.0001436042090318715,2,svm_rbf,350
FN,0.0001427392823846314,2,svm_rbf,351
HN,0.00014270262903029425,2,svm_rbf,352
IA,0.00014173626939195338,2,svm_rbf,353
PN,0.00014089598664982213,2,svm_rbf,354
RR,0.00013767977022307475,2,svm_rbf,355
YR,0.00013592671128150665,2,svm_rbf,356
TD,0.00013533887473128535,2,svm_rbf,357
EC,0.0001286596817417883,2,svm_rbf,358
PQ,0.00012697419855546034,2,svm_rbf,359
SL,0.00012493259092159154,2,svm_rbf,360
_SecondaryStrD2025,0.00012043893412778561,2,svm_rbf,361
Y,0.00011955716289937001,2,svm_rbf,362
_NormalizedVDWVC2,0.00011815199741086165,2,svm_rbf,363
_ChargeD3050,0.0001158362740326175,2,svm_rbf,364
SV,0.00011515885931036462,2,svm_rbf,365
IC,0.00011432852485455512,2,svm_rbf,366
_SolventAccessibilityD1100,0.00011204855587494875,2,svm_rbf,367
QR,0.00011179381105142866,2,svm_rbf,368
SE,0.00011121534353731319,2,svm_rbf,369
_NormalizedVDWVD2050,0.00010980629172096237,2,svm_rbf,370
DY,0.00010924229158948054,2,svm_rbf,371
_PolarizabilityD1025,0.00010869277643544595,2,svm_rbf,372
PE,0.00010848924837059536,2,svm_rbf,373
TS,0.0001042292292051039,2,svm_rbf,374
QW,0.00010404343324384461,2,svm_rbf,375
HQ,0.00010334937502560648,2,svm_rbf,376
T,0.00010299056129423535,2,svm_rbf,377
PR,0.00010154716824717103,2,svm_rbf,378
AW,0.00010117188944767507,2,svm_rbf,379
TK,0.00010057983727294588,2,svm_rbf,380
GV,9.937563225310605e-05,2,svm_rbf,381
YA,9.898343449055443e-05,2,svm_rbf,382
M,9.876274528797242e-05,2,svm_rbf,383
_SolventAccessibilityC1,9.726208157315955e-05,2,svm_rbf,384
NY,9.48591388912787e-05,2,svm_rbf,385
SI,9.437064625613627e-05,2,svm_rbf,386
CP,9.201876247146922e-05,2,svm_rbf,387
LW,8.94283877268128e-05,2,svm_rbf,388
_HydrophobicityD2001,8.915903000645176e-05,2,svm_rbf,389
AP,8.845601077010762e-05,2,svm_rbf,390
RQ,8.679443064676767e-05,2,svm_rbf,391
HT,8.484652730150728e-05,2,svm_rbf,392
_HydrophobicityT23,8.396578799804984e-05,2,svm_rbf,393
KN,8.200006840906925e-05,2,svm_rbf,394
QY,8.194166453965354e-05,2,svm_rbf,395
_SecondaryStrD2100,8.141811551279353e-05,2,svm_rbf,396
_SecondaryStrC2,7.832107494014016e-05,2,svm_rbf,397
LD,7.776401331979917e-05,2,svm_rbf,398
HE,7.770472797029887e-05,2,svm_rbf,399
KF,7.534218368113161e-05,2,svm_rbf,400
_NormalizedVDWVD2001,7.440282408245266e-05,2,svm_rbf,401
ND,7.42983443945394e-05,2,svm_rbf,402
IE,7.38383892601932e-05,2,svm_rbf,403
PG,7.174179205910258e-05,2,svm_rbf,404
YT,7.142881774858789e-05,2,svm_rbf,405
NQ,6.995737255265644e-05,2,svm_rbf,406
RM,6.761707898566478e-05,2,svm_rbf,407
RP,6.70517212075583e-05,2,svm_rbf,408
VN,6.684532303873322e-05,2,svm_rbf,409
_ChargeD2001,6.508438489947959e-05,2,svm_rbf,410
_NormalizedVDWVD2075,6.424835807486028e-05,2,svm_rbf,411
_SolventAccessibilityD3025,6.089023921491579e-05,2,svm_rbf,412
_SolventAccessibilityD2001,5.933933955599536e-05,2,svm_rbf,413
FL,5.8924409108572276e-05,2,svm_rbf,414
_PolarityC3,5.753074004249942e-05,2,svm_rbf,415
_SolventAccessibilityD3075,5.6566376030655595e-05,2,svm_rbf,416
RH,5.2821074981354684e-05,2,svm_rbf,417
TG,5.229885793107949e-05,2,svm_rbf,418
AI,5.0948927496194e-05,2,svm_rbf,419
_SecondaryStrD3075,4.623192840174722e-05,2,svm_rbf,420
_SecondaryStrT12,4.5662100255426313e-05,2,svm_rbf,421
SP,4.561756381297074e-05,2,svm_rbf,422
YF,4.5455509609444315e-05,2,svm_rbf,423
VV,4.445289332132233e-05,2,svm_rbf,424
VK,4.309409819757387e-05,2,svm_rbf,425
_HydrophobicityD3100,4.190468918012715e-05,2,svm_rbf,426
MG,4.113611476860628e-05,2,svm_rbf,427
EI,4.0727766386466155e-05,2,svm_rbf,428
KE,3.888215413784535e-05,2,svm_rbf,429
IV,3.796563564648246e-05,2,svm_rbf,430
_SecondaryStrD1025,3.690097253224176e-05,2,svm_rbf,431
FY,3.613536381967826e-05,2,svm_rbf,432
GL,3.579548337198468e-05,2,svm_rbf,433
KD,3.241746080636481e-05,2,svm_rbf,434
_PolarityT12,3.2120072891231866e-05,2,svm_rbf,435
RA,2.797424005122752e-05,2,svm_rbf,436
E,2.6939110287594325e-05,2,svm_rbf,437
YG,2.340406809739755e-05,2,svm_rbf,438
QT,2.2160630596647983e-05,2,svm_rbf,439
NP,2.11719742566998e-05,2,svm_rbf,440
TN,2.0205705860817838e-05,2,svm_rbf,441
DT,1.954896028414675e-05,2,svm_rbf,442
YS,1.9375609607074327e-05,2,svm_rbf,443
_NormalizedVDWVD3100,1.653820477722955e-05,2,svm_rbf,444
_NormalizedVDWVD1075,1.579817300175332e-05,2,svm_rbf,445
HK,1.4996657209405388e-05,2,svm_rbf,446
LQ,1.4622112601601017e-05,2,svm_rbf,447
_NormalizedVDWVD3075,9.423017740649505e-06,2,svm_rbf,448
VR,8.943426665307674e-06,2,svm_rbf,449
LL,8.901911436328721e-06,2,svm_rbf,450
QE,8.267077712398656e-06,2,svm_rbf,451
KG,7.07779196821514e-06,2,svm_rbf,452
KQ,6.861337691112055e-06,2,svm_rbf,453
SM,5.921071162653118e-06,2,svm_rbf,454
EQ,4.51465060201307e-06,2,svm_rbf,455
LY,2.7040764667546666e-06,2,svm_rbf,456
_NormalizedVDWVD1025,2.1264545943833202e-06,2,svm_rbf,457
WG,1.5950404321607265e-06,2,svm_rbf,458
_SolventAccessibilityD1025,1.5657759345461883e-06,2,svm_rbf,459
TL,1.1214204374203645e-06,2,svm_rbf,460
RN,9.016316717860851e-07,2,svm_rbf,461
_SolventAccessibilityT13,0.0,2,svm_rbf,462
_PolarizabilityD1001,0.0,2,svm_rbf,463
WW,0.0,2,svm_rbf,464
WV,0.0,2,svm_rbf,465
VE,0.0,2,svm_rbf,466
WF,0.0,2,svm_rbf,467
YQ,0.0,2,svm_rbf,468
VG,0.0,2,svm_rbf,469
WC,0.0,2,svm_rbf,470
_HydrophobicityT12,0.0,2,svm_rbf,471
VT,0.0,2,svm_rbf,472
_NormalizedVDWVT12,0.0,2,svm_rbf,473
TH,0.0,2,svm_rbf,474
instability,0.0,2,svm_rbf,475
YW,0.0,2,svm_rbf,476
WL,0.0,2,svm_rbf,477
WQ,0.0,2,svm_rbf,478
TW,0.0,2,svm_rbf,479
WY,0.0,2,svm_rbf,480
_ChargeT23,0.0,2,svm_rbf,481
TY,0.0,2,svm_rbf,482
WP,0.0,2,svm_rbf,483
WN,0.0,2,svm_rbf,484
_SolventAccessibilityC3,0.0,2,svm_rbf,485
YL,0.0,2,svm_rbf,486
WM,0.0,2,svm_rbf,487
TV,0.0,2,svm_rbf,488
WH,0.0,2,svm_rbf,489
YD,0.0,2,svm_rbf,490
_PolarizabilityD2050,0.0,2,svm_rbf,491
_SolventAccessibilityT23,0.0,2,svm_rbf,492
TQ,0.0,2,svm_rbf,493
_SolventAccessibilityD1001,0.0,2,svm_rbf,494
YM,0.0,2,svm_rbf,495
WR,0.0,2,svm_rbf,496
_PolarityD3050,0.0,2,svm_rbf,497
TF,0.0,2,svm_rbf,498
KY,0.0,2,svm_rbf,499
EV,0.0,2,svm_rbf,500
LF,0.0,2,svm_rbf,501
EP,0.0,2,svm_rbf,502
EM,0.0,2,svm_rbf,503
EK,0.0,2,svm_rbf,504
MF,0.0,2,svm_rbf,505
MH,0.0,2,svm_rbf,506
DP,0.0,2,svm_rbf,507
DH,0.0,2,svm_rbf,508
MM,0.0,2,svm_rbf,509
MN,0.0,2,svm_rbf,510
MP,0.0,2,svm_rbf,511
CW,0.0,2,svm_rbf,512
CV,0.0,2,svm_rbf,513
MV,0.0,2,svm_rbf,514
EW,0.0,2,svm_rbf,515
FA,0.0,2,svm_rbf,516
CL,0.0,2,svm_rbf,517
FH,0.0,2,svm_rbf,518
HW,0.0,2,svm_rbf,519
HY,0.0,2,svm_rbf,520
HP,0.0,2,svm_rbf,521
IH,0.0,2,svm_rbf,522
II,0.0,2,svm_rbf,523
IK,0.0,2,svm_rbf,524
HH,0.0,2,svm_rbf,525
HF,0.0,2,svm_rbf,526
GS,0.0,2,svm_rbf,527
GG,0.0,2,svm_rbf,528
GF,0.0,2,svm_rbf,529
GD,0.0,2,svm_rbf,530
FR,0.0,2,svm_rbf,531
FP,0.0,2,svm_rbf,532
FI,0.0,2,svm_rbf,533
MW,0.0,2,svm_rbf,534
AY,0.0,2,svm_rbf,535
TA,0.0,2,svm_rbf,536
_PolarityD3100,0.0,2,svm_rbf,537
_PolarityD1075,0.0,2,svm_rbf,538
_ChargeD3001,0.0,2,svm_rbf,539
RD,0.0,2,svm_rbf,540
_ChargeD2075,0.0,2,svm_rbf,541
RT,0.0,2,svm_rbf,542
_ChargeD1050,0.0,2,svm_rbf,543
RW,0.0,2,svm_rbf,544
RY,0.0,2,svm_rbf,545
SC,0.0,2,svm_rbf,546
_SecondaryStrD3050,0.0,2,svm_rbf,547
_SecondaryStrD3001,0.0,2,svm_rbf,548
SG,0.0,2,svm_rbf,549
_SecondaryStrD1050,0.0,2,svm_rbf,550
_SecondaryStrD1001,0.0,2,svm_rbf,551
SW,0.0,2,svm_rbf,552
QM,0.0,2,svm_rbf,553
_NormalizedVDWVD1001,0.0,2,svm_rbf,554
NC,0.0,2,svm_rbf,555
QF,0.0,2,svm_rbf,556
NE,0.0,2,svm_rbf,557
NF,0.0,2,svm_rbf,558
NI,0.0,2,svm_rbf,559
AS,0.0,2,svm_rbf,560
AR,0.0,2,svm_rbf,561
AC,0.0,2,svm_rbf,562
NS,0.0,2,svm_rbf,563
NW,0.0,2,svm_rbf,564
_HydrophobicityD3050,0.0,2,svm_rbf,565
PC,0.0,2,svm_rbf,566
_HydrophobicityD2075,0.0,2,svm_rbf,567
_HydrophobicityD1050,0.0,2,svm_rbf,568
PP,0.0,2,svm_rbf,569
_NormalizedVDWVD2025,0.0,2,svm_rbf,570
_NormalizedVDWVD1050,0.0,2,svm_rbf,571
YY,0.0,2,svm_rbf,572
_ChargeC3,0.018729526310117834,3,random_forest,1
pI,0.016283410404111288,3,random_forest,2
P,0.01610959183830919,3,random_forest,3
_SecondaryStrC3,0.01395653860868975,3,random_forest,4
_ChargeT23,0.013790976558139625,3,random_forest,5
length,0.01328117066735856,3,random_forest,6
DF,0.011634218736924091,3,random_forest,7
E,0.010981222061603351,3,random_forest,8
_HydrophobicityT12,0.009905433297275152,3,random_forest,9
EY,0.009177367995877152,3,random_forest,10
PE,0.008814431477887292,3,random_forest,11
_HydrophobicityC3,0.008703266866238419,3,random_forest,12
K,0.007830296755395788,3,random_forest,13
_NormalizedVDWVC3,0.0070057691870940245,3,random_forest,14
instability,0.006955854361570704,3,random_forest,15
_SecondaryStrD1100,0.006835419590199097,3,random_forest,16
IP,0.006691967366566045,3,random_forest,17
_PolarizabilityT13,0.0065306684325500885,3,random_forest,18
_ChargeD2001,0.006237019258340425,3,random_forest,19
_ChargeT13,0.006185849280331881,3,random_forest,20
EE,0.005880342339171968,3,random_forest,21
_PolarizabilityC3,0.005717768253060104,3,random_forest,22
_SecondaryStrD3001,0.0057048532318005,3,random_forest,23
_ChargeC1,0.005500558867747359,3,random_forest,24
FE,0.005374843767933358,3,random_forest,25
_NormalizedVDWVD2001,0.005102784438939089,3,random_forest,26
GD,0.005015419186346039,3,random_forest,27
mw,0.004876584037886584,3,random_forest,28
_PolarityT23,0.004798031312921083,3,random_forest,29
_NormalizedVDWVC1,0.004478262676851127,3,random_forest,30
_PolarizabilityD2075,0.004216867357666714,3,random_forest,31
_NormalizedVDWVD1001,0.004211465637275283,3,random_forest,32
_PolarizabilityD1001,0.004057234400611647,3,random_forest,33
_PolarizabilityD2100,0.004046870674788293,3,random_forest,34
_SecondaryStrC1,0.004005060213225939,3,random_forest,35
D,0.003968594446546112,3,random_forest,36
_SecondaryStrD1075,0.0038718364111099846,3,random_forest,37
L,0.003781401028308583,3,random_forest,38
V,0.0037423427181141307,3,random_forest,39
_PolarizabilityD2001,0.0037190848144897436,3,random_forest,40
_PolarityC1,0.0036834264482947226,3,random_forest,41
M,0.0036031636517899128,3,random_forest,42
_SolventAccessibilityD1001,0.0034199901515345387,3,random_forest,43
_PolarizabilityD2025,0.003410055800346865,3,random_forest,44
_HydrophobicityD1100,0.0031654178625630815,3,random_forest,45
_SolventAccessibilityT23,0.003123887613750194,3,random_forest,46
DE,0.0029754047673225636,3,random_forest,47
_SolventAccessibilityC1,0.002967471432474969,3,random_forest,48
_PolarityT12,0.0028483751584351376,3,random_forest,49
_ChargeD3100,0.002647167945087968,3,random_forest,50
ED,0.002615793515331275,3,random_forest,51
PR,0.0026002653562449433,3,random_forest,52
_SolventAccessibilityD3050,0.002579997891225116,3,random_forest,53
_SolventAccessibilityD2075,0.0025434508807137836,3,random_forest,54
_PolarityD2001,0.0025157070829899763,3,random_forest,55
_ChargeD3025,0.0025103807108254467,3,random_forest,56
_HydrophobicityD1075,0.0024497712486019076,3,random_forest,57
_ChargeD3075,0.0024367871872191522,3,random_forest,58
_PolarizabilityD2050,0.00242364017426422,3,random_forest,59
_HydrophobicityD3100,0.0024124324845414984,3,random_forest,60
_ChargeC2,0.0023823366404382307,3,random_forest,61
_HydrophobicityD2001,0.002361284412777567,3,random_forest,62
_HydrophobicityT23,0.002309614938460122,3,random_forest,63
S,0.0023082097406765464,3,random_forest,64
_SecondaryStrT23,0.0021590636020809,3,random_forest,65
_HydrophobicityD3025,0.0021477000253863525,3,random_forest,66
_SecondaryStrD1001,0.0021190568002920603,3,random_forest,67
_PolarizabilityD3025,0.002113039997009074,3,random_forest,68
_ChargeT12,0.0020116487812161014,3,random_forest,69
_PolarityD3075,0.001997434644100699,3,random_forest,70
_NormalizedVDWVD2100,0.001978622488304051,3,random_forest,71
_PolarityD1100,0.0019518802454586645,3,random_forest,72
_NormalizedVDWVD3025,0.0019410352391650387,3,random_forest,73
_SecondaryStrC2,0.001928839055267826,3,random_forest,74
AP,0.0019139175844020172,3,random_forest,75
_NormalizedVDWVD2050,0.0018950451975684737,3,random_forest,76
aromaticity,0.0018804402769598784,3,random_forest,77
_PolarizabilityD1100,0.001874734326662474,3,random_forest,78
_PolarizabilityC2,0.0018654606433995192,3,random_forest,79
_ChargeD3050,0.001847573029144808,3,random_forest,80
_HydrophobicityC1,0.0018057529107481326,3,random_forest,81
F,0.001766790683309906,3,random_forest,82
_PolarizabilityD1025,0.0017223498416564312,3,random_forest,83
_SolventAccessibilityD2050,0.0017007137539023886,3,random_forest,84
T,0.001699521532086737,3,random_forest,85
_SolventAccessibilityD2100,0.0016836342472143135,3,random_forest,86
_PolarityD1075,0.001663241480525426,3,random_forest,87
_PolarityD2100,0.0016477939653280317,3,random_forest,88
_PolarizabilityD3100,0.0015938775492531907,3,random_forest,89
_ChargeD1050,0.0015917142615133164,3,random_forest,90
_HydrophobicityT13,0.00156928000223059,3,random_forest,91
_HydrophobicityD1001,0.001559708069585259,3,random_forest,92
EI,0.0015564937901625905,3,random_forest,93
_PolarityC3,0.001549375190523987,3,random_forest,94
_SolventAccessibilityC2,0.0014924007226044531,3,random_forest,95
_SolventAccessibilityD3100,0.0014831388084898295,3,random_forest,96
_SolventAccessibilityD3001,0.001469512719412077,3,random_forest,97
W,0.0014637340825520311,3,random_forest,98
_SolventAccessibilityD2001,0.0014485583102975574,3,random_forest,99
_SecondaryStrD2075,0.0014327870474491575,3,random_forest,100
_PolarityD3100,0.001418637099040468,3,random_forest,101
_HydrophobicityC2,0.0014172497085809977,3,random_forest,102
EL,0.0013857789441679253,3,random_forest,103
_SecondaryStrD3050,0.0013642472449307424,3,random_forest,104
_NormalizedVDWVC2,0.0013419812940313734,3,random_forest,105
G,0.0013314971426590782,3,random_forest,106
GG,0.0013308787540821031,3,random_forest,107
_ChargeD2025,0.0013166067142093576,3,random_forest,108
_ChargeD1075,0.0012999821349867686,3,random_forest,109
Q,0.0012853131402697318,3,random_forest,110
_ChargeD1001,0.0012682422609956035,3,random_forest,111
_HydrophobicityD3001,0.001264217085638291,3,random_forest,112
I,0.001247431600045504,3,random_forest,113
Y,0.0012311218330628205,3,random_forest,114
RP,0.001229007656587481,3,random_forest,115
GE,0.0012225429548388352,3,random_forest,116
_PolarityD1050,0.0012090966858345211,3,random_forest,117
_PolarityD1025,0.0012084299714084357,3,random_forest,118
_PolarityD3025,0.0012028265103462973,3,random_forest,119
_SecondaryStrD1025,0.0011747055083851197,3,random_forest,120
R,0.0011571111180620145,3,random_forest,121
_ChargeD1025,0.0011293848544504206,3,random_forest,122
_PolarizabilityD1075,0.0011234521330622032,3,random_forest,123
YL,0.0010880796022886986,3,random_forest,124
_SecondaryStrD1050,0.00108229633009393,3,random_forest,125
_SecondaryStrD3075,0.0010809347940497023,3,random_forest,126
_SolventAccessibilityD1100,0.0010705643880655799,3,random_forest,127
EG,0.0010679259133130337,3,random_forest,128
_HydrophobicityD3050,0.0010612412760009785,3,random_forest,129
_HydrophobicityD3075,0.001038017520275917,3,random_forest,130
_SolventAccessibilityT12,0.0010366336519107794,3,random_forest,131
_NormalizedVDWVD1100,0.0010344963545858407,3,random_forest,132
_ChargeD1100,0.0010330955021038799,3,random_forest,133
_PolarizabilityT23,0.0010239066724590331,3,random_forest,134
RG,0.0010174186593884793,3,random_forest,135
_NormalizedVDWVT13,0.001008390306335073,3,random_forest,136
_HydrophobicityD1050,0.000981778770269103,3,random_forest,137
_SolventAccessibilityD1075,0.0009742510275749223,3,random_forest,138
_PolarityD2050,0.0009739809120641364,3,random_forest,139
_ChargeD3001,0.0009722349777827157,3,random_forest,140
DD,0.0009640403259952331,3,random_forest,141
_SolventAccessibilityC3,0.0009621323441419454,3,random_forest,142
_PolarityC2,0.0009593673936993403,3,random_forest,143
_PolarizabilityT12,0.00095848695851851,3,random_forest,144
_PolarityD3001,0.0009437653640123548,3,random_forest,145
_SolventAccessibilityD3075,0.0009425443181622781,3,random_forest,146
VC,0.000912898247158472,3,random_forest,147
GN,0.0008958884926041141,3,random_forest,148
_NormalizedVDWVD2025,0.000880369951589287,3,random_forest,149
_SolventAccessibilityD2025,0.0008642660663149614,3,random_forest,150
_PolarityD1001,0.0008532910422225805,3,random_forest,151
_NormalizedVDWVD3050,0.0008507008067078476,3,random_forest,152
_NormalizedVDWVD1050,0.0008463031882481413,3,random_forest,153
_PolarizabilityD3001,0.0008432870132951127,3,random_forest,154
_NormalizedVDWVT23,0.0008388953727225426,3,random_forest,155
_NormalizedVDWVD1075,0.0008380186468920464,3,random_forest,156
_NormalizedVDWVT12,0.000832592346757369,3,random_forest,157
_HydrophobicityD2100,0.0008302295115117385,3,random_forest,158
_ChargeD2050,0.0008297716600020336,3,random_forest,159
_NormalizedVDWVD2075,0.0008168150003477556,3,random_forest,160
AE,0.0008144308218277957,3,random_forest,161
YE,0.0008063123540132388,3,random_forest,162
LE,0.0008026988914797284,3,random_forest,163
SG,0.0007766064967073352,3,random_forest,164
_HydrophobicityD2050,0.0007536842340344248,3,random_forest,165
_SolventAccessibilityD1025,0.00075045499280258,3,random_forest,166
_SolventAccessibilityD1050,0.0007487332550228332,3,random_forest,167
CL,0.0007439045942121987,3,random_forest,168
_NormalizedVDWVD1025,0.0007413346729903107,3,random_forest,169
_HydrophobicityD1025,0.0007368979884405044,3,random_forest,170
CE,0.0007320203092845578,3,random_forest,171
_SecondaryStrT13,0.0007282385386379212,3,random_forest,172
_SecondaryStrD3100,0.0007233450030671077,3,random_forest,173
TA,0.0007225715937574459,3,random_forest,174
PG,0.0007213883784839946,3,random_forest,175
_PolarizabilityD1050,0.0007175877706490408,3,random_forest,176
_PolarizabilityD3050,0.0007149470583895706,3,random_forest,177
A,0.0007016211568311071,3,random_forest,178
_NormalizedVDWVD3075,0.0006983093054162143,3,random_forest,179
_SolventAccessibilityD3025,0.0006950852464579596,3,random_forest,180
DN,0.0006932486512139142,3,random_forest,181
_SecondaryStrD3025,0.0006904560625352167,3,random_forest,182
_SecondaryStrT12,0.0006893623246872413,3,random_forest,183
_PolarityD2025,0.0006732834696947334,3,random_forest,184
_NormalizedVDWVD3001,0.0006620648125848683,3,random_forest,185
_PolarityD3050,0.0006601919101702564,3,random_forest,186
C,0.0006532720295239734,3,random_forest,187
_SolventAccessibilityT13,0.0006508714767002571,3,random_forest,188
_SecondaryStrD2100,0.0006453642105325155,3,random_forest,189
YP,0.000635358228826343,3,random_forest,190
_SecondaryStrD2001,0.0006168736677892158,3,random_forest,191
HE,0.0005913173462472045,3,random_forest,192
_NormalizedVDWVD3100,0.0005817026909712785,3,random_forest,193
_ChargeD2100,0.0005463338943906948,3,random_forest,194
KN,0.0005369298742006192,3,random_forest,195
LD,0.0005262316806099329,3,random_forest,196
_PolarityT13,0.000512146992346071,3,random_forest,197
_SecondaryStrD2050,0.0005116555204257992,3,random_forest,198
_PolarizabilityD3075,0.0005086213336577013,3,random_forest,199
_PolarizabilityC1,0.0004994070796948067,3,random_forest,200
_HydrophobicityD2075,0.000496655835218364,3,random_forest,201
_PolarityD2075,0.0004857892598822939,3,random_forest,202
LG,0.00047288728751310893,3,random_forest,203
_SecondaryStrD2025,0.0004665155213159492,3,random_forest,204
SD,0.0004605305150110514,3,random_forest,205
TC,0.0004532118071194524,3,random_forest,206
IY,0.0004443002185195868,3,random_forest,207
VD,0.0004377630617124747,3,random_forest,208
NV,0.00042883289009931736,3,random_forest,209
NG,0.00042472405437375574,3,random_forest,210
PP,0.00041841928869309266,3,random_forest,211
N,0.0004073161758998093,3,random_forest,212
CR,0.0003932140257355413,3,random_forest,213
ID,0.00038414986948337644,3,random_forest,214
GF,0.0003804934391087403,3,random_forest,215
VE,0.00037858642144121194,3,random_forest,216
YD,0.0003702744703244862,3,random_forest,217
RE,0.000367856811876901,3,random_forest,218
NE,0.0003634396768544469,3,random_forest,219
QG,0.00036280855891243863,3,random_forest,220
GP,0.0003592358117652708,3,random_forest,221
_HydrophobicityD2025,0.00034738171075834385,3,random_forest,222
RV,0.00034271599353592313,3,random_forest,223
DP,0.00033463244877752774,3,random_forest,224
FP,0.0003296136162509671,3,random_forest,225
VG,0.0003184184965909379,3,random_forest,226
_ChargeD2075,0.00031766657977483174,3,random_forest,227
LP,0.00031237007767439043,3,random_forest,228
PV,0.00030913410726428255,3,random_forest,229
AI,0.00030064843115469185,3,random_forest,230
TL,0.0002974333580943502,3,random_forest,231
YY,0.00029386123020400947,3,random_forest,232
FL,0.00028730698436716593,3,random_forest,233
CS,0.0002857921122370425,3,random_forest,234
GH,0.00028578574475792784,3,random_forest,235
AN,0.000285448462422643,3,random_forest,236
EA,0.0002844969503992405,3,random_forest,237
IE,0.00028320895536920634,3,random_forest,238
GC,0.0002812055453673408,3,random_forest,239
TD,0.00027969076912336485,3,random_forest,240
EP,0.00027956913330052076,3,random_forest,241
QS,0.0002729281090220407,3,random_forest,242
RA,0.0002717346339293745,3,random_forest,243
KC,0.00026737221101117613,3,random_forest,244
AC,0.00026121780262012857,3,random_forest,245
KP,0.0002603745980463885,3,random_forest,246
LA,0.0002591441771553343,3,random_forest,247
NF,0.0002557767997491136,3,random_forest,248
VR,0.0002553029057363196,3,random_forest,249
H,0.00025302916821539717,3,random_forest,250
PS,0.0002530274743302686,3,random_forest,251
DY,0.00025063068133117166,3,random_forest,252
GA,0.00024436652822605956,3,random_forest,253
ML,0.00024090355974730102,3,random_forest,254
TG,0.0002407108569964444,3,random_forest,255
LV,0.00023983192685551546,3,random_forest,256
CG,0.00023939531097716524,3,random_forest,257
AD,0.00023833144399245182,3,random_forest,258
LI,0.00023736041834424018,3,random_forest,259
AA,0.0002315210975652455,3,random_forest,260
AT,0.00023089258341683474,3,random_forest,261
QA,0.0002306176764703791,3,random_forest,262
KV,0.00021996506572840514,3,random_forest,263
LK,0.00021628691723095557,3,random_forest,264
CQ,0.00021582532997502436,3,random_forest,265
CK,0.0002081744679024749,3,random_forest,266
LC,0.00020652968564882773,3,random_forest,267
EC,0.00020604951651739448,3,random_forest,268
RF,0.000205581856356517,3,random_forest,269
KS,0.00020352890423854734,3,random_forest,270
HR,0.00020250817151094207,3,random_forest,271
EQ,0.00020103966717486182,3,random_forest,272
KL,0.00019571161541540012,3,random_forest,273
LT,0.0001920761228401506,3,random_forest,274
PD,0.00019188704050129824,3,random_forest,275
TK,0.00018953696039167008,3,random_forest,276
EF,0.0001889902637121666,3,random_forest,277
FA,0.00018749892827776436,3,random_forest,278
DA,0.00018492317074014455,3,random_forest,279
EV,0.0001840123032763314,3,random_forest,280
CP,0.0001789853495465994,3,random_forest,281
YG,0.00017505496544275431,3,random_forest,282
DG,0.00017453334448101296,3,random_forest,283
GQ,0.0001726108657378887,3,random_forest,284
QP,0.00016949149746773833,3,random_forest,285
SA,0.00016898510227077106,3,random_forest,286
NR,0.00016766055423924985,3,random_forest,287
IL,0.00016739938349742296,3,random_forest,288
RD,0.0001639588482984308,3,random_forest,289
SK,0.0001624023924127237,3,random_forest,290
CA,0.00016202617600260787,3,random_forest,291
PK,0.00015737505769352318,3,random_forest,292
SL,0.0001569176180064595,3,random_forest,293
LS,0.00015302892413042216,3,random_forest,294
ES,0.00015214627876204305,3,random_forest,295
SV,0.00015022887092384034,3,random_forest,296
VV,0.00015020763804196954,3,random_forest,297
EK,0.0001499467017615969,3,random_forest,298
EN,0.00014780712427623765,3,random_forest,299
DK,0.00014777957136923113,3,random_forest,300
FC,0.0001459527877698077,3,random_forest,301
IS,0.0001455434093738038,3,random_forest,302
VA,0.00014482941036038987,3,random_forest,303
DR,0.00014121955083881246,3,random_forest,304
GV,0.00014043786092432143,3,random_forest,305
ET,0.00013940744551429776,3,random_forest,306
DI,0.00013644129881034138,3,random_forest,307
GK,0.00013581097685661731,3,random_forest,308
AL,0.00013476074232802253,3,random_forest,309
FG,0.00013379785895652302,3,random_forest,310
SE,0.00013288814602522274,3,random_forest,311
NP,0.0001309362825638107,3,random_forest,312
DL,0.00012863278453576223,3,random_forest,313
TP,0.0001264906783335985,3,random_forest,314
LN,0.00012417280947654686,3,random_forest,315
TI,0.00012081820437102353,3,random_forest,316
HK,0.00011919324449575552,3,random_forest,317
LQ,0.00011863298916332888,3,random_forest,318
QE,0.00011696539972519583,3,random_forest,319
PQ,0.00011609289551971207,3,random_forest,320
LR,0.00011509370950380909,3,random_forest,321
SW,0.00011090325982825472,3,random_forest,322
TR,0.00010907595958434572,3,random_forest,323
TF,0.00010860751737090301,3,random_forest,324
TV,0.00010854762481695884,3,random_forest,325
FD,0.00010807904516740104,3,random_forest,326
NT,0.00010400710774864053,3,random_forest,327
KA,0.00010083946968737984,3,random_forest,328
NN,0.00010061653192902848,3,random_forest,329
YA,0.00010051400715334296,3,random_forest,330
KG,9.791279760088884e-05,3,random_forest,331
KK,9.665703507936302e-05,3,random_forest,332
SN,9.60355197217831e-05,3,random_forest,333
GS,9.388692381759384e-05,3,random_forest,334
QN,9.30905866940791e-05,3,random_forest,335
IA,9.116663409297973e-05,3,random_forest,336
VQ,8.856948568864181e-05,3,random_forest,337
FQ,8.813158987044805e-05,3,random_forest,338
EH,8.571233578329862e-05,3,random_forest,339
GI,8.436217162921781e-05,3,random_forest,340
LY,8.218246774206096e-05,3,random_forest,341
TS,8.204393182366767e-05,3,random_forest,342
CD,8.185059793530034e-05,3,random_forest,343
TY,7.88508368117856e-05,3,random_forest,344
PL,7.74795334155458e-05,3,random_forest,345
NL,7.491903779486237e-05,3,random_forest,346
AS,7.336410397201963e-05,3,random_forest,347
KI,7.277933514760473e-05,3,random_forest,348
HP,7.204904351538376e-05,3,random_forest,349
SC,7.144413985584018e-05,3,random_forest,350
AY,7.134330987926186e-05,3,random_forest,351
KT,7.109110244515799e-05,3,random_forest,352
FS,7.059474363670223e-05,3,random_forest,353
TE,7.056551151781035e-05,3,random_forest,354
KE,7.041295093886295e-05,3,random_forest,355
VL,7.032379941702006e-05,3,random_forest,356
VT,7.006116489507019e-05,3,random_forest,357
SP,6.908117418780972e-05,3,random_forest,358
NH,6.892172820111583e-05,3,random_forest,359
HG,6.840917171069834e-05,3,random_forest,360
KF,6.784411851832698e-05,3,random_forest,361
GT,6.685324500451374e-05,3,random_forest,362
ER,6.59952902367828e-05,3,random_forest,363
YT,6.520572821204193e-05,3,random_forest,364
QL,6.426797766127972e-05,3,random_forest,365
FT,6.406140619518106e-05,3,random_forest,366
LL,6.219663035735336e-05,3,random_forest,367
YI,6.170535412490286e-05,3,random_forest,368
RI,6.169908914989457e-05,3,random_forest,369
DH,6.169885642861865e-05,3,random_forest,370
WG,6.159870954757016e-05,3,random_forest,371
KH,6.127339306600496e-05,3,random_forest,372
FM,5.993927786847708e-05,3,random_forest,373
CF,5.9565074649531494e-05,3,random_forest,374
SF,5.913462834231949e-05,3,random_forest,375
PT,5.682918846932856e-05,3,random_forest,376
RR,5.673295262793787e-05,3,random_forest,377
RS,5.4610679862504354e-05,3,random_forest,378
PA,5.449244069886808e-05,3,random_forest,379
HL,5.390127977879467e-05,3,random_forest,380
SQ,5.358399738745784e-05,3,random_forest,381
LF,5.3269312223715646e-05,3,random_forest,382
QR,5.289384659082572e-05,3,random_forest,383
AF,5.2845751778136054e-05,3,random_forest,384
ND,5.266683003569558e-05,3,random_forest,385
PC,5.196739428568761e-05,3,random_forest,386
NI,5.0470698554188476e-05,3,random_forest,387
SI,4.9989293119648384e-05,3,random_forest,388
AG,4.8862640010212397e-05,3,random_forest,389
RK,4.8746229078748216e-05,3,random_forest,390
SR,4.623429355050627e-05,3,random_forest,391
AV,4.5835174491208115e-05,3,random_forest,392
IC,4.5418420193971196e-05,3,random_forest,393
WN,4.52744640018789e-05,3,random_forest,394
PF,4.511390802520768e-05,3,random_forest,395
FF,4.415492962222207e-05,3,random_forest,396
DS,4.4098770906202254e-05,3,random_forest,397
MH,4.4009276348325996e-05,3,random_forest,398
MA,4.3053464566970785e-05,3,random_forest,399
DC,4.2795734836112294e-05,3,random_forest,400
VI,4.2537083409089554e-05,3,random_forest,401
CV,4.2384917957783875e-05,3,random_forest,402
IQ,4.2173996372429866e-05,3,random_forest,403
CT,4.145545956835777e-05,3,random_forest,404
RT,4.054443731365801e-05,3,random_forest,405
VN,3.952579575576925e-05,3,random_forest,406
RL,3.857999729212094e-05,3,random_forest,407
WE,3.8331316900138024e-05,3,random_forest,408
QV,3.805636446759976e-05,3,random_forest,409
IN,3.759387546777887e-05,3,random_forest,410
GR,3.748595003501007e-05,3,random_forest,411
IT,3.6291353514810675e-05,3,random_forest,412
YR,3.609541411944165e-05,3,random_forest,413
AK,3.596290772148203e-05,3,random_forest,414
HW,3.554822387997735e-05,3,random_forest,415
QT,3.449240809003204e-05,3,random_forest,416
TM,3.388562604629139e-05,3,random_forest,417
WA,3.352105276106706e-05,3,random_forest,418
YC,3.22514085172324e-05,3,random_forest,419
ST,3.1716091399683895e-05,3,random_forest,420
VF,3.119217094383756e-05,3,random_forest,421
SS,3.10381191381721e-05,3,random_forest,422
DT,3.013872842961216e-05,3,random_forest,423
RQ,2.98113993505323e-05,3,random_forest,424
HN,2.9494301100271526e-05,3,random_forest,425
KD,2.9454733109826537e-05,3,random_forest,426
CN,2.7475495146842727e-05,3,random_forest,427
KR,2.7332753198151478e-05,3,random_forest,428
IR,2.710650128274011e-05,3,random_forest,429
PI,2.627096091490047e-05,3,random_forest,430
MN,2.6265229791471997e-05,3,random_forest,431
RN,2.5530454742886333e-05,3,random_forest,432
NC,2.5454884089412346e-05,3,random_forest,433
FW,2.4900869439867705e-05,3,random_forest,434
TH,2.4554117273586698e-05,3,random_forest,435
VK,2.30116571287168e-05,3,random_forest,436
RC,2.2727450047250193e-05,3,random_forest,437
AM,2.267044113639755e-05,3,random_forest,438
HD,2.1766038148712208e-05,3,random_forest,439
LW,1.9949897269795273e-05,3,random_forest,440
AR,1.9782049622696917e-05,3,random_forest,441
YS,1.8261908100368492e-05,3,random_forest,442
MT,1.7808677627880236e-05,3,random_forest,443
HA,1.5183948333313646e-05,3,random_forest,444
PM,1.4526853313152591e-05,3,random_forest,445
AH,1.4450785669184075e-05,3,random_forest,446
GY,1.4427980057268877e-05,3,random_forest,447
QY,1.4245188220851502e-05,3,random_forest,448
QK,1.3542733638713629e-05,3,random_forest,449
FK,1.2036274076082367e-05,3,random_forest,450
TT,1.1316466325833345e-05,3,random_forest,451
DQ,1.0729200806891709e-05,3,random_forest,452
GW,1.0630980969770165e-05,3,random_forest,453
EM,1.0203053452374277e-05,3,random_forest,454
DM,8.450062328679727e-06,3,random_forest,455
NK,8.334927970520477e-06,3,random_forest,456
DV,7.894042243903077e-06,3,random_forest,457
VY,7.311615193837726e-06,3,random_forest,458
MK,7.287001113801772e-06,3,random_forest,459
MV,6.823962784334703e-06,3,random_forest,460
WR,5.987570991414903e-06,3,random_forest,461
FY,4.06975172205335e-06,3,random_forest,462
NS,3.918408217256958e-06,3,random_forest,463
LM,3.222750519072553e-06,3,random_forest,464
HS,2.551031935528148e-06,3,random_forest,465
MD,1.8726931377954692e-19,3,random_forest,466
QI,9.187359261078373e-20,3,random_forest,467
HQ,9.041062971674625e-20,3,random_forest,468
FN,7.062085549052311e-20,3,random_forest,469
RY,6.497055999744579e-20,3,random_forest,470
WH,0.0,3,random_forest,471
YH,0.0,3,random_forest,472
GM,0.0,3,random_forest,473
FI,0.0,3,random_forest,474
FH,0.0,3,random_forest,475
YF,0.0,3,random_forest,476
VH,0.0,3,random_forest,477
EW,0.0,3,random_forest,478
YK,0.0,3,random_forest,479
WY,0.0,3,random_forest,480
YM,0.0,3,random_forest,481
YN,0.0,3,random_forest,482
YQ,0.0,3,random_forest,483
DW,0.0,3,random_forest,484
YV,0.0,3,random_forest,485
HC,0.0,3,random_forest,486
YW,0.0,3,random_forest,487
VM,0.0,3,random_forest,488
GL,0.0,3,random_forest,489
WW,0.0,3,random_forest,490
WI,0.0,3,random_forest,491
WF,0.0,3,random_forest,492
TW,0.0,3,random_forest,493
WK,0.0,3,random_forest,494
WD,0.0,3,random_forest,495
WC,0.0,3,random_forest,496
WL,0.0,3,random_forest,497
WM,0.0,3,random_forest,498
WP,0.0,3,random_forest,499
VW,0.0,3,random_forest,500
FR,0.0,3,random_forest,501
WQ,0.0,3,random_forest,502
WS,0.0,3,random_forest,503
FV,0.0,3,random_forest,504
VS,0.0,3,random_forest,505
WT,0.0,3,random_forest,506
WV,0.0,3,random_forest,507
VP,0.0,3,random_forest,508
NY,0.0,3,random_forest,509
SY,0.0,3,random_forest,510
CY,0.0,3,random_forest,511
QD,0.0,3,random_forest,512
AW,0.0,3,random_forest,513
ME,0.0,3,random_forest,514
QW,0.0,3,random_forest,515
MF,0.0,3,random_forest,516
MG,0.0,3,random_forest,517
MI,0.0,3,random_forest,518
QQ,0.0,3,random_forest,519
MM,0.0,3,random_forest,520
QM,0.0,3,random_forest,521
QH,0.0,3,random_forest,522
MP,0.0,3,random_forest,523
QF,0.0,3,random_forest,524
MQ,0.0,3,random_forest,525
QC,0.0,3,random_forest,526
HF,0.0,3,random_forest,527
MR,0.0,3,random_forest,528
PY,0.0,3,random_forest,529
PW,0.0,3,random_forest,530
MS,0.0,3,random_forest,531
CC,0.0,3,random_forest,532
MW,0.0,3,random_forest,533
MY,0.0,3,random_forest,534
PN,0.0,3,random_forest,535
NA,0.0,3,random_forest,536
PH,0.0,3,random_forest,537
CI,0.0,3,random_forest,538
NQ,0.0,3,random_forest,539
CH,0.0,3,random_forest,540
MC,0.0,3,random_forest,541
RH,0.0,3,random_forest,542
CM,0.0,3,random_forest,543
LH,0.0,3,random_forest,544
HH,0.0,3,random_forest,545
TQ,0.0,3,random_forest,546
HI,0.0,3,random_forest,547
TN,0.0,3,random_forest,548
HM,0.0,3,random_forest,549
HT,0.0,3,random_forest,550
HV,0.0,3,random_forest,551
HY,0.0,3,random_forest,552
NW,0.0,3,random_forest,553
CW,0.0,3,random_forest,554
IF,0.0,3,random_forest,555
IG,0.0,3,random_forest,556
IH,0.0,3,random_forest,557
II,0.0,3,random_forest,558
IK,0.0,3,random_forest,559
SM,0.0,3,random_forest,560
IM,0.0,3,random_forest,561
SH,0.0,3,random_forest,562
AQ,0.0,3,random_forest,563
IV,0.0,3,random_forest,564
IW,0.0,3,random_forest,565
KM,0.0,3,random_forest,566
RW,0.0,3,random_forest,567
KQ,0.0,3,random_forest,568
KW,0.0,3,random_forest,569
KY,0.0,3,random_forest,570
RM,0.0,3,random_forest,571
NM,0.0,3,random_forest,572
length,0.3454139518070675,4,logistic_regression,1
mw,0.3347741841587901,4,logistic_regression,2
CQ,0.3213869906891497,4,logistic_regression,3
PR,0.2607001003966396,4,logistic_regression,4
pI,0.24630548979712227,4,logistic_regression,5
LE,0.23276553665587552,4,logistic_regression,6
YD,0.2235826607901138,4,logistic_regression,7
_SecondaryStrC3,0.18907895178885326,4,logistic_regression,8
P,0.1800834205063817,4,logistic_regression,9
TG,0.17412593924102296,4,logistic_regression,10
EL,0.16777931837463858,4,logistic_regression,11
_SolventAccessibilityD3050,0.1630669692283048,4,logistic_regression,12
EY,0.15794863029215817,4,logistic_regression,13
_ChargeD3050,0.1517958531193584,4,logistic_regression,14
_HydrophobicityD3100,0.14090337754251864,4,logistic_regression,15
_SolventAccessibilityD1050,0.14035831253508665,4,logistic_regression,16
_ChargeT23,0.13990430223248984,4,logistic_regression,17
_SecondaryStrD2075,0.13866164725561214,4,logistic_regression,18
_ChargeD1075,0.13517327924876996,4,logistic_regression,19
_SecondaryStrC1,0.129130011824674,4,logistic_regression,20
_PolarityD1100,0.1284729091649713,4,logistic_regression,21
_PolarizabilityD2100,0.12564601606886294,4,logistic_regression,22
DF,0.12511299412702198,4,logistic_regression,23
_SecondaryStrT13,0.12409180315716412,4,logistic_regression,24
_ChargeD1025,0.12255231835535368,4,logistic_regression,25
E,0.12192432728437338,4,logistic_regression,26
_SecondaryStrD1075,0.12127724184661627,4,logistic_regression,27
_ChargeC3,0.12109103729790403,4,logistic_regression,28
_SolventAccessibilityD3075,0.11932566463783469,4,logistic_regression,29
YE,0.11915355886898048,4,logistic_regression,30
_PolarizabilityT13,0.11910767796669339,4,logistic_regression,31
_HydrophobicityC3,0.1181864124275014,4,logistic_regression,32
L,0.11780593129571074,4,logistic_regression,33
_HydrophobicityD3001,0.11771693603419137,4,logistic_regression,34
_SecondaryStrD1100,0.1165030030230099,4,logistic_regression,35
_PolarityD1075,0.11588678879673286,4,logistic_regression,36
_NormalizedVDWVD2001,0.11549704608513083,4,logistic_regression,37
FY,0.11266467858064282,4,logistic_regression,38
_SecondaryStrD3001,0.11197172898890262,4,logistic_regression,39
EV,0.11142588122157462,4,logistic_regression,40
_SolventAccessibilityD1100,0.1107777714363603,4,logistic_regression,41
G,0.10960736267593862,4,logistic_regression,42
MH,0.10904569429033512,4,logistic_regression,43
_HydrophobicityT12,0.10891938026924693,4,logistic_regression,44
_NormalizedVDWVC1,0.10757168094616029,4,logistic_regression,45
FE,0.10656088983545964,4,logistic_regression,46
_SecondaryStrD2050,0.10612222331713472,4,logistic_regression,47
DC,0.10417029584637591,4,logistic_regression,48
EG,0.10310963563886345,4,logistic_regression,49
_HydrophobicityD1050,0.10197301824283869,4,logistic_regression,50
_SolventAccessibilityD2050,0.10197301824283869,4,logistic_regression,51
_HydrophobicityD3075,0.10041892954504342,4,logistic_regression,52
I,0.09806087646751063,4,logistic_regression,53
LP,0.09739464278755434,4,logistic_regression,54
IA,0.09575055140838394,4,logistic_regression,55
_SolventAccessibilityD3025,0.09495011346906565,4,logistic_regression,56
LD,0.09310307634806424,4,logistic_regression,57
DN,0.09261412170321712,4,logistic_regression,58
GP,0.09229094230346797,4,logistic_regression,59
SV,0.09090010001670673,4,logistic_regression,60
H,0.08931489567319362,4,logistic_regression,61
GQ,0.08811128215088529,4,logistic_regression,62
AP,0.08736809087343105,4,logistic_regression,63
IP,0.08688331429287453,4,logistic_regression,64
LY,0.08664249749302674,4,logistic_regression,65
DD,0.08664130889902755,4,logistic_regression,66
LF,0.08629731607425642,4,logistic_regression,67
NP,0.0859044194251304,4,logistic_regression,68
NI,0.08477648327037539,4,logistic_regression,69
EE,0.084341360669046,4,logistic_regression,70
_SecondaryStrD3025,0.0840813156196537,4,logistic_regression,71
KA,0.08345965387338855,4,logistic_regression,72
C,0.08324335881442883,4,logistic_regression,73
K,0.08312254372177136,4,logistic_regression,74
AI,0.08259210617891291,4,logistic_regression,75
LG,0.08237728668391921,4,logistic_regression,76
_NormalizedVDWVC3,0.08204494360881118,4,logistic_regression,77
_PolarizabilityC3,0.08204494360881118,4,logistic_regression,78
AE,0.08110479465372178,4,logistic_regression,79
F,0.08009381507661882,4,logistic_regression,80
PE,0.08006280505938085,4,logistic_regression,81
LR,0.08004862832610878,4,logistic_regression,82
T,0.0793354115974819,4,logistic_regression,83
_SolventAccessibilityD3100,0.07908602501838534,4,logistic_regression,84
PL,0.07891072155094399,4,logistic_regression,85
W,0.0781978172117214,4,logistic_regression,86
DR,0.07793146454455208,4,logistic_regression,87
_ChargeD1050,0.07787146434891425,4,logistic_regression,88
_PolarizabilityD2025,0.07732556012457208,4,logistic_regression,89
_PolarityC1,0.07688835643692403,4,logistic_regression,90
NA,0.07571659788911754,4,logistic_regression,91
IL,0.07566606968011783,4,logistic_regression,92
TK,0.07524133706468664,4,logistic_regression,93
RE,0.07495513185310913,4,logistic_regression,94
FL,0.07489953478630113,4,logistic_regression,95
AQ,0.07479237201482279,4,logistic_regression,96
_PolarizabilityC2,0.07476956602752256,4,logistic_regression,97
LV,0.07464498545802813,4,logistic_regression,98
_PolarityD2050,0.07453123462743946,4,logistic_regression,99
KS,0.0744343614539359,4,logistic_regression,100
VR,0.07422641415792644,4,logistic_regression,101
AY,0.07408999583456925,4,logistic_regression,102
_NormalizedVDWVD1001,0.07358865238409443,4,logistic_regression,103
MG,0.07309442725067158,4,logistic_regression,104
_NormalizedVDWVD3100,0.07260299459758947,4,logistic_regression,105
_PolarizabilityD3100,0.07260299459758947,4,logistic_regression,106
PP,0.07238896605251305,4,logistic_regression,107
ST,0.07213779371110102,4,logistic_regression,108
_HydrophobicityT23,0.07209894451064945,4,logistic_regression,109
AH,0.07206970314206741,4,logistic_regression,110
_PolarityD3050,0.07181206213227012,4,logistic_regression,111
instability,0.07176750343359814,4,logistic_regression,112
_ChargeT12,0.06996626629501254,4,logistic_regression,113
FP,0.06966028525536143,4,logistic_regression,114
M,0.06953722518242322,4,logistic_regression,115
_PolarizabilityD2075,0.06875954578823533,4,logistic_regression,116
_ChargeC1,0.06864486218489574,4,logistic_regression,117
CL,0.06829244724143291,4,logistic_regression,118
_PolarizabilityD1100,0.06791072067799084,4,logistic_regression,119
GA,0.06761631231081494,4,logistic_regression,120
EI,0.06755137777342095,4,logistic_regression,121
SI,0.06754908702638128,4,logistic_regression,122
LK,0.06749135699496436,4,logistic_regression,123
_HydrophobicityD3050,0.06683472579317629,4,logistic_regression,124
_ChargeT13,0.0666323924963361,4,logistic_regression,125
RH,0.06646949307111366,4,logistic_regression,126
TI,0.06537792873563918,4,logistic_regression,127
GD,0.06517496632307129,4,logistic_regression,128
KF,0.06495728521489036,4,logistic_regression,129
_PolarizabilityD2050,0.06449690540666105,4,logistic_regression,130
_ChargeD3075,0.06388984933095294,4,logistic_regression,131
_PolarityD2001,0.0637553016317603,4,logistic_regression,132
FG,0.06338007154074753,4,logistic_regression,133
IQ,0.06315770689106863,4,logistic_regression,134
SE,0.06265909887360187,4,logistic_regression,135
LW,0.06216761698241942,4,logistic_regression,136
_SolventAccessibilityC1,0.061572999479149494,4,logistic_regression,137
MS,0.061569772449347616,4,logistic_regression,138
QG,0.060872634473662715,4,logistic_regression,139
HH,0.06058481710385061,4,logistic_regression,140
_ChargeD3001,0.06023014901079884,4,logistic_regression,141
_HydrophobicityD3025,0.05967989649234823,4,logistic_regression,142
DM,0.05966833772215011,4,logistic_regression,143
PG,0.05954153347760663,4,logistic_regression,144
TR,0.05951956752999472,4,logistic_regression,145
SG,0.05865954264610734,4,logistic_regression,146
KC,0.05811395029627963,4,logistic_regression,147
_PolarityD1050,0.057861264480452465,4,logistic_regression,148
GF,0.05719584880691673,4,logistic_regression,149
_SolventAccessibilityC2,0.05667789600716848,4,logistic_regression,150
_HydrophobicityC1,0.05667789600716848,4,logistic_regression,151
_HydrophobicityD2001,0.056390946295877174,4,logistic_regression,152
PC,0.05612711854443339,4,logistic_regression,153
N,0.05591756659195938,4,logistic_regression,154
YV,0.05573298279659432,4,logistic_regression,155
_HydrophobicityD1001,0.05567020937395456,4,logistic_regression,156
_SolventAccessibilityD2001,0.05567020937395456,4,logistic_regression,157
_ChargeD2050,0.054775016718400966,4,logistic_regression,158
LI,0.05463948788195749,4,logistic_regression,159
DI,0.05441813748131732,4,logistic_regression,160
_HydrophobicityC2,0.054301735518407133,4,logistic_regression,161
LT,0.0534196401697357,4,logistic_regression,162
WQ,0.05331864195492497,4,logistic_regression,163
NL,0.05292338937595979,4,logistic_regression,164
_PolarizabilityT12,0.052875055702085866,4,logistic_regression,165
KL,0.05268584072031361,4,logistic_regression,166
YG,0.052645206475471246,4,logistic_regression,167
VI,0.05246659529663107,4,logistic_regression,168
_ChargeC2,0.05194283445103519,4,logistic_regression,169
SY,0.051640387087770315,4,logistic_regression,170
AL,0.05047984800063258,4,logistic_regression,171
VQ,0.05039965284837989,4,logistic_regression,172
_PolarityT23,0.050064661469260245,4,logistic_regression,173
YF,0.04974744962411048,4,logistic_regression,174
AA,0.049714431442313876,4,logistic_regression,175
KN,0.049470637016917306,4,logistic_regression,176
MI,0.04917901085714314,4,logistic_regression,177
GM,0.049077782344628146,4,logistic_regression,178
HD,0.04871488757321543,4,logistic_regression,179
NH,0.048017619515106136,4,logistic_regression,180
ES,0.04775887628440577,4,logistic_regression,181
_SecondaryStrC2,0.04746073777388843,4,logistic_regression,182
IK,0.04698155583794792,4,logistic_regression,183
VP,0.04623787387382089,4,logistic_regression,184
_PolarityD3075,0.04601958097250414,4,logistic_regression,185
_SolventAccessibilityT12,0.045758802191662645,4,logistic_regression,186
WG,0.04549181780863676,4,logistic_regression,187
ID,0.04534602560575861,4,logistic_regression,188
_HydrophobicityD2100,0.0450513927444099,4,logistic_regression,189
YA,0.044850124012370686,4,logistic_regression,190
FC,0.043889815984193545,4,logistic_regression,191
GT,0.04370384014066369,4,logistic_regression,192
ED,0.04343719805962612,4,logistic_regression,193
S,0.043223850214150324,4,logistic_regression,194
_PolarityD3001,0.04309315000798035,4,logistic_regression,195
DH,0.04299237997165286,4,logistic_regression,196
_NormalizedVDWVD1100,0.04293449648437206,4,logistic_regression,197
_SecondaryStrD3075,0.042879560363009626,4,logistic_regression,198
SW,0.04259774344490868,4,logistic_regression,199
DP,0.04223835525889317,4,logistic_regression,200
SD,0.04203054557796825,4,logistic_regression,201
AS,0.041920952644723224,4,logistic_regression,202
NR,0.04188637154375313,4,logistic_regression,203
VY,0.04186650716026675,4,logistic_regression,204
HL,0.04174834875336929,4,logistic_regression,205
RD,0.04126352067380053,4,logistic_regression,206
HI,0.04108429479057068,4,logistic_regression,207
LL,0.04107487095846191,4,logistic_regression,208
PH,0.04090922076971744,4,logistic_regression,209
_PolarizabilityT23,0.040560927735368395,4,logistic_regression,210
CE,0.04048521009094828,4,logistic_regression,211
VK,0.04042093518090516,4,logistic_regression,212
LS,0.040185897562944134,4,logistic_regression,213
TS,0.04017811349210643,4,logistic_regression,214
NG,0.03996318954834152,4,logistic_regression,215
_NormalizedVDWVC2,0.039731030892967936,4,logistic_regression,216
CC,0.0394727500930092,4,logistic_regression,217
TD,0.03945675625591047,4,logistic_regression,218
_PolarityC2,0.039315019447328396,4,logistic_regression,219
NC,0.039063581294500625,4,logistic_regression,220
_HydrophobicityT13,0.03903079522168693,4,logistic_regression,221
TL,0.038903174383594086,4,logistic_regression,222
SF,0.03878161771752535,4,logistic_regression,223
_SecondaryStrD1050,0.03852084799917533,4,logistic_regression,224
SL,0.03851387567192786,4,logistic_regression,225
RS,0.038493221107730576,4,logistic_regression,226
MA,0.038383707348438004,4,logistic_regression,227
_PolarityC3,0.03782702427181016,4,logistic_regression,228
_PolarizabilityD1050,0.037564063057943554,4,logistic_regression,229
YW,0.037439740481381704,4,logistic_regression,230
_NormalizedVDWVD2075,0.03742492740356853,4,logistic_regression,231
_NormalizedVDWVD1075,0.03733881392323155,4,logistic_regression,232
NE,0.0371647886379358,4,logistic_regression,233
KK,0.03707339676986612,4,logistic_regression,234
_ChargeD1001,0.03703634225330043,4,logistic_regression,235
_PolarizabilityD2001,0.036467439535442236,4,logistic_regression,236
IT,0.03591521976016723,4,logistic_regression,237
VF,0.03580089748753766,4,logistic_regression,238
RF,0.035149192784256655,4,logistic_regression,239
_HydrophobicityD1075,0.03509151684287376,4,logistic_regression,240
_SolventAccessibilityD2075,0.03509151684287376,4,logistic_regression,241
IG,0.03498807936508952,4,logistic_regression,242
LN,0.03469652625895765,4,logistic_regression,243
QH,0.03464848556546575,4,logistic_regression,244
PV,0.03405668367212598,4,logistic_regression,245
PN,0.03398547101673433,4,logistic_regression,246
_NormalizedVDWVT23,0.03382523976532041,4,logistic_regression,247
Q,0.03381866067638529,4,logistic_regression,248
GI,0.03372863813000793,4,logistic_regression,249
_NormalizedVDWVT12,0.03371190858258064,4,logistic_regression,250
RM,0.03364961556821262,4,logistic_regression,251
_SecondaryStrD2025,0.033417552797898153,4,logistic_regression,252
RR,0.0331737580180933,4,logistic_regression,253
NS,0.03315456328474431,4,logistic_regression,254
YP,0.033130802331753605,4,logistic_regression,255
LA,0.03291887058434691,4,logistic_regression,256
HP,0.032835344860182136,4,logistic_regression,257
AM,0.03282147847523978,4,logistic_regression,258
WI,0.032788782270972844,4,logistic_regression,259
GE,0.03260691358494111,4,logistic_regression,260
DK,0.03257532327819348,4,logistic_regression,261
_NormalizedVDWVT13,0.03246211694053872,4,logistic_regression,262
IS,0.032390061109783444,4,logistic_regression,263
SA,0.03233689186376623,4,logistic_regression,264
GS,0.0322106769453943,4,logistic_regression,265
FF,0.032035258231217896,4,logistic_regression,266
NQ,0.031988634375108925,4,logistic_regression,267
AT,0.031984631986150966,4,logistic_regression,268
_PolarityT12,0.031959691784325256,4,logistic_regression,269
MR,0.03122920341311324,4,logistic_regression,270
_ChargeD3025,0.030942918054083966,4,logistic_regression,271
GG,0.03080863946742799,4,logistic_regression,272
DQ,0.030741415839168906,4,logistic_regression,273
_SecondaryStrD2001,0.03025402290568533,4,logistic_regression,274
RG,0.030233623161901865,4,logistic_regression,275
V,0.03023296954186952,4,logistic_regression,276
MV,0.03017500181099313,4,logistic_regression,277
_ChargeD2075,0.029703532449938952,4,logistic_regression,278
VS,0.029502948736232,4,logistic_regression,279
ND,0.029294441221695885,4,logistic_regression,280
SQ,0.029084103531029176,4,logistic_regression,281
AC,0.029014688804224056,4,logistic_regression,282
GC,0.029002256183228683,4,logistic_regression,283
FH,0.028927195462721014,4,logistic_regression,284
NY,0.028648208045125374,4,logistic_regression,285
A,0.028634184348583284,4,logistic_regression,286
KT,0.028610906835182054,4,logistic_regression,287
PK,0.028610314144653717,4,logistic_regression,288
DA,0.0284603538595534,4,logistic_regression,289
II,0.028358710106233257,4,logistic_regression,290
IM,0.027968761770856852,4,logistic_regression,291
KM,0.02795902567208629,4,logistic_regression,292
_PolarityD1001,0.02793164600253044,4,logistic_regression,293
VE,0.02714363965468131,4,logistic_regression,294
_SolventAccessibilityD1075,0.02713025557360156,4,logistic_regression,295
TA,0.02703302218796296,4,logistic_regression,296
CT,0.026993782806924087,4,logistic_regression,297
CK,0.026883929291220392,4,logistic_regression,298
GK,0.02674723612439081,4,logistic_regression,299
KD,0.026564788839147827,4,logistic_regression,300
_SecondaryStrD3100,0.026356399728215466,4,logistic_regression,301
_NormalizedVDWVD3050,0.02616119202463169,4,logistic_regression,302
_PolarizabilityD3050,0.02616119202463169,4,logistic_regression,303
KY,0.025977061667416253,4,logistic_regression,304
GH,0.025971186213962306,4,logistic_regression,305
VC,0.025954988554907635,4,logistic_regression,306
EW,0.025640549798637165,4,logistic_regression,307
IF,0.025508818864866126,4,logistic_regression,308
LH,0.025486801586565994,4,logistic_regression,309
_SolventAccessibilityT23,0.025410130030422726,4,logistic_regression,310
DG,0.02501989409818843,4,logistic_regression,311
RA,0.02496617620753681,4,logistic_regression,312
YT,0.024956859533528705,4,logistic_regression,313
TC,0.02487613127562842,4,logistic_regression,314
VN,0.024837668365612093,4,logistic_regression,315
KG,0.024750520272412452,4,logistic_regression,316
TH,0.024661101941673688,4,logistic_regression,317
GW,0.024421506036122517,4,logistic_regression,318
CH,0.02404307825574189,4,logistic_regression,319
FV,0.023871959875218608,4,logistic_regression,320
_ChargeD1100,0.02375978917495269,4,logistic_regression,321
EQ,0.023745352416785676,4,logistic_regression,322
RK,0.023589541814360303,4,logistic_regression,323
IV,0.02349480345878189,4,logistic_regression,324
SN,0.023443309469202214,4,logistic_regression,325
TY,0.023282766614185046,4,logistic_regression,326
ML,0.02320536902082999,4,logistic_regression,327
KR,0.023071531013718408,4,logistic_regression,328
SK,0.02305077371673571,4,logistic_regression,329
VM,0.022954874449879113,4,logistic_regression,330
_PolarityD2075,0.022578805341766008,4,logistic_regression,331
CI,0.022461083517635504,4,logistic_regression,332
RP,0.022376835110209443,4,logistic_regression,333
PF,0.022060032560846512,4,logistic_regression,334
DV,0.02197040199114838,4,logistic_regression,335
KV,0.021724264566183416,4,logistic_regression,336
FI,0.02158998484229304,4,logistic_regression,337
WY,0.021585824245428067,4,logistic_regression,338
IN,0.02156155797479002,4,logistic_regression,339
_SecondaryStrD3050,0.021522248912531735,4,logistic_regression,340
AK,0.02145509169596141,4,logistic_regression,341
SP,0.021433064640314886,4,logistic_regression,342
FK,0.021420462694913857,4,logistic_regression,343
QT,0.021391719783827697,4,logistic_regression,344
_HydrophobicityD2025,0.021328762898663367,4,logistic_regression,345
ET,0.021128322297813293,4,logistic_regression,346
MT,0.02100329727043323,4,logistic_regression,347
SS,0.020645217241536448,4,logistic_regression,348
PD,0.02034109826883964,4,logistic_regression,349
EC,0.020225291266238777,4,logistic_regression,350
PM,0.020191641000590378,4,logistic_regression,351
ER,0.020071478495983012,4,logistic_regression,352
HY,0.020066514873529003,4,logistic_regression,353
TQ,0.01993027179254396,4,logistic_regression,354
AR,0.01992676285227009,4,logistic_regression,355
VA,0.01991448204943669,4,logistic_regression,356
SH,0.019817832048387555,4,logistic_regression,357
QL,0.01979273537686033,4,logistic_regression,358
LC,0.019550538861227266,4,logistic_regression,359
AF,0.019518192040708728,4,logistic_regression,360
YI,0.01950547366226107,4,logistic_regression,361
_NormalizedVDWVD3025,0.018874772610029174,4,logistic_regression,362
_PolarizabilityD3025,0.018874772610029174,4,logistic_regression,363
CD,0.01860427670516845,4,logistic_regression,364
_SolventAccessibilityD1025,0.018580714202546277,4,logistic_regression,365
_ChargeD2001,0.018488800517273116,4,logistic_regression,366
WT,0.018325238338599587,4,logistic_regression,367
WA,0.018284990355851526,4,logistic_regression,368
SM,0.018192893470194326,4,logistic_regression,369
SR,0.018008859213363603,4,logistic_regression,370
TN,0.01789866674825152,4,logistic_regression,371
_NormalizedVDWVD3001,0.017812319333964686,4,logistic_regression,372
_PolarizabilityD3001,0.017812319333964686,4,logistic_regression,373
HM,0.017641640907732133,4,logistic_regression,374
RW,0.017637484334635786,4,logistic_regression,375
AG,0.017619003274228474,4,logistic_regression,376
_PolarityT13,0.017591006031627464,4,logistic_regression,377
PT,0.017420208506967176,4,logistic_regression,378
IR,0.01670586240956458,4,logistic_regression,379
_NormalizedVDWVD1025,0.016419835694232436,4,logistic_regression,380
FT,0.016327966208553975,4,logistic_regression,381
DE,0.01620798392706705,4,logistic_regression,382
aromaticity,0.01609588245896035,4,logistic_regression,383
HR,0.015915649053287503,4,logistic_regression,384
EP,0.015760841007324004,4,logistic_regression,385
TV,0.01572045072191617,4,logistic_regression,386
DS,0.01570120239198011,4,logistic_regression,387
KQ,0.015543804547914182,4,logistic_regression,388
_ChargeD2025,0.015107580411920053,4,logistic_regression,389
_SolventAccessibilityD1001,0.014990467522365412,4,logistic_regression,390
_NormalizedVDWVD1050,0.014984240924976395,4,logistic_regression,391
RT,0.014955061611163325,4,logistic_regression,392
KW,0.01482072592470173,4,logistic_regression,393
MQ,0.014752824894090537,4,logistic_regression,394
QR,0.014643047498465202,4,logistic_regression,395
HE,0.014577268539676442,4,logistic_regression,396
FS,0.01441989903130954,4,logistic_regression,397
QD,0.014404377532172143,4,logistic_regression,398
DY,0.013971601498702886,4,logistic_regression,399
YL,0.01393047818200575,4,logistic_regression,400
PQ,0.013875851612092038,4,logistic_regression,401
FA,0.01387192279547232,4,logistic_regression,402
QY,0.013703778483498782,4,logistic_regression,403
HC,0.013680602029973753,4,logistic_regression,404
_SecondaryStrD2100,0.01365481612523048,4,logistic_regression,405
_PolarizabilityD1001,0.013476820301249892,4,logistic_regression,406
LM,0.013292313452767943,4,logistic_regression,407
HT,0.013161126801800904,4,logistic_regression,408
QP,0.013160665727198389,4,logistic_regression,409
RY,0.013142491603494837,4,logistic_regression,410
IW,0.012839872010971134,4,logistic_regression,411
TF,0.012276845101689875,4,logistic_regression,412
RV,0.01224290732157131,4,logistic_regression,413
PS,0.011755908137278417,4,logistic_regression,414
_NormalizedVDWVD2100,0.011556584446673955,4,logistic_regression,415
WF,0.01152648979996399,4,logistic_regression,416
FR,0.011432302867931834,4,logistic_regression,417
QA,0.011357288843244249,4,logistic_regression,418
VG,0.011268149099964214,4,logistic_regression,419
_PolarityD3100,0.011201450514203409,4,logistic_regression,420
MD,0.011052553164460037,4,logistic_regression,421
CM,0.01099900659411272,4,logistic_regression,422
HK,0.010833055896911753,4,logistic_regression,423
IE,0.010775893861375601,4,logistic_regression,424
MY,0.010699196420744097,4,logistic_regression,425
FQ,0.010604007622984569,4,logistic_regression,426
_PolarityD1025,0.0102651439962404,4,logistic_regression,427
_PolarizabilityD3075,0.010259386738153053,4,logistic_regression,428
_NormalizedVDWVD3075,0.010259386738153053,4,logistic_regression,429
WC,0.009956614886022166,4,logistic_regression,430
TW,0.009933105047930138,4,logistic_regression,431
EN,0.009852876750493296,4,logistic_regression,432
YH,0.009625675922376816,4,logistic_regression,433
HA,0.009609609202628292,4,logistic_regression,434
WP,0.009555513548442012,4,logistic_regression,435
QI,0.009524005779483544,4,logistic_regression,436
FW,0.009496983936694207,4,logistic_regression,437
_SolventAccessibilityC3,0.009494767070315402,4,logistic_regression,438
_HydrophobicityD1025,0.009449642621702115,4,logistic_regression,439
_SolventAccessibilityD2025,0.009449642621702115,4,logistic_regression,440
TM,0.009426371701477532,4,logistic_regression,441
_PolarizabilityD1025,0.00933089687697921,4,logistic_regression,442
KI,0.009319084202559917,4,logistic_regression,443
R,0.009262285457103258,4,logistic_regression,444
_PolarizabilityD1075,0.009179482423216713,4,logistic_regression,445
_SolventAccessibilityD2100,0.009098900519462263,4,logistic_regression,446
_HydrophobicityD1100,0.009098900519462263,4,logistic_regression,447
_SolventAccessibilityT13,0.008978367416857954,4,logistic_regression,448
GN,0.008856783613420533,4,logistic_regression,449
VV,0.008814057961946122,4,logistic_regression,450
YM,0.008683013137903864,4,logistic_regression,451
KE,0.008635936672757727,4,logistic_regression,452
QE,0.008482962962099536,4,logistic_regression,453
NN,0.008394162627832614,4,logistic_regression,454
IC,0.008384108866640354,4,logistic_regression,455
VT,0.00838388717376354,4,logistic_regression,456
_PolarityD3025,0.008377594188556294,4,logistic_regression,457
YR,0.008260289943401337,4,logistic_regression,458
_NormalizedVDWVD2025,0.00802101450163051,4,logistic_regression,459
HG,0.00786747642198236,4,logistic_regression,460
NT,0.007789132209726263,4,logistic_regression,461
IH,0.007774212055380248,4,logistic_regression,462
CN,0.0076848863145497345,4,logistic_regression,463
Y,0.007672112022743045,4,logistic_regression,464
AW,0.007485208056238828,4,logistic_regression,465
_SecondaryStrD1025,0.007404549230233298,4,logistic_regression,466
_ChargeD2100,0.00734627421860382,4,logistic_regression,467
MF,0.007310438334927362,4,logistic_regression,468
_SecondaryStrT23,0.007280208205850952,4,logistic_regression,469
LQ,0.007243270653277397,4,logistic_regression,470
WD,0.00708976863849891,4,logistic_regression,471
EA,0.006924021895364536,4,logistic_regression,472
EF,0.006832137957219209,4,logistic_regression,473
QN,0.0067641985611071745,4,logistic_regression,474
FM,0.006560040386993708,4,logistic_regression,475
EM,0.006336293150270325,4,logistic_regression,476
MC,0.006329087014300161,4,logistic_regression,477
YN,0.006292435901440117,4,logistic_regression,478
_SecondaryStrT12,0.00628645054260804,4,logistic_regression,479
HN,0.00590640645098377,4,logistic_regression,480
DW,0.0057991363429199935,4,logistic_regression,481
YY,0.005781390101519151,4,logistic_regression,482
RC,0.005770837276875751,4,logistic_regression,483
MP,0.005602481477909863,4,logistic_regression,484
WV,0.005435859244182977,4,logistic_regression,485
CG,0.005370786115676449,4,logistic_regression,486
VD,0.005348318442567992,4,logistic_regression,487
WE,0.0053134050232653855,4,logistic_regression,488
VL,0.005295531508748985,4,logistic_regression,489
WL,0.005240945737176459,4,logistic_regression,490
EK,0.005082740631422122,4,logistic_regression,491
CY,0.005051497493042119,4,logistic_regression,492
D,0.005035344974520631,4,logistic_regression,493
GY,0.005015871402145616,4,logistic_regression,494
VW,0.004765450984436199,4,logistic_regression,495
SC,0.004692533551865492,4,logistic_regression,496
AN,0.004687146581538849,4,logistic_regression,497
PA,0.004657105454532562,4,logistic_regression,498
CS,0.004654658627946692,4,logistic_regression,499
RI,0.004505213423348567,4,logistic_regression,500
WK,0.004430633594992837,4,logistic_regression,501
NW,0.004330299831143799,4,logistic_regression,502
CA,0.004320875128352505,4,logistic_regression,503
PY,0.004258255526476211,4,logistic_regression,504
_PolarizabilityC1,0.0041515231402585884,4,logistic_regression,505
IY,0.004136300128918051,4,logistic_regression,506
KP,0.004104534466141201,4,logistic_regression,507
FN,0.004007616650240804,4,logistic_regression,508
NF,0.003910536577171993,4,logistic_regression,509
AV,0.0037567350410414547,4,logistic_regression,510
HV,0.003729400968903723,4,logistic_regression,511
QK,0.003721390970760999,4,logistic_regression,512
TT,0.003686880300206936,4,logistic_regression,513
WS,0.003662730079225696,4,logistic_regression,514
GV,0.0035371712651225597,4,logistic_regression,515
PI,0.003502290110827814,4,logistic_regression,516
WN,0.0033904573300348726,4,logistic_regression,517
RL,0.003385032922171924,4,logistic_regression,518
KH,0.003302930523442335,4,logistic_regression,519
EH,0.0032751596082916724,4,logistic_regression,520
GL,0.0029544634361348245,4,logistic_regression,521
_HydrophobicityD2050,0.0027758686562168707,4,logistic_regression,522
TP,0.002683622640636084,4,logistic_regression,523
MK,0.002446853018573264,4,logistic_regression,524
_SecondaryStrD1001,0.002431210272676614,4,logistic_regression,525
_PolarityD2100,0.002398561288952836,4,logistic_regression,526
QS,0.002380725564391569,4,logistic_regression,527
AD,0.002358996035911254,4,logistic_regression,528
YC,0.0023207255285326027,4,logistic_regression,529
DT,0.0022847050134681933,4,logistic_regression,530
HQ,0.0022537903262989344,4,logistic_regression,531
_ChargeD3100,0.0022176622377493,4,logistic_regression,532
MN,0.0020700810143109163,4,logistic_regression,533
CR,0.002060525375373621,4,logistic_regression,534
QC,0.002055086177547609,4,logistic_regression,535
FD,0.0018487649531904954,4,logistic_regression,536
QQ,0.0018308798109730917,4,logistic_regression,537
NV,0.0018205466356775752,4,logistic_regression,538
VH,0.0017975490698426708,4,logistic_regression,539
CP,0.0017366623543104561,4,logistic_regression,540
QW,0.0017286470133933906,4,logistic_regression,541
QF,0.0017196178533938858,4,logistic_regression,542
NM,0.0015648338358255167,4,logistic_regression,543
RN,0.0015346738207925813,4,logistic_regression,544
_SolventAccessibilityD3001,0.0014454936222603398,4,logistic_regression,545
_PolarityD2025,0.0014019177471798153,4,logistic_regression,546
DL,0.0013279176768597896,4,logistic_regression,547
QV,0.001098909592744871,4,logistic_regression,548
QM,0.0010858732435459289,4,logistic_regression,549
WR,0.001082038023776468,4,logistic_regression,550
CV,0.0010411252703630177,4,logistic_regression,551
_HydrophobicityD2075,0.0009821440236901873,4,logistic_regression,552
YK,0.0008228393102151207,4,logistic_regression,553
MM,0.0008121842866844365,4,logistic_regression,554
_NormalizedVDWVD2050,0.0007573324760812345,4,logistic_regression,555
GR,0.0006775520519727216,4,logistic_regression,556
HS,0.00048328026175835864,4,logistic_regression,557
YQ,0.00046007465326061134,4,logistic_regression,558
CF,0.0004260295301831737,4,logistic_regression,559
NK,0.0003825272903567405,4,logistic_regression,560
ME,0.00038147473349646764,4,logistic_regression,561
RQ,0.00034985089486275857,4,logistic_regression,562
YS,0.0002968544855705079,4,logistic_regression,563
TE,9.796267693281515e-05,4,logistic_regression,564
HF,5.832842892462137e-05,4,logistic_regression,565
HW,1.786697174066869e-05,4,logistic_regression,566
PW,4.166886246624033e-18,4,logistic_regression,567
WM,3.3712173753176267e-18,4,logistic_regression,568
WW,0.0,4,logistic_regression,569
WH,0.0,4,logistic_regression,570
CW,0.0,4,logistic_regression,571
MW,0.0,4,logistic_regression,572
EE,5485981725943.928,5,svm_rbf,1
_SecondaryStrD3050,5485981725943.928,5,svm_rbf,2
FY,507516626061.64453,5,svm_rbf,3
KM,507516626061.6445,5,svm_rbf,4
SF,152779773237.591,5,svm_rbf,5
FS,152779773237.58896,5,svm_rbf,6
NS,0.010048474387925435,5,svm_rbf,7
_SecondaryStrD2075,0.008068761316392663,5,svm_rbf,8
DD,0.007765157910085683,5,svm_rbf,9
T,0.006526142845021779,5,svm_rbf,10
_SecondaryStrD2001,0.006295970051040568,5,svm_rbf,11
_PolarityD3100,0.004752011743959677,5,svm_rbf,12
mw,0.0044373147686695424,5,svm_rbf,13
_SecondaryStrT13,0.0044085453332024195,5,svm_rbf,14
_PolarityC2,0.00412870977503795,5,svm_rbf,15
_SolventAccessibilityD3075,0.004074971641210039,5,svm_rbf,16
_HydrophobicityD2001,0.004057542906108926,5,svm_rbf,17
_PolarityT23,0.003803301253301998,5,svm_rbf,18
FN,0.0036356229059518203,5,svm_rbf,19
IH,0.003468626815708931,5,svm_rbf,20
IQ,0.0034221536755275834,5,svm_rbf,21
LM,0.00338017408524497,5,svm_rbf,22
FV,0.003317330554150133,5,svm_rbf,23
_PolarizabilityD1100,0.00315924683965602,5,svm_rbf,24
D,0.002893028735914873,5,svm_rbf,25
_PolarizabilityT13,0.002890157658406719,5,svm_rbf,26
_PolarizabilityD3100,0.0028171159254175965,5,svm_rbf,27
AF,0.0025745037288056162,5,svm_rbf,28
length,0.0024137966341911156,5,svm_rbf,29
_ChargeD2001,0.0023291769267233396,5,svm_rbf,30
_HydrophobicityD2100,0.002214173893095957,5,svm_rbf,31
_PolarityD3075,0.002081170370446565,5,svm_rbf,32
F,0.0020216105082296455,5,svm_rbf,33
_PolarizabilityD1050,0.002003068965587636,5,svm_rbf,34
MA,0.0019773533549989073,5,svm_rbf,35
_NormalizedVDWVC2,0.001972304187395573,5,svm_rbf,36
GD,0.0019682490948765784,5,svm_rbf,37
_NormalizedVDWVT12,0.0019374392348785751,5,svm_rbf,38
PG,0.0019140909109537816,5,svm_rbf,39
_SolventAccessibilityC3,0.0018988725406236283,5,svm_rbf,40
PC,0.001880500715512098,5,svm_rbf,41
SG,0.0017932763022034154,5,svm_rbf,42
EV,0.0017716209763685715,5,svm_rbf,43
_HydrophobicityD3100,0.0017635032410112791,5,svm_rbf,44
RS,0.0017137297486957605,5,svm_rbf,45
AP,0.001640810923405678,5,svm_rbf,46
AS,0.0016006006934290605,5,svm_rbf,47
YD,0.0015990746584270833,5,svm_rbf,48
EQ,0.0015833236295634062,5,svm_rbf,49
FT,0.0015797527305309437,5,svm_rbf,50
_SecondaryStrC3,0.0015667969467840247,5,svm_rbf,51
_HydrophobicityC2,0.001516605293402374,5,svm_rbf,52
FH,0.0014849436218565815,5,svm_rbf,53
_ChargeT13,0.001481146479059277,5,svm_rbf,54
_PolarityC1,0.0014373728897396243,5,svm_rbf,55
_PolarityD2050,0.0014181596741347192,5,svm_rbf,56
SV,0.0013482988627232613,5,svm_rbf,57
QW,0.0013470169453546133,5,svm_rbf,58
QK,0.0013429530797149734,5,svm_rbf,59
SS,0.0013344711434819093,5,svm_rbf,60
PM,0.001317203706673843,5,svm_rbf,61
QN,0.001312101626276816,5,svm_rbf,62
CF,0.0012986703014816236,5,svm_rbf,63
CQ,0.0012948666774719056,5,svm_rbf,64
G,0.001263585958054909,5,svm_rbf,65
LE,0.001242629897089806,5,svm_rbf,66
YN,0.0011964835934578837,5,svm_rbf,67
pI,0.001162154714831849,5,svm_rbf,68
RR,0.001157973073972872,5,svm_rbf,69
YA,0.0011144578357165386,5,svm_rbf,70
NA,0.0011008084571899738,5,svm_rbf,71
ND,0.0010987375777418774,5,svm_rbf,72
_PolarizabilityD2100,0.0010907345947261584,5,svm_rbf,73
VP,0.001038322362151147,5,svm_rbf,74
_PolarizabilityD1025,0.001031849556825862,5,svm_rbf,75
_NormalizedVDWVD2100,0.0010275554855130376,5,svm_rbf,76
P,0.001013393538444385,5,svm_rbf,77
_PolarizabilityT12,0.000984083866340834,5,svm_rbf,78
CK,0.0009447075520481646,5,svm_rbf,79
NN,0.00094417604498051,5,svm_rbf,80
AR,0.0009440593198563661,5,svm_rbf,81
L,0.0008760060195740105,5,svm_rbf,82
_NormalizedVDWVD3001,0.0008700749221419837,5,svm_rbf,83
PI,0.0008549678041612698,5,svm_rbf,84
VL,0.0008391187467610027,5,svm_rbf,85
_NormalizedVDWVD3025,0.0008328499686176183,5,svm_rbf,86
KS,0.000827601066314965,5,svm_rbf,87
TF,0.0007987909590690602,5,svm_rbf,88
LR,0.0007726992694338445,5,svm_rbf,89
LH,0.0007604637493243117,5,svm_rbf,90
RL,0.0007588516206363441,5,svm_rbf,91
_NormalizedVDWVC3,0.0007576880074382572,5,svm_rbf,92
_ChargeD2050,0.0007571818278920399,5,svm_rbf,93
WQ,0.0007563624809923728,5,svm_rbf,94
FC,0.0007448857312743319,5,svm_rbf,95
FE,0.0007384609322643245,5,svm_rbf,96
TE,0.0007365056815191834,5,svm_rbf,97
KA,0.0007273010843712838,5,svm_rbf,98
_HydrophobicityT13,0.0006966308835788957,5,svm_rbf,99
WV,0.0006846767488373122,5,svm_rbf,100
SW,0.0006776345111605517,5,svm_rbf,101
YR,0.0006746106427725174,5,svm_rbf,102
AI,0.0006707758141467054,5,svm_rbf,103
_PolarizabilityC3,0.0006661515271092354,5,svm_rbf,104
YG,0.0006359581188110102,5,svm_rbf,105
PA,0.0006303942426858067,5,svm_rbf,106
_HydrophobicityD1001,0.000623204604461057,5,svm_rbf,107
MN,0.0006214095471874194,5,svm_rbf,108
FA,0.0006150683082284509,5,svm_rbf,109
_ChargeT12,0.0006115260353014445,5,svm_rbf,110
EM,0.00060887145469539,5,svm_rbf,111
_PolarityD3001,0.0006003245882518718,5,svm_rbf,112
_NormalizedVDWVD1075,0.0006000394569879743,5,svm_rbf,113
_PolarityD1075,0.0005916074148046439,5,svm_rbf,114
KE,0.000584582964090556,5,svm_rbf,115
WI,0.0005786458231247063,5,svm_rbf,116
GL,0.0005694047818631889,5,svm_rbf,117
V,0.0005693735303189883,5,svm_rbf,118
VY,0.0005681378262007243,5,svm_rbf,119
AT,0.0005670139272041711,5,svm_rbf,120
CL,0.0005617077046310262,5,svm_rbf,121
IP,0.0005550759564007103,5,svm_rbf,122
PL,0.0005512496634197797,5,svm_rbf,123
GS,0.0005454471665727267,5,svm_rbf,124
EW,0.0005413172573001091,5,svm_rbf,125
AL,0.0005381410863708101,5,svm_rbf,126
_HydrophobicityD3075,0.0005272401525109695,5,svm_rbf,127
ML,0.0005213888425168235,5,svm_rbf,128
EC,0.0005178636225671956,5,svm_rbf,129
_SecondaryStrD3001,0.0005173798910340133,5,svm_rbf,130
_PolarizabilityD2075,0.0005144681833199952,5,svm_rbf,131
CA,0.0005060480698130597,5,svm_rbf,132
_SecondaryStrD1050,0.0004939138178033114,5,svm_rbf,133
AA,0.0004887500828386848,5,svm_rbf,134
VN,0.0004867036438774561,5,svm_rbf,135
PP,0.0004851927889479822,5,svm_rbf,136
TW,0.00048320695948644415,5,svm_rbf,137
CC,0.00048080433521391396,5,svm_rbf,138
PK,0.00048001489233581994,5,svm_rbf,139
ER,0.00047353989287342546,5,svm_rbf,140
_PolarizabilityD3050,0.00046611278445449813,5,svm_rbf,141
LK,0.00045859492275743605,5,svm_rbf,142
TS,0.0004403364150928094,5,svm_rbf,143
_NormalizedVDWVT13,0.00043925000188744747,5,svm_rbf,144
A,0.00043870746489615796,5,svm_rbf,145
_SecondaryStrC1,0.0004320615975905129,5,svm_rbf,146
MG,0.0004235000952390998,5,svm_rbf,147
RF,0.00041866727900367456,5,svm_rbf,148
TY,0.0004164617828503946,5,svm_rbf,149
I,0.000409955766566597,5,svm_rbf,150
VD,0.00039746237483189047,5,svm_rbf,151
LD,0.0003960242246595687,5,svm_rbf,152
_SecondaryStrD2050,0.0003959181399824257,5,svm_rbf,153
_ChargeD1100,0.00039519831947162063,5,svm_rbf,154
_SecondaryStrD3025,0.00038378929713173555,5,svm_rbf,155
_SecondaryStrD2025,0.0003697539369891512,5,svm_rbf,156
YH,0.00036852048587530164,5,svm_rbf,157
VT,0.00036278843805083894,5,svm_rbf,158
_SolventAccessibilityT23,0.00036205082877193416,5,svm_rbf,159
W,0.000354441495527531,5,svm_rbf,160
RY,0.0003540505099899653,5,svm_rbf,161
WE,0.00034962201339987405,5,svm_rbf,162
EY,0.00034229084491872556,5,svm_rbf,163
NL,0.00033484615070587977,5,svm_rbf,164
C,0.0003285037874628692,5,svm_rbf,165
NC,0.00032777167927756234,5,svm_rbf,166
QI,0.00032694355828934775,5,svm_rbf,167
_SecondaryStrD1075,0.0003265208733451654,5,svm_rbf,168
_HydrophobicityD2050,0.0003216034473342634,5,svm_rbf,169
SK,0.00031721856901243176,5,svm_rbf,170
_ChargeD3075,0.00031685260849258586,5,svm_rbf,171
IM,0.0003155270268513576,5,svm_rbf,172
H,0.00031314339337108505,5,svm_rbf,173
_NormalizedVDWVD1025,0.0003117120264076366,5,svm_rbf,174
LW,0.0003106811394154251,5,svm_rbf,175
HY,0.0003104896025975447,5,svm_rbf,176
LF,0.0003085343902483144,5,svm_rbf,177
CR,0.0003053878252895742,5,svm_rbf,178
_ChargeD1025,0.00030328818284604394,5,svm_rbf,179
GE,0.00030096054954807005,5,svm_rbf,180
II,0.0002968610449327154,5,svm_rbf,181
NG,0.00029679204483548335,5,svm_rbf,182
VV,0.00029499491143090273,5,svm_rbf,183
_SolventAccessibilityD2075,0.000294061877956042,5,svm_rbf,184
RG,0.0002934031436543298,5,svm_rbf,185
SD,0.0002891976213726192,5,svm_rbf,186
YP,0.0002888206971192315,5,svm_rbf,187
QM,0.0002876627958052566,5,svm_rbf,188
CT,0.0002873454339733453,5,svm_rbf,189
EG,0.0002871403782319684,5,svm_rbf,190
_ChargeD3025,0.00028501383520075174,5,svm_rbf,191
_SolventAccessibilityC1,0.0002827611806872994,5,svm_rbf,192
IK,0.000281571188544574,5,svm_rbf,193
WP,0.00027849867672772834,5,svm_rbf,194
DL,0.0002769529786015325,5,svm_rbf,195
SY,0.0002728611327220166,5,svm_rbf,196
LN,0.00027208125240687613,5,svm_rbf,197
RK,0.00027148039569585585,5,svm_rbf,198
VK,0.0002697970623503615,5,svm_rbf,199
NK,0.00026849635717363725,5,svm_rbf,200
HS,0.0002671120088095048,5,svm_rbf,201
DF,0.0002663564169848535,5,svm_rbf,202
LY,0.000263782968580036,5,svm_rbf,203
_PolarizabilityD2001,0.0002595918772030055,5,svm_rbf,204
VG,0.0002586016334298999,5,svm_rbf,205
NI,0.00025780130589084466,5,svm_rbf,206
FF,0.00025745828366019387,5,svm_rbf,207
AV,0.0002509535751559448,5,svm_rbf,208
_HydrophobicityC3,0.00025052289082391055,5,svm_rbf,209
GI,0.00024885615944622195,5,svm_rbf,210
MQ,0.0002470335297714639,5,svm_rbf,211
NP,0.0002449395590460998,5,svm_rbf,212
FP,0.000244729803317583,5,svm_rbf,213
DT,0.00024391334527751755,5,svm_rbf,214
QP,0.00024328051412904057,5,svm_rbf,215
PN,0.00024325391999017022,5,svm_rbf,216
S,0.00024086171700422098,5,svm_rbf,217
_PolarizabilityD1001,0.000240769118820259,5,svm_rbf,218
NV,0.00023993471999690186,5,svm_rbf,219
FL,0.000235819629151509,5,svm_rbf,220
E,0.00023571618151248375,5,svm_rbf,221
HE,0.0002351834588451571,5,svm_rbf,222
_SolventAccessibilityD1025,0.00023504244220698168,5,svm_rbf,223
_NormalizedVDWVD2025,0.00023423558870169135,5,svm_rbf,224
LS,0.00023335748086012384,5,svm_rbf,225
_HydrophobicityD3025,0.00022983896325472298,5,svm_rbf,226
RQ,0.0002280192154371927,5,svm_rbf,227
AQ,0.00022502904726745058,5,svm_rbf,228
RP,0.00022276458334766547,5,svm_rbf,229
DE,0.00022227926534318363,5,svm_rbf,230
DC,0.0002208376438217053,5,svm_rbf,231
KT,0.000220528749063247,5,svm_rbf,232
_HydrophobicityD2075,0.0002172166868452071,5,svm_rbf,233
CP,0.00021445174040024575,5,svm_rbf,234
IG,0.00021411351012640015,5,svm_rbf,235
CM,0.00021297435455039986,5,svm_rbf,236
MS,0.00021253145819775002,5,svm_rbf,237
YV,0.0002103570026046311,5,svm_rbf,238
_ChargeD1001,0.00020643757940796043,5,svm_rbf,239
_HydrophobicityD3050,0.000203127902585487,5,svm_rbf,240
TD,0.00020032907227098093,5,svm_rbf,241
TM,0.00019971186466246607,5,svm_rbf,242
GG,0.00019824109630585388,5,svm_rbf,243
AY,0.00019706356977299718,5,svm_rbf,244
GT,0.00019566970849467958,5,svm_rbf,245
PV,0.0001924923611646736,5,svm_rbf,246
_HydrophobicityD2025,0.00019208743364388804,5,svm_rbf,247
GP,0.0001918242322351109,5,svm_rbf,248
_SolventAccessibilityD1001,0.00018959851581401593,5,svm_rbf,249
NE,0.00018787948609480054,5,svm_rbf,250
KR,0.00018773060565604902,5,svm_rbf,251
VR,0.00018494251002718198,5,svm_rbf,252
_ChargeD3050,0.0001848514821660617,5,svm_rbf,253
_NormalizedVDWVD3050,0.0001828186986656188,5,svm_rbf,254
_SolventAccessibilityD3050,0.00018215318052881092,5,svm_rbf,255
DS,0.00018161941570190063,5,svm_rbf,256
PF,0.00018046345595760022,5,svm_rbf,257
ID,0.00017980096661704192,5,svm_rbf,258
TA,0.0001790955800099146,5,svm_rbf,259
PE,0.00017870501241522293,5,svm_rbf,260
WN,0.00017731819055360242,5,svm_rbf,261
AN,0.00017631968678349743,5,svm_rbf,262
SP,0.00017596562299743726,5,svm_rbf,263
KH,0.000175815656944509,5,svm_rbf,264
TV,0.00017522361211474722,5,svm_rbf,265
QD,0.00017510715983350082,5,svm_rbf,266
PR,0.0001750092243728174,5,svm_rbf,267
_HydrophobicityD1025,0.00017368690297266627,5,svm_rbf,268
_SecondaryStrD2100,0.0001701533958164317,5,svm_rbf,269
AH,0.00016918687743920684,5,svm_rbf,270
FQ,0.0001685567600175706,5,svm_rbf,271
_HydrophobicityT12,0.0001677024171012382,5,svm_rbf,272
GF,0.00016699491497364812,5,svm_rbf,273
HV,0.00016301378903880325,5,svm_rbf,274
_PolarityD3025,0.00016118947867184484,5,svm_rbf,275
AE,0.00016111262812106247,5,svm_rbf,276
_PolarizabilityD3025,0.00015965578661061044,5,svm_rbf,277
IV,0.0001596445435554306,5,svm_rbf,278
_HydrophobicityD1050,0.00015530953273252808,5,svm_rbf,279
RA,0.000148496668098195,5,svm_rbf,280
RE,0.00014802273127293266,5,svm_rbf,281
EI,0.00014674050516564087,5,svm_rbf,282
MR,0.00014465885435140422,5,svm_rbf,283
_ChargeC1,0.00014121158430389447,5,svm_rbf,284
IR,0.00013976420365270688,5,svm_rbf,285
GC,0.00013966189162256616,5,svm_rbf,286
_SolventAccessibilityC2,0.0001379662795495314,5,svm_rbf,287
MV,0.00013385972193642094,5,svm_rbf,288
LL,0.00013375128136671767,5,svm_rbf,289
_PolarityD1025,0.0001317170170313745,5,svm_rbf,290
K,0.0001315270562719944,5,svm_rbf,291
_HydrophobicityD3001,0.00012932280891956435,5,svm_rbf,292
ME,0.00012713535355867085,5,svm_rbf,293
VC,0.00012642682378831202,5,svm_rbf,294
_PolarizabilityD1075,0.00012526763979220856,5,svm_rbf,295
CN,0.0001245179891658107,5,svm_rbf,296
_HydrophobicityC1,0.00012152857685684742,5,svm_rbf,297
instability,0.00012145544572161574,5,svm_rbf,298
IL,0.00012088149559232056,5,svm_rbf,299
GY,0.00012076322290981437,5,svm_rbf,300
ES,0.00012073263693779975,5,svm_rbf,301
MI,0.0001204127877338632,5,svm_rbf,302
YT,0.00011940401504394441,5,svm_rbf,303
FD,0.00011934855404037045,5,svm_rbf,304
_HydrophobicityD1100,0.00011901058982915668,5,svm_rbf,305
TG,0.0001185726619509144,5,svm_rbf,306
KF,0.00011836094602778694,5,svm_rbf,307
TN,0.00011802770970697227,5,svm_rbf,308
QR,0.00011764650257438706,5,svm_rbf,309
IA,0.00011651246136465217,5,svm_rbf,310
NM,0.00011571033560798575,5,svm_rbf,311
KG,0.00011569550156893822,5,svm_rbf,312
SN,0.00011455661017654825,5,svm_rbf,313
KY,0.00011435926957397445,5,svm_rbf,314
_SolventAccessibilityD2001,0.00011243338713594824,5,svm_rbf,315
_SolventAccessibilityD3100,0.00011224055222969552,5,svm_rbf,316
_PolarizabilityD3001,0.00011157052673938989,5,svm_rbf,317
_SecondaryStrD1100,0.00011121730448134041,5,svm_rbf,318
GA,0.00011114995868575096,5,svm_rbf,319
_HydrophobicityD1075,0.0001108923865031946,5,svm_rbf,320
DI,0.00010989532015624653,5,svm_rbf,321
SQ,0.00010904397604545719,5,svm_rbf,322
NQ,0.00010838313311625762,5,svm_rbf,323
LP,0.00010713777199807788,5,svm_rbf,324
_SolventAccessibilityD1075,0.0001051185548207682,5,svm_rbf,325
DQ,0.00010442331071340402,5,svm_rbf,326
_NormalizedVDWVD1001,0.00010420796153592862,5,svm_rbf,327
YE,0.00010157808974360421,5,svm_rbf,328
HM,0.0001009088368407167,5,svm_rbf,329
M,0.00010054784348283634,5,svm_rbf,330
_SecondaryStrD3100,0.00010042856136054722,5,svm_rbf,331
_NormalizedVDWVD3075,9.972064975372771e-05,5,svm_rbf,332
KK,9.878355750325591e-05,5,svm_rbf,333
GQ,9.829359178496522e-05,5,svm_rbf,334
FW,9.753442681406412e-05,5,svm_rbf,335
VH,9.657087806697412e-05,5,svm_rbf,336
PQ,9.583939021046442e-05,5,svm_rbf,337
IN,9.573977473337306e-05,5,svm_rbf,338
RV,9.455805603492419e-05,5,svm_rbf,339
_ChargeC2,9.39684085191587e-05,5,svm_rbf,340
_SolventAccessibilityT13,9.278494218123587e-05,5,svm_rbf,341
KD,9.196476916577528e-05,5,svm_rbf,342
DG,9.154065672348226e-05,5,svm_rbf,343
EK,9.015781786851682e-05,5,svm_rbf,344
DM,9.011763452286808e-05,5,svm_rbf,345
WG,8.962079494876166e-05,5,svm_rbf,346
QV,8.904534464360112e-05,5,svm_rbf,347
_PolarizabilityT23,8.883148598554809e-05,5,svm_rbf,348
GV,8.855740532350489e-05,5,svm_rbf,349
KP,8.8441253340783e-05,5,svm_rbf,350
TK,8.76562878609918e-05,5,svm_rbf,351
CH,8.522743440438042e-05,5,svm_rbf,352
RT,8.518474920874534e-05,5,svm_rbf,353
PS,8.391484071143647e-05,5,svm_rbf,354
ED,8.308864988330405e-05,5,svm_rbf,355
_NormalizedVDWVD1050,8.215515352072775e-05,5,svm_rbf,356
_HydrophobicityT23,8.162592053457097e-05,5,svm_rbf,357
_SolventAccessibilityD3025,8.11130485536714e-05,5,svm_rbf,358
_PolarizabilityC2,7.897944353801196e-05,5,svm_rbf,359
RI,7.889608747649936e-05,5,svm_rbf,360
_PolarityD2001,7.85956037155346e-05,5,svm_rbf,361
_ChargeT23,7.750459047163881e-05,5,svm_rbf,362
DW,7.730361981621615e-05,5,svm_rbf,363
YW,7.378388397214774e-05,5,svm_rbf,364
_SecondaryStrD3075,7.269702719222932e-05,5,svm_rbf,365
KL,7.244050879111681e-05,5,svm_rbf,366
YF,7.175417109107688e-05,5,svm_rbf,367
SH,7.169276536287349e-05,5,svm_rbf,368
ET,7.04634297417355e-05,5,svm_rbf,369
HN,7.034858505667921e-05,5,svm_rbf,370
_SolventAccessibilityD1100,7.020395468933283e-05,5,svm_rbf,371
_NormalizedVDWVD2001,6.945772954997364e-05,5,svm_rbf,372
AM,6.85117504520666e-05,5,svm_rbf,373
_PolarityD2100,6.798569121322798e-05,5,svm_rbf,374
_ChargeD1075,6.644133287870172e-05,5,svm_rbf,375
KI,6.626638486937332e-05,5,svm_rbf,376
_PolarityD2025,6.392279795608866e-05,5,svm_rbf,377
_PolarizabilityC1,6.265948092153061e-05,5,svm_rbf,378
GR,6.197741724119025e-05,5,svm_rbf,379
_SolventAccessibilityD2100,6.174366294969153e-05,5,svm_rbf,380
WL,6.10482954545974e-05,5,svm_rbf,381
GN,6.0463039931061245e-05,5,svm_rbf,382
TC,5.950480400349817e-05,5,svm_rbf,383
VA,5.8939646699720683e-05,5,svm_rbf,384
_ChargeD2075,5.5007535098140294e-05,5,svm_rbf,385
QH,5.493165358925307e-05,5,svm_rbf,386
GW,5.378180705098684e-05,5,svm_rbf,387
SI,5.366137072797096e-05,5,svm_rbf,388
FK,5.281679497536968e-05,5,svm_rbf,389
IS,5.240928748360304e-05,5,svm_rbf,390
_SecondaryStrC2,5.2346453292495855e-05,5,svm_rbf,391
HD,5.224658850723231e-05,5,svm_rbf,392
IW,5.159375410159068e-05,5,svm_rbf,393
GH,5.086012127043817e-05,5,svm_rbf,394
YQ,5.038386896128122e-05,5,svm_rbf,395
RC,4.9446683468125744e-05,5,svm_rbf,396
_SecondaryStrT12,4.917269983620358e-05,5,svm_rbf,397
SC,4.722516909762216e-05,5,svm_rbf,398
EF,4.6657466371013366e-05,5,svm_rbf,399
_PolarityD3050,4.5928287803390784e-05,5,svm_rbf,400
LA,4.377773723858946e-05,5,svm_rbf,401
DV,4.289503507169565e-05,5,svm_rbf,402
YY,4.195564758671232e-05,5,svm_rbf,403
Q,4.110730202814284e-05,5,svm_rbf,404
CG,4.105867470775839e-05,5,svm_rbf,405
TP,3.8454055399301955e-05,5,svm_rbf,406
_ChargeC3,3.6127009009380564e-05,5,svm_rbf,407
_NormalizedVDWVD2050,3.603866003820969e-05,5,svm_rbf,408
_SecondaryStrD1001,3.600715754358223e-05,5,svm_rbf,409
NY,3.5983574911096856e-05,5,svm_rbf,410
_NormalizedVDWVC1,3.5603797320379524e-05,5,svm_rbf,411
EP,3.3595512052719764e-05,5,svm_rbf,412
LV,3.043993651964193e-05,5,svm_rbf,413
_SolventAccessibilityD2025,3.0416876715752135e-05,5,svm_rbf,414
_NormalizedVDWVD2075,2.8763566219709068e-05,5,svm_rbf,415
_NormalizedVDWVT23,2.6630880851064768e-05,5,svm_rbf,416
DK,2.6545203713007062e-05,5,svm_rbf,417
_NormalizedVDWVD3100,2.626023376672725e-05,5,svm_rbf,418
_NormalizedVDWVD1100,2.5394458403658122e-05,5,svm_rbf,419
TT,2.1749628032397132e-05,5,svm_rbf,420
FI,2.1688343925103633e-05,5,svm_rbf,421
TR,2.1494977102469462e-05,5,svm_rbf,422
LI,2.0369306605465898e-05,5,svm_rbf,423
_PolarizabilityD2025,2.0320664374819304e-05,5,svm_rbf,424
YK,1.9045545417490138e-05,5,svm_rbf,425
KN,1.7800405742565108e-05,5,svm_rbf,426
TL,1.7062843930358854e-05,5,svm_rbf,427
YL,1.633350962635825e-05,5,svm_rbf,428
PW,1.2518259879361641e-05,5,svm_rbf,429
_PolarityD2075,1.1326192929136706e-05,5,svm_rbf,430
KQ,1.0652437807030113e-05,5,svm_rbf,431
LQ,1.0457479419565922e-05,5,svm_rbf,432
IE,9.887611163502834e-06,5,svm_rbf,433
VQ,9.02104866592871e-06,5,svm_rbf,434
IT,7.2458193894823235e-06,5,svm_rbf,435
FG,7.008110921938853e-06,5,svm_rbf,436
DY,6.599254877925215e-06,5,svm_rbf,437
SM,6.253676430252434e-06,5,svm_rbf,438
AC,4.388313979785871e-06,5,svm_rbf,439
QS,4.143830508465436e-06,5,svm_rbf,440
PD,6.653274389074831e-07,5,svm_rbf,441
AD,4.3211054459753917e-07,5,svm_rbf,442
VI,2.3107389704242965e-07,5,svm_rbf,443
_PolarityD1001,0.0,5,svm_rbf,444
YS,0.0,5,svm_rbf,445
TH,0.0,5,svm_rbf,446
TI,0.0,5,svm_rbf,447
VE,0.0,5,svm_rbf,448
aromaticity,0.0,5,svm_rbf,449
_ChargeD3001,0.0,5,svm_rbf,450
_ChargeD3100,0.0,5,svm_rbf,451
N,0.0,5,svm_rbf,452
R,0.0,5,svm_rbf,453
TQ,0.0,5,svm_rbf,454
_ChargeD2100,0.0,5,svm_rbf,455
_PolarityD1100,0.0,5,svm_rbf,456
_PolarityD1050,0.0,5,svm_rbf,457
VF,0.0,5,svm_rbf,458
_SolventAccessibilityT12,0.0,5,svm_rbf,459
Y,0.0,5,svm_rbf,460
_ChargeD2025,0.0,5,svm_rbf,461
YC,0.0,5,svm_rbf,462
_SecondaryStrT23,0.0,5,svm_rbf,463
WY,0.0,5,svm_rbf,464
WW,0.0,5,svm_rbf,465
_PolarityT12,0.0,5,svm_rbf,466
WT,0.0,5,svm_rbf,467
WS,0.0,5,svm_rbf,468
WR,0.0,5,svm_rbf,469
_PolarityT13,0.0,5,svm_rbf,470
WM,0.0,5,svm_rbf,471
WK,0.0,5,svm_rbf,472
_PolarizabilityD2050,0.0,5,svm_rbf,473
WH,0.0,5,svm_rbf,474
_PolarizabilityD3075,0.0,5,svm_rbf,475
_PolarityC3,0.0,5,svm_rbf,476
WF,0.0,5,svm_rbf,477
_SolventAccessibilityD1050,0.0,5,svm_rbf,478
WD,0.0,5,svm_rbf,479
WC,0.0,5,svm_rbf,480
WA,0.0,5,svm_rbf,481
AG,0.0,5,svm_rbf,482
_SolventAccessibilityD2050,0.0,5,svm_rbf,483
YI,0.0,5,svm_rbf,484
VS,0.0,5,svm_rbf,485
_SolventAccessibilityD3001,0.0,5,svm_rbf,486
_SecondaryStrD1025,0.0,5,svm_rbf,487
VM,0.0,5,svm_rbf,488
_ChargeD1050,0.0,5,svm_rbf,489
YM,0.0,5,svm_rbf,490
VW,0.0,5,svm_rbf,491
MH,0.0,5,svm_rbf,492
AK,0.0,5,svm_rbf,493
AW,0.0,5,svm_rbf,494
NW,0.0,5,svm_rbf,495
IC,0.0,5,svm_rbf,496
HW,0.0,5,svm_rbf,497
HT,0.0,5,svm_rbf,498
HR,0.0,5,svm_rbf,499
PH,0.0,5,svm_rbf,500
HQ,0.0,5,svm_rbf,501
HP,0.0,5,svm_rbf,502
HL,0.0,5,svm_rbf,503
HK,0.0,5,svm_rbf,504
HI,0.0,5,svm_rbf,505
HH,0.0,5,svm_rbf,506
HG,0.0,5,svm_rbf,507
HF,0.0,5,svm_rbf,508
PT,0.0,5,svm_rbf,509
HC,0.0,5,svm_rbf,510
PY,0.0,5,svm_rbf,511
IF,0.0,5,svm_rbf,512
NT,0.0,5,svm_rbf,513
NR,0.0,5,svm_rbf,514
MW,0.0,5,svm_rbf,515
MF,0.0,5,svm_rbf,516
MM,0.0,5,svm_rbf,517
MD,0.0,5,svm_rbf,518
MP,0.0,5,svm_rbf,519
MC,0.0,5,svm_rbf,520
LT,0.0,5,svm_rbf,521
MT,0.0,5,svm_rbf,522
MY,0.0,5,svm_rbf,523
IY,0.0,5,svm_rbf,524
LG,0.0,5,svm_rbf,525
LC,0.0,5,svm_rbf,526
NF,0.0,5,svm_rbf,527
KW,0.0,5,svm_rbf,528
NH,0.0,5,svm_rbf,529
KV,0.0,5,svm_rbf,530
KC,0.0,5,svm_rbf,531
QA,0.0,5,svm_rbf,532
QC,0.0,5,svm_rbf,533
HA,0.0,5,svm_rbf,534
CW,0.0,5,svm_rbf,535
DN,0.0,5,svm_rbf,536
RW,0.0,5,svm_rbf,537
SA,0.0,5,svm_rbf,538
DH,0.0,5,svm_rbf,539
MK,0.0,5,svm_rbf,540
DA,0.0,5,svm_rbf,541
CY,0.0,5,svm_rbf,542
CV,0.0,5,svm_rbf,543
DR,0.0,5,svm_rbf,544
SL,0.0,5,svm_rbf,545
CS,0.0,5,svm_rbf,546
CI,0.0,5,svm_rbf,547
SR,0.0,5,svm_rbf,548
CE,0.0,5,svm_rbf,549
ST,0.0,5,svm_rbf,550
CD,0.0,5,svm_rbf,551
DP,0.0,5,svm_rbf,552
EA,0.0,5,svm_rbf,553
QE,0.0,5,svm_rbf,554
QT,0.0,5,svm_rbf,555
QF,0.0,5,svm_rbf,556
QG,0.0,5,svm_rbf,557
QL,0.0,5,svm_rbf,558
GM,0.0,5,svm_rbf,559
GK,0.0,5,svm_rbf,560
QQ,0.0,5,svm_rbf,561
FR,0.0,5,svm_rbf,562
FM,0.0,5,svm_rbf,563
RN,0.0,5,svm_rbf,564
QY,0.0,5,svm_rbf,565
RD,0.0,5,svm_rbf,566
EN,0.0,5,svm_rbf,567
RH,0.0,5,svm_rbf,568
EL,0.0,5,svm_rbf,569
EH,0.0,5,svm_rbf,570
RM,0.0,5,svm_rbf,571
SE,0.0,5,svm_rbf,572
FF,8307241324026.562,6,svm_rbf,1
KQ,8307241324026.562,6,svm_rbf,2
RQ,0.009884893712647922,6,svm_rbf,3
IG,0.00923245790813225,6,svm_rbf,4
_PolarizabilityD2050,0.008836774225765122,6,svm_rbf,5
_NormalizedVDWVC1,0.008505018371424897,6,svm_rbf,6
MS,0.008344536246250334,6,svm_rbf,7
_HydrophobicityD2025,0.008040208987228842,6,svm_rbf,8
_HydrophobicityT12,0.007653262181065764,6,svm_rbf,9
_SolventAccessibilityT23,0.006899002460517253,6,svm_rbf,10
mw,0.006051742760539403,6,svm_rbf,11
_HydrophobicityD3025,0.005740563488367177,6,svm_rbf,12
PC,0.005713798255364863,6,svm_rbf,13
_SolventAccessibilityD2025,0.005370387269258196,6,svm_rbf,14
DM,0.005061951624196978,6,svm_rbf,15
_NormalizedVDWVD2100,0.005004274966348552,6,svm_rbf,16
EV,0.004894993602735377,6,svm_rbf,17
HQ,0.00482023506405643,6,svm_rbf,18
_HydrophobicityD3075,0.004694287747399633,6,svm_rbf,19
LG,0.004630309749624925,6,svm_rbf,20
G,0.004616178664674982,6,svm_rbf,21
_ChargeD3025,0.004395247274918013,6,svm_rbf,22
_NormalizedVDWVD2050,0.004138905869461945,6,svm_rbf,23
GP,0.004011017352751206,6,svm_rbf,24
length,0.003897572361114503,6,svm_rbf,25
MH,0.0038267983122575876,6,svm_rbf,26
GL,0.003803645418327316,6,svm_rbf,27
PH,0.003505281834036575,6,svm_rbf,28
VS,0.0034312887656750106,6,svm_rbf,29
QH,0.0034177593648670253,6,svm_rbf,30
TS,0.0031908809871134727,6,svm_rbf,31
WQ,0.0031480216511234537,6,svm_rbf,32
CK,0.003119826054931342,6,svm_rbf,33
AW,0.0030833635927790762,6,svm_rbf,34
FE,0.0030672222724806293,6,svm_rbf,35
R,0.0029303483447598393,6,svm_rbf,36
CS,0.0028834359991440285,6,svm_rbf,37
_HydrophobicityD2100,0.002878741674308899,6,svm_rbf,38
_PolarizabilityC2,0.002830097905986914,6,svm_rbf,39
_HydrophobicityT23,0.0027870475674735395,6,svm_rbf,40
MT,0.002723686722497089,6,svm_rbf,41
GF,0.0027003640120951923,6,svm_rbf,42
QI,0.0026370156842377935,6,svm_rbf,43
_NormalizedVDWVD1025,0.002633965854169212,6,svm_rbf,44
HD,0.0026181479465990976,6,svm_rbf,45
QV,0.002606572330800411,6,svm_rbf,46
SV,0.0025502594532368283,6,svm_rbf,47
_HydrophobicityC3,0.002512566398500342,6,svm_rbf,48
AF,0.0024930589969555396,6,svm_rbf,49
_PolarityT23,0.002393954291572861,6,svm_rbf,50
LF,0.0023203005049696663,6,svm_rbf,51
YR,0.0022996330534555787,6,svm_rbf,52
L,0.0022739879296728486,6,svm_rbf,53
HP,0.0022176819762877616,6,svm_rbf,54
GW,0.002195033184489428,6,svm_rbf,55
_ChargeD1025,0.002159360411684968,6,svm_rbf,56
_SolventAccessibilityD1001,0.0021240474982888334,6,svm_rbf,57
instability,0.002117090337756966,6,svm_rbf,58
EH,0.0021016896273462872,6,svm_rbf,59
_ChargeD2025,0.002099905226892297,6,svm_rbf,60
pI,0.002089954222568574,6,svm_rbf,61
EG,0.0020708928334852534,6,svm_rbf,62
QA,0.0020492613120491883,6,svm_rbf,63
_ChargeD3075,0.0020218276214544447,6,svm_rbf,64
SR,0.0019935315757005877,6,svm_rbf,65
NE,0.0019626794774582584,6,svm_rbf,66
_SecondaryStrT23,0.0019435179361145527,6,svm_rbf,67
_SolventAccessibilityD2001,0.001935598302550851,6,svm_rbf,68
MR,0.001904988716993731,6,svm_rbf,69
KR,0.0018697536274418435,6,svm_rbf,70
_SecondaryStrD3075,0.0018378118153646334,6,svm_rbf,71
_SecondaryStrC1,0.0018079999456925302,6,svm_rbf,72
C,0.0017999001770520637,6,svm_rbf,73
MK,0.0017867496238615204,6,svm_rbf,74
YF,0.001766711093617477,6,svm_rbf,75
PE,0.0017576260532196017,6,svm_rbf,76
SP,0.0017471506299282541,6,svm_rbf,77
_PolarizabilityD2025,0.001713904461143091,6,svm_rbf,78
PV,0.001703044727075224,6,svm_rbf,79
FN,0.001688574942789205,6,svm_rbf,80
MF,0.0016718849321905504,6,svm_rbf,81
CN,0.0016654320329128473,6,svm_rbf,82
_ChargeT23,0.0016127983324551365,6,svm_rbf,83
MY,0.0015940648174494617,6,svm_rbf,84
_PolarityD3100,0.0015787182107239533,6,svm_rbf,85
PM,0.0015481623455718642,6,svm_rbf,86
_NormalizedVDWVD1050,0.0015239202091287343,6,svm_rbf,87
_PolarityD2100,0.0015147683140508505,6,svm_rbf,88
_SecondaryStrD1050,0.0015098359158951219,6,svm_rbf,89
_PolarityD2075,0.0015045861570123576,6,svm_rbf,90
RM,0.001479381005317192,6,svm_rbf,91
QL,0.0014657902991900861,6,svm_rbf,92
MQ,0.0014642062393170172,6,svm_rbf,93
YN,0.0014590157210388206,6,svm_rbf,94
HE,0.0014347882193994214,6,svm_rbf,95
_SolventAccessibilityD3050,0.0014234755162810522,6,svm_rbf,96
GE,0.0013846871453538354,6,svm_rbf,97
FS,0.001377762954292623,6,svm_rbf,98
_SecondaryStrC3,0.001346000736718806,6,svm_rbf,99
_HydrophobicityD2050,0.0013437204938146615,6,svm_rbf,100
_SecondaryStrD2100,0.0013384734093327645,6,svm_rbf,101
IM,0.0013279526975975167,6,svm_rbf,102
GM,0.0013060282153565224,6,svm_rbf,103
_NormalizedVDWVT23,0.0013058066062618244,6,svm_rbf,104
EQ,0.0012948525523966837,6,svm_rbf,105
MA,0.0012943153168645494,6,svm_rbf,106
_PolarizabilityD3025,0.0012841622510901998,6,svm_rbf,107
_SecondaryStrD2001,0.0012653482199454452,6,svm_rbf,108
CC,0.0012649894108343579,6,svm_rbf,109
QP,0.0012555274896881114,6,svm_rbf,110
QC,0.0012428806969355833,6,svm_rbf,111
DP,0.0012383662831789123,6,svm_rbf,112
HG,0.0012178941037034581,6,svm_rbf,113
IH,0.0012148221993346093,6,svm_rbf,114
WI,0.0012057816519765203,6,svm_rbf,115
KW,0.0011672977276634459,6,svm_rbf,116
KY,0.0011452232124489002,6,svm_rbf,117
IF,0.0011423580402586712,6,svm_rbf,118
DQ,0.0011338651016764216,6,svm_rbf,119
KF,0.0011288404174486684,6,svm_rbf,120
_PolarityT13,0.0011069872164311636,6,svm_rbf,121
AQ,0.001099917377915268,6,svm_rbf,122
DG,0.001097635970389863,6,svm_rbf,123
_HydrophobicityD2001,0.0010913315724638277,6,svm_rbf,124
AD,0.0010860933143346317,6,svm_rbf,125
_ChargeD3050,0.001073895324170005,6,svm_rbf,126
_NormalizedVDWVD3025,0.0010734549790334918,6,svm_rbf,127
_PolarizabilityT13,0.0010686226915393084,6,svm_rbf,128
_ChargeC3,0.0010648800652826535,6,svm_rbf,129
RE,0.0010518291126009921,6,svm_rbf,130
RK,0.0010367667564480404,6,svm_rbf,131
TV,0.0010284839151647024,6,svm_rbf,132
_NormalizedVDWVD2075,0.0010268796641472583,6,svm_rbf,133
NA,0.001023726380538595,6,svm_rbf,134
IK,0.0010234122443437566,6,svm_rbf,135
IE,0.0010183575238206849,6,svm_rbf,136
_PolarityD2001,0.0010165980451445561,6,svm_rbf,137
QY,0.001007295571595625,6,svm_rbf,138
_NormalizedVDWVD3100,0.0010068263785280428,6,svm_rbf,139
_NormalizedVDWVC3,0.0009877659877752373,6,svm_rbf,140
W,0.0009767240566264886,6,svm_rbf,141
SY,0.0009717979167454562,6,svm_rbf,142
NW,0.0009685118303820685,6,svm_rbf,143
DV,0.000964554929865843,6,svm_rbf,144
_HydrophobicityC1,0.0009608864664757793,6,svm_rbf,145
D,0.0009505370962594758,6,svm_rbf,146
VE,0.000941375954296576,6,svm_rbf,147
YM,0.0009396203054971333,6,svm_rbf,148
_PolarityT12,0.0009209252199521473,6,svm_rbf,149
_SecondaryStrT13,0.0009111676997593207,6,svm_rbf,150
_SecondaryStrD3100,0.0008891525346051432,6,svm_rbf,151
RA,0.0008873475264373537,6,svm_rbf,152
_SecondaryStrC2,0.0008845777588025565,6,svm_rbf,153
_HydrophobicityT13,0.0008736339051290235,6,svm_rbf,154
GS,0.0008733462152771057,6,svm_rbf,155
_SecondaryStrD1025,0.000867463276424804,6,svm_rbf,156
DD,0.000857819708157455,6,svm_rbf,157
_PolarizabilityT23,0.0008555000329311603,6,svm_rbf,158
NR,0.0008549279415796341,6,svm_rbf,159
ED,0.0008472766007277696,6,svm_rbf,160
_PolarityD1075,0.0008417991079915159,6,svm_rbf,161
EP,0.0008342524478743841,6,svm_rbf,162
TI,0.0008340678862671551,6,svm_rbf,163
FQ,0.0008244740644592505,6,svm_rbf,164
QS,0.0008208656889389283,6,svm_rbf,165
GT,0.0008207669780608525,6,svm_rbf,166
IV,0.0008169824246252761,6,svm_rbf,167
AK,0.0008086565947518256,6,svm_rbf,168
S,0.0008076020048165867,6,svm_rbf,169
_HydrophobicityD2075,0.0008072028445488533,6,svm_rbf,170
HL,0.0008070769640164551,6,svm_rbf,171
RG,0.0008047785268987177,6,svm_rbf,172
TD,0.0008045813135868919,6,svm_rbf,173
HN,0.0008035913723507127,6,svm_rbf,174
CG,0.0008010204716837123,6,svm_rbf,175
VA,0.0007994102203189346,6,svm_rbf,176
CV,0.0007841381296516048,6,svm_rbf,177
SN,0.0007817665824782178,6,svm_rbf,178
_SolventAccessibilityC2,0.0007783295864256634,6,svm_rbf,179
PL,0.0007760773422458919,6,svm_rbf,180
DE,0.0007682872305034253,6,svm_rbf,181
YD,0.000756904780753541,6,svm_rbf,182
SD,0.0007545707890993565,6,svm_rbf,183
FW,0.0007534612265016968,6,svm_rbf,184
AH,0.0007448290881870343,6,svm_rbf,185
DT,0.0007392491760521198,6,svm_rbf,186
NQ,0.000738944240768645,6,svm_rbf,187
DW,0.0007378470366657928,6,svm_rbf,188
CA,0.0007368727824299433,6,svm_rbf,189
FC,0.0007293841799263194,6,svm_rbf,190
LY,0.0007215286855457189,6,svm_rbf,191
LI,0.0007118606973766233,6,svm_rbf,192
P,0.000704983193649857,6,svm_rbf,193
KE,0.000698224091204775,6,svm_rbf,194
_PolarizabilityD3075,0.0006969693902582028,6,svm_rbf,195
_SolventAccessibilityD2050,0.0006911981131589222,6,svm_rbf,196
YI,0.000683950802772432,6,svm_rbf,197
_SecondaryStrD3050,0.0006839429181370851,6,svm_rbf,198
TP,0.0006782804579597728,6,svm_rbf,199
_NormalizedVDWVD2025,0.0006555955806614839,6,svm_rbf,200
DN,0.0006544947245498062,6,svm_rbf,201
_SolventAccessibilityD1050,0.0006542348592177602,6,svm_rbf,202
AT,0.0006533000642694658,6,svm_rbf,203
YA,0.0006485746875610691,6,svm_rbf,204
_HydrophobicityD3001,0.0006473700597346746,6,svm_rbf,205
CR,0.0006422874450965261,6,svm_rbf,206
_SolventAccessibilityD1075,0.0006415376948771552,6,svm_rbf,207
DS,0.0006374176554913956,6,svm_rbf,208
DR,0.0006317768938834861,6,svm_rbf,209
KI,0.0006299307152267768,6,svm_rbf,210
_ChargeD2050,0.0006287880706599726,6,svm_rbf,211
_HydrophobicityC2,0.0006251398109755666,6,svm_rbf,212
GC,0.0006232424121192672,6,svm_rbf,213
AS,0.0006186679899560532,6,svm_rbf,214
_PolarityD1100,0.0006156679150610476,6,svm_rbf,215
QQ,0.0006155370589619686,6,svm_rbf,216
NI,0.0006151493924938682,6,svm_rbf,217
SQ,0.0006122128962100491,6,svm_rbf,218
CF,0.000609436844754582,6,svm_rbf,219
_PolarityD1025,0.0005945900591332133,6,svm_rbf,220
HI,0.0005938842802619362,6,svm_rbf,221
_NormalizedVDWVT12,0.0005824756544089079,6,svm_rbf,222
VV,0.0005805148251796817,6,svm_rbf,223
IP,0.0005780856149929087,6,svm_rbf,224
PQ,0.0005757007420962227,6,svm_rbf,225
_PolarizabilityD1050,0.0005746673327014795,6,svm_rbf,226
AE,0.0005644220854183607,6,svm_rbf,227
QT,0.0005593548528040836,6,svm_rbf,228
PT,0.0005588013257026884,6,svm_rbf,229
YC,0.000557083209078812,6,svm_rbf,230
_PolarityD1001,0.000553361058160885,6,svm_rbf,231
HR,0.0005512019356270256,6,svm_rbf,232
RH,0.0005488381721396565,6,svm_rbf,233
AL,0.0005483994762152517,6,svm_rbf,234
_NormalizedVDWVD3001,0.0005483384022922604,6,svm_rbf,235
SM,0.0005476578758127422,6,svm_rbf,236
aromaticity,0.0005446255320349418,6,svm_rbf,237
_PolarizabilityC1,0.0005425998797158484,6,svm_rbf,238
_PolarizabilityD2075,0.0005365474129581671,6,svm_rbf,239
VG,0.0005258297373218007,6,svm_rbf,240
TN,0.0005253087775687549,6,svm_rbf,241
RR,0.0005235776341209763,6,svm_rbf,242
SK,0.0005068769497635238,6,svm_rbf,243
_ChargeD2100,0.0005040365560450645,6,svm_rbf,244
IY,0.0004988553139043867,6,svm_rbf,245
_HydrophobicityD1050,0.0004946679945405238,6,svm_rbf,246
_PolarityD2050,0.0004891906901388637,6,svm_rbf,247
LE,0.000486029590392944,6,svm_rbf,248
_HydrophobicityD3100,0.00048573498697427535,6,svm_rbf,249
TF,0.000480513549900552,6,svm_rbf,250
I,0.00047525286246157027,6,svm_rbf,251
_HydrophobicityD1025,0.0004746558437630335,6,svm_rbf,252
IC,0.00047444795687981266,6,svm_rbf,253
YV,0.0004741176427862641,6,svm_rbf,254
_ChargeD1050,0.0004736334505672513,6,svm_rbf,255
_PolarizabilityD3100,0.0004729398355936747,6,svm_rbf,256
EK,0.00047034157235024016,6,svm_rbf,257
FA,0.00046703249364055734,6,svm_rbf,258
AR,0.00046208146851828123,6,svm_rbf,259
FP,0.0004620220775566473,6,svm_rbf,260
V,0.0004544782346807822,6,svm_rbf,261
PF,0.00044288072112516575,6,svm_rbf,262
FI,0.00043459889876533274,6,svm_rbf,263
GK,0.0004318493103410322,6,svm_rbf,264
ET,0.0004307886154735639,6,svm_rbf,265
KK,0.00042913696698811463,6,svm_rbf,266
GA,0.0004260591218498159,6,svm_rbf,267
_ChargeC2,0.0004254330909261926,6,svm_rbf,268
_SecondaryStrD1100,0.00041805937240862854,6,svm_rbf,269
_HydrophobicityD3050,0.0004160232492839283,6,svm_rbf,270
_PolarityC1,0.00041551576428492,6,svm_rbf,271
SC,0.00041060700025246917,6,svm_rbf,272
VH,0.00040031065606711434,6,svm_rbf,273
NM,0.0003988731467165675,6,svm_rbf,274
GQ,0.0003888690706559483,6,svm_rbf,275
DA,0.00038575454725094495,6,svm_rbf,276
PR,0.00038207234167974294,6,svm_rbf,277
WA,0.00037506232907633574,6,svm_rbf,278
_PolarizabilityD1075,0.0003726811192385332,6,svm_rbf,279
ID,0.00037160605187445565,6,svm_rbf,280
GY,0.00037139347107299233,6,svm_rbf,281
LM,0.0003628942385586422,6,svm_rbf,282
DF,0.0003625238201620491,6,svm_rbf,283
N,0.00036229109758066663,6,svm_rbf,284
_ChargeD1075,0.0003585105590809591,6,svm_rbf,285
ME,0.0003577089085785524,6,svm_rbf,286
GN,0.0003559696638919241,6,svm_rbf,287
KV,0.00035553023199870687,6,svm_rbf,288
GR,0.0003507047777966488,6,svm_rbf,289
_NormalizedVDWVD3050,0.00034865415621002696,6,svm_rbf,290
NK,0.0003456311678756997,6,svm_rbf,291
ES,0.00034227886397743365,6,svm_rbf,292
_ChargeT12,0.0003383571753669033,6,svm_rbf,293
E,0.0003371635558203366,6,svm_rbf,294
SG,0.00033478475106872156,6,svm_rbf,295
VF,0.0003318892499064975,6,svm_rbf,296
RW,0.00032966235226315207,6,svm_rbf,297
LR,0.0003278680014368558,6,svm_rbf,298
_SecondaryStrD1075,0.0003253905914797239,6,svm_rbf,299
DC,0.00031530767417979345,6,svm_rbf,300
_ChargeD2075,0.0003135096366382723,6,svm_rbf,301
AG,0.00031102176831039217,6,svm_rbf,302
HY,0.0003103824842933498,6,svm_rbf,303
_HydrophobicityD1001,0.0003094152347619515,6,svm_rbf,304
IT,0.0003089173817404199,6,svm_rbf,305
_HydrophobicityD1075,0.00030724443397756886,6,svm_rbf,306
VI,0.00030704748939368277,6,svm_rbf,307
PN,0.0003040966255770843,6,svm_rbf,308
NT,0.00030407103841357933,6,svm_rbf,309
AP,0.00029012132771176686,6,svm_rbf,310
M,0.00028979199155435166,6,svm_rbf,311
_SecondaryStrD3025,0.0002879425644415489,6,svm_rbf,312
_SolventAccessibilityD1100,0.00028329961507203273,6,svm_rbf,313
ST,0.0002831081041932639,6,svm_rbf,314
FG,0.00027787269514985237,6,svm_rbf,315
_NormalizedVDWVD3075,0.0002752271552547161,6,svm_rbf,316
IA,0.0002740591657091086,6,svm_rbf,317
_SolventAccessibilityC1,0.0002717822115089377,6,svm_rbf,318
HA,0.0002641929258951337,6,svm_rbf,319
_ChargeD2001,0.0002641354186455459,6,svm_rbf,320
NV,0.0002632426111211904,6,svm_rbf,321
_PolarityD3001,0.00026257856387999014,6,svm_rbf,322
HV,0.0002616318879343862,6,svm_rbf,323
HC,0.0002573937749777902,6,svm_rbf,324
DI,0.0002561620269962218,6,svm_rbf,325
VN,0.00025539338617633925,6,svm_rbf,326
EM,0.00025393515393834146,6,svm_rbf,327
KG,0.000253744477786038,6,svm_rbf,328
_PolarizabilityD1025,0.0002505195635194788,6,svm_rbf,329
TY,0.00024832352908828507,6,svm_rbf,330
YL,0.00024583907581401016,6,svm_rbf,331
EY,0.00023925374684290572,6,svm_rbf,332
DH,0.00023827068522126987,6,svm_rbf,333
YG,0.0002361585785038819,6,svm_rbf,334
Q,0.0002291773587594477,6,svm_rbf,335
_SolventAccessibilityD2100,0.00022731431698635142,6,svm_rbf,336
QG,0.00022630064910774843,6,svm_rbf,337
NL,0.00022319670590953015,6,svm_rbf,338
TA,0.00022273195464312206,6,svm_rbf,339
PW,0.00022035647743781268,6,svm_rbf,340
_NormalizedVDWVD1075,0.000216882294791548,6,svm_rbf,341
WT,0.00020423864018442907,6,svm_rbf,342
EL,0.0002024003015350373,6,svm_rbf,343
_PolarityD3025,0.00020150563534274756,6,svm_rbf,344
LN,0.0002011965406951241,6,svm_rbf,345
RF,0.00019907590802182846,6,svm_rbf,346
_NormalizedVDWVD1100,0.00019877451712898496,6,svm_rbf,347
IL,0.0001983156856395386,6,svm_rbf,348
VK,0.00019134303021629842,6,svm_rbf,349
DL,0.00018886304583805503,6,svm_rbf,350
_PolarityC2,0.00018610532515642267,6,svm_rbf,351
AC,0.00018412276394596638,6,svm_rbf,352
_PolarizabilityD1001,0.0001814666775361818,6,svm_rbf,353
K,0.00017468718662982778,6,svm_rbf,354
TK,0.00017433833032212177,6,svm_rbf,355
VT,0.0001732523494418604,6,svm_rbf,356
AV,0.000170571962056555,6,svm_rbf,357
GH,0.0001695377849958663,6,svm_rbf,358
KA,0.0001674595322651697,6,svm_rbf,359
SE,0.00016682410549764012,6,svm_rbf,360
RY,0.00016518599570799702,6,svm_rbf,361
MI,0.00016033669062904315,6,svm_rbf,362
FV,0.0001601611179590544,6,svm_rbf,363
DK,0.000157453690397195,6,svm_rbf,364
_PolarityD3075,0.00015658579834035177,6,svm_rbf,365
NS,0.00015617144752175352,6,svm_rbf,366
_ChargeT13,0.00014892658532631443,6,svm_rbf,367
TW,0.0001469925407899772,6,svm_rbf,368
_SecondaryStrD3001,0.00014642443068991473,6,svm_rbf,369
IQ,0.0001456807422002298,6,svm_rbf,370
QD,0.00013905529903412067,6,svm_rbf,371
VC,0.00013848059861859256,6,svm_rbf,372
ER,0.00013782507685123572,6,svm_rbf,373
LW,0.00013609442637314568,6,svm_rbf,374
WV,0.0001342638606094389,6,svm_rbf,375
PK,0.00012946118828664744,6,svm_rbf,376
_SolventAccessibilityT13,0.00012581279136317832,6,svm_rbf,377
_SolventAccessibilityD1025,0.00012556399992413314,6,svm_rbf,378
KM,0.0001253046594335662,6,svm_rbf,379
GG,0.00012490516575233931,6,svm_rbf,380
IN,0.0001232927791312563,6,svm_rbf,381
PP,0.00012178857634850044,6,svm_rbf,382
_SolventAccessibilityT12,0.00012112858792666742,6,svm_rbf,383
_PolarizabilityC3,0.00011970713542199255,6,svm_rbf,384
_PolarizabilityD3001,0.00011754860658325764,6,svm_rbf,385
TC,0.00011300435338964265,6,svm_rbf,386
VM,0.00011114859150283929,6,svm_rbf,387
RT,0.00010992473102711169,6,svm_rbf,388
QN,0.00010750074468650668,6,svm_rbf,389
_PolarityD3050,0.00010724692476204558,6,svm_rbf,390
H,0.00010426190157872626,6,svm_rbf,391
_ChargeD1100,0.00010412094944845501,6,svm_rbf,392
SS,0.00010106822123360731,6,svm_rbf,393
GD,0.00010063606375130499,6,svm_rbf,394
_SecondaryStrD2050,9.737211753162238e-05,6,svm_rbf,395
WL,9.282242008429224e-05,6,svm_rbf,396
SF,8.907246752462516e-05,6,svm_rbf,397
KL,8.725056335102153e-05,6,svm_rbf,398
LP,8.509056292555681e-05,6,svm_rbf,399
FH,8.030487341717735e-05,6,svm_rbf,400
F,7.78106578543673e-05,6,svm_rbf,401
EN,7.372199262516682e-05,6,svm_rbf,402
AN,7.152888338289824e-05,6,svm_rbf,403
WS,7.050747037995865e-05,6,svm_rbf,404
II,6.948502452889099e-05,6,svm_rbf,405
WR,6.828343847701061e-05,6,svm_rbf,406
AI,6.764918840145977e-05,6,svm_rbf,407
Y,6.652230855829031e-05,6,svm_rbf,408
VW,6.147520684285754e-05,6,svm_rbf,409
VP,5.723714621730591e-05,6,svm_rbf,410
_HydrophobicityD1100,5.2480148865242e-05,6,svm_rbf,411
YH,5.097604680204291e-05,6,svm_rbf,412
_PolarizabilityD2001,4.947374840956792e-05,6,svm_rbf,413
_PolarityD1050,4.9443912057840894e-05,6,svm_rbf,414
KN,4.815115458387186e-05,6,svm_rbf,415
_SecondaryStrD1001,4.483197181260284e-05,6,svm_rbf,416
VQ,3.9446903935220215e-05,6,svm_rbf,417
PD,3.903031635494508e-05,6,svm_rbf,418
YT,3.840016495395435e-05,6,svm_rbf,419
DY,3.8040500360038675e-05,6,svm_rbf,420
WG,3.5412113954782655e-05,6,svm_rbf,421
KP,3.257338064215215e-05,6,svm_rbf,422
LV,3.041678409060372e-05,6,svm_rbf,423
_PolarizabilityT12,2.6226757849132474e-05,6,svm_rbf,424
_ChargeD3001,2.614512367396117e-05,6,svm_rbf,425
YP,2.4765804921925385e-05,6,svm_rbf,426
SL,2.4118185557343134e-05,6,svm_rbf,427
SI,1.7671877111473988e-05,6,svm_rbf,428
HK,1.689438911582464e-05,6,svm_rbf,429
_SolventAccessibilityD3075,1.2414156318593473e-05,6,svm_rbf,430
CY,1.225392478055941e-05,6,svm_rbf,431
RI,1.0834772233939197e-05,6,svm_rbf,432
_NormalizedVDWVC2,8.367412623682184e-06,6,svm_rbf,433
LH,5.954412402351672e-06,6,svm_rbf,434
_SolventAccessibilityD3100,5.397659834435344e-06,6,svm_rbf,435
MC,4.574811905984117e-06,6,svm_rbf,436
RS,2.9532575733026024e-06,6,svm_rbf,437
_SecondaryStrT12,5.5216619162394234e-08,6,svm_rbf,438
_PolarityC3,0.0,6,svm_rbf,439
A,0.0,6,svm_rbf,440
WP,0.0,6,svm_rbf,441
SW,0.0,6,svm_rbf,442
VD,0.0,6,svm_rbf,443
_PolarizabilityD3050,0.0,6,svm_rbf,444
SH,0.0,6,svm_rbf,445
_PolarizabilityD2100,0.0,6,svm_rbf,446
YW,0.0,6,svm_rbf,447
_SolventAccessibilityD2075,0.0,6,svm_rbf,448
WN,0.0,6,svm_rbf,449
WM,0.0,6,svm_rbf,450
WK,0.0,6,svm_rbf,451
_PolarizabilityD1100,0.0,6,svm_rbf,452
TM,0.0,6,svm_rbf,453
_SolventAccessibilityC3,0.0,6,svm_rbf,454
TT,0.0,6,svm_rbf,455
TR,0.0,6,svm_rbf,456
TQ,0.0,6,svm_rbf,457
YK,0.0,6,svm_rbf,458
WC,0.0,6,svm_rbf,459
WD,0.0,6,svm_rbf,460
WY,0.0,6,svm_rbf,461
WE,0.0,6,svm_rbf,462
_ChargeC1,0.0,6,svm_rbf,463
VR,0.0,6,svm_rbf,464
WF,0.0,6,svm_rbf,465
YS,0.0,6,svm_rbf,466
TL,0.0,6,svm_rbf,467
WH,0.0,6,svm_rbf,468
_NormalizedVDWVT13,0.0,6,svm_rbf,469
T,0.0,6,svm_rbf,470
TH,0.0,6,svm_rbf,471
WW,0.0,6,svm_rbf,472
TG,0.0,6,svm_rbf,473
TE,0.0,6,svm_rbf,474
YQ,0.0,6,svm_rbf,475
VY,0.0,6,svm_rbf,476
YE,0.0,6,svm_rbf,477
VL,0.0,6,svm_rbf,478
GV,0.0,6,svm_rbf,479
_SolventAccessibilityD3001,0.0,6,svm_rbf,480
LK,0.0,6,svm_rbf,481
EC,0.0,6,svm_rbf,482
EA,0.0,6,svm_rbf,483
KS,0.0,6,svm_rbf,484
KT,0.0,6,svm_rbf,485
LA,0.0,6,svm_rbf,486
LC,0.0,6,svm_rbf,487
LD,0.0,6,svm_rbf,488
CW,0.0,6,svm_rbf,489
CT,0.0,6,svm_rbf,490
LL,0.0,6,svm_rbf,491
CH,0.0,6,svm_rbf,492
CQ,0.0,6,svm_rbf,493
LQ,0.0,6,svm_rbf,494
LS,0.0,6,svm_rbf,495
LT,0.0,6,svm_rbf,496
CP,0.0,6,svm_rbf,497
CM,0.0,6,svm_rbf,498
MD,0.0,6,svm_rbf,499
CL,0.0,6,svm_rbf,500
CI,0.0,6,svm_rbf,501
KH,0.0,6,svm_rbf,502
EE,0.0,6,svm_rbf,503
EF,0.0,6,svm_rbf,504
KD,0.0,6,svm_rbf,505
HF,0.0,6,svm_rbf,506
FY,0.0,6,svm_rbf,507
HH,0.0,6,svm_rbf,508
FT,0.0,6,svm_rbf,509
HM,0.0,6,svm_rbf,510
FR,0.0,6,svm_rbf,511
FM,0.0,6,svm_rbf,512
FL,0.0,6,svm_rbf,513
FK,0.0,6,svm_rbf,514
HS,0.0,6,svm_rbf,515
HT,0.0,6,svm_rbf,516
HW,0.0,6,svm_rbf,517
FD,0.0,6,svm_rbf,518
EW,0.0,6,svm_rbf,519
IR,0.0,6,svm_rbf,520
IS,0.0,6,svm_rbf,521
IW,0.0,6,svm_rbf,522
EI,0.0,6,svm_rbf,523
KC,0.0,6,svm_rbf,524
MG,0.0,6,svm_rbf,525
CE,0.0,6,svm_rbf,526
SA,0.0,6,svm_rbf,527
_ChargeD1001,0.0,6,svm_rbf,528
GI,0.0,6,svm_rbf,529
PY,0.0,6,svm_rbf,530
_PolarityD2025,0.0,6,svm_rbf,531
QE,0.0,6,svm_rbf,532
QF,0.0,6,svm_rbf,533
_ChargeD3100,0.0,6,svm_rbf,534
QK,0.0,6,svm_rbf,535
QM,0.0,6,svm_rbf,536
QR,0.0,6,svm_rbf,537
QW,0.0,6,svm_rbf,538
ML,0.0,6,svm_rbf,539
_SecondaryStrD2075,0.0,6,svm_rbf,540
RC,0.0,6,svm_rbf,541
RD,0.0,6,svm_rbf,542
_SecondaryStrD2025,0.0,6,svm_rbf,543
RL,0.0,6,svm_rbf,544
RN,0.0,6,svm_rbf,545
RP,0.0,6,svm_rbf,546
_SolventAccessibilityD3025,0.0,6,svm_rbf,547
RV,0.0,6,svm_rbf,548
PS,0.0,6,svm_rbf,549
_NormalizedVDWVD1001,0.0,6,svm_rbf,550
PI,0.0,6,svm_rbf,551
_NormalizedVDWVD2001,0.0,6,svm_rbf,552
MM,0.0,6,svm_rbf,553
MN,0.0,6,svm_rbf,554
MP,0.0,6,svm_rbf,555
CD,0.0,6,svm_rbf,556
AY,0.0,6,svm_rbf,557
MV,0.0,6,svm_rbf,558
MW,0.0,6,svm_rbf,559
AM,0.0,6,svm_rbf,560
NC,0.0,6,svm_rbf,561
ND,0.0,6,svm_rbf,562
NF,0.0,6,svm_rbf,563
NG,0.0,6,svm_rbf,564
NH,0.0,6,svm_rbf,565
NN,0.0,6,svm_rbf,566
NP,0.0,6,svm_rbf,567
AA,0.0,6,svm_rbf,568
NY,0.0,6,svm_rbf,569
PA,0.0,6,svm_rbf,570
PG,0.0,6,svm_rbf,571
YY,0.0,6,svm_rbf,572
EA,2540865496811.1846,7,svm_rbf,1
TF,2540865496811.1846,7,svm_rbf,2
mw,0.015667461010984207,7,svm_rbf,3
length,0.00845720558823593,7,svm_rbf,4
EI,0.008059069810747966,7,svm_rbf,5
FE,0.005505387300546758,7,svm_rbf,6
NT,0.004682044468063142,7,svm_rbf,7
R,0.004636986145444383,7,svm_rbf,8
_SolventAccessibilityD3001,0.004589717017632458,7,svm_rbf,9
WF,0.004458850651805752,7,svm_rbf,10
M,0.003752428357558596,7,svm_rbf,11
V,0.0034309066591328985,7,svm_rbf,12
_SolventAccessibilityD3050,0.003407253007756649,7,svm_rbf,13
YI,0.0031446442822807546,7,svm_rbf,14
AD,0.0030691379114256238,7,svm_rbf,15
G,0.0030371946237533498,7,svm_rbf,16
QN,0.0029325217844017293,7,svm_rbf,17
QG,0.002836560141398207,7,svm_rbf,18
CV,0.002779675388763403,7,svm_rbf,19
SL,0.0027075319905751805,7,svm_rbf,20
_ChargeD3075,0.0027034150011161053,7,svm_rbf,21
_PolarizabilityD1050,0.0026421719493759954,7,svm_rbf,22
FL,0.002599859411595847,7,svm_rbf,23
L,0.002585467566615116,7,svm_rbf,24
EY,0.0025001759735785146,7,svm_rbf,25
EH,0.002412670241480669,7,svm_rbf,26
_SecondaryStrD3001,0.002411701203602477,7,svm_rbf,27
_PolarizabilityD1025,0.0024047130392533833,7,svm_rbf,28
YV,0.0023902283918948008,7,svm_rbf,29
_PolarityD2025,0.002372104157676884,7,svm_rbf,30
SN,0.0023593688359359595,7,svm_rbf,31
LY,0.0023373876885906582,7,svm_rbf,32
IL,0.0022802787000034434,7,svm_rbf,33
ND,0.0022726615529952117,7,svm_rbf,34
AS,0.002266868927860444,7,svm_rbf,35
_HydrophobicityC2,0.0022565373491050585,7,svm_rbf,36
K,0.0022441574030019826,7,svm_rbf,37
_SolventAccessibilityC2,0.0022014912151607944,7,svm_rbf,38
E,0.0021832282996356654,7,svm_rbf,39
_SecondaryStrD2100,0.002162270713410818,7,svm_rbf,40
VM,0.00216192120203618,7,svm_rbf,41
PA,0.0021364379644657483,7,svm_rbf,42
EV,0.002131302044548794,7,svm_rbf,43
_PolarizabilityT13,0.002129355412796765,7,svm_rbf,44
DF,0.002124550663805281,7,svm_rbf,45
_PolarizabilityD2001,0.0021075741709979437,7,svm_rbf,46
_SolventAccessibilityD2100,0.00209206911096119,7,svm_rbf,47
CN,0.0020909004612062036,7,svm_rbf,48
_ChargeD1050,0.002090747732725487,7,svm_rbf,49
_SecondaryStrC1,0.0020810304975217016,7,svm_rbf,50
pI,0.0020715821801778013,7,svm_rbf,51
_PolarityD3025,0.0020279278769963693,7,svm_rbf,52
DK,0.0020221125410433537,7,svm_rbf,53
MR,0.0020209845837958623,7,svm_rbf,54
GQ,0.002014626992704747,7,svm_rbf,55
KY,0.002003606194045331,7,svm_rbf,56
LH,0.001953465750254316,7,svm_rbf,57
_NormalizedVDWVD1001,0.0019514969488781063,7,svm_rbf,58
QE,0.0019458502395381175,7,svm_rbf,59
_SecondaryStrD1050,0.0019295048612482744,7,svm_rbf,60
AQ,0.0019100279039890647,7,svm_rbf,61
SF,0.001889595879370708,7,svm_rbf,62
AT,0.0018182722887100677,7,svm_rbf,63
_PolarizabilityD2050,0.001817420753148398,7,svm_rbf,64
_PolarizabilityD1100,0.001799100287420261,7,svm_rbf,65
AC,0.0017935639667205888,7,svm_rbf,66
_ChargeT12,0.0017870440295112504,7,svm_rbf,67
I,0.0017835824534900163,7,svm_rbf,68
KH,0.0017813986453698056,7,svm_rbf,69
_SolventAccessibilityD2001,0.0016920726470384705,7,svm_rbf,70
MD,0.0016463271299286203,7,svm_rbf,71
_SolventAccessibilityD3025,0.0016257478184517609,7,svm_rbf,72
PW,0.001611275110380249,7,svm_rbf,73
_PolarityD2100,0.0016040184765242034,7,svm_rbf,74
_NormalizedVDWVD3050,0.0016004933794710571,7,svm_rbf,75
_NormalizedVDWVD3100,0.0015867030618716737,7,svm_rbf,76
_SolventAccessibilityC1,0.0015755308852293416,7,svm_rbf,77
NN,0.001530180687118165,7,svm_rbf,78
_NormalizedVDWVD3001,0.0015228189255732819,7,svm_rbf,79
_SecondaryStrT12,0.0015210887735027977,7,svm_rbf,80
YG,0.001518938964788121,7,svm_rbf,81
CP,0.0015121925346203889,7,svm_rbf,82
EE,0.0015095655484801704,7,svm_rbf,83
LD,0.0015042722039143334,7,svm_rbf,84
TG,0.0014953333169074696,7,svm_rbf,85
TI,0.0014653530080064054,7,svm_rbf,86
DS,0.0014591797905902516,7,svm_rbf,87
VY,0.001421881837938187,7,svm_rbf,88
IP,0.0014217997468804842,7,svm_rbf,89
II,0.0014098307641710053,7,svm_rbf,90
TD,0.0014012122536269395,7,svm_rbf,91
HW,0.0013861566079976357,7,svm_rbf,92
N,0.0013843180042533267,7,svm_rbf,93
CQ,0.0013826656627214178,7,svm_rbf,94
_HydrophobicityD1001,0.0013799404506243027,7,svm_rbf,95
KG,0.0013690957167062545,7,svm_rbf,96
FC,0.001365175675633246,7,svm_rbf,97
_PolarizabilityT23,0.001359256679685149,7,svm_rbf,98
WC,0.0013588184830164926,7,svm_rbf,99
KN,0.0013533640350044563,7,svm_rbf,100
_PolarityD1050,0.0013475970763943256,7,svm_rbf,101
_PolarityC3,0.0013441307114865622,7,svm_rbf,102
NC,0.001329557401600457,7,svm_rbf,103
RS,0.0013262903288496302,7,svm_rbf,104
_HydrophobicityD2050,0.0013194028848414088,7,svm_rbf,105
VP,0.0013181871166755399,7,svm_rbf,106
VD,0.001303055714994656,7,svm_rbf,107
DP,0.0013007825970478104,7,svm_rbf,108
KK,0.0012854066328576593,7,svm_rbf,109
_ChargeD1075,0.0012821426518209672,7,svm_rbf,110
_ChargeD2025,0.001254154369042436,7,svm_rbf,111
DV,0.0012323257124612127,7,svm_rbf,112
CE,0.0012317357219375912,7,svm_rbf,113
QA,0.0012287199144880702,7,svm_rbf,114
HY,0.001214721330673144,7,svm_rbf,115
_NormalizedVDWVT12,0.0012001937310407939,7,svm_rbf,116
_NormalizedVDWVD2100,0.0011869554362141305,7,svm_rbf,117
PQ,0.0011725107688786368,7,svm_rbf,118
IH,0.0011666523176046494,7,svm_rbf,119
AM,0.0011664477371547111,7,svm_rbf,120
MM,0.0011537068285529836,7,svm_rbf,121
DD,0.0011509617061069976,7,svm_rbf,122
YN,0.0011487447750882754,7,svm_rbf,123
PF,0.0011317525965559127,7,svm_rbf,124
HM,0.001121127805532063,7,svm_rbf,125
FA,0.0010972345396067407,7,svm_rbf,126
_PolarizabilityC2,0.0010885047785941925,7,svm_rbf,127
TH,0.0010880860856687258,7,svm_rbf,128
KR,0.0010811261525182502,7,svm_rbf,129
_ChargeT13,0.0010793819060389228,7,svm_rbf,130
KW,0.001063522308153343,7,svm_rbf,131
_HydrophobicityC1,0.0010215967057788083,7,svm_rbf,132
KQ,0.0010210834574453287,7,svm_rbf,133
FF,0.0010198334639226017,7,svm_rbf,134
WT,0.00101360075245475,7,svm_rbf,135
LG,0.0010124232880955022,7,svm_rbf,136
ED,0.0010110307864262347,7,svm_rbf,137
DC,0.0010083004473194924,7,svm_rbf,138
AE,0.0010007012577813211,7,svm_rbf,139
_SecondaryStrD1100,0.000989459670469179,7,svm_rbf,140
HF,0.0009851852190154206,7,svm_rbf,141
PE,0.0009835346469255564,7,svm_rbf,142
YQ,0.0009552530164251148,7,svm_rbf,143
KF,0.0009442383594120522,7,svm_rbf,144
MI,0.000941210045849681,7,svm_rbf,145
QS,0.0009372584241345831,7,svm_rbf,146
LL,0.0009349584160128883,7,svm_rbf,147
LM,0.0009349454852970878,7,svm_rbf,148
NR,0.0009148447429634234,7,svm_rbf,149
_PolarityD1100,0.0009041820331743217,7,svm_rbf,150
LA,0.0008975798916011185,7,svm_rbf,151
LR,0.0008923820853916097,7,svm_rbf,152
VE,0.0008894920774792718,7,svm_rbf,153
RI,0.0008792307890994488,7,svm_rbf,154
YK,0.0008789163571437888,7,svm_rbf,155
YY,0.000875368270153526,7,svm_rbf,156
HC,0.0008742707952279673,7,svm_rbf,157
QP,0.0008631267516589974,7,svm_rbf,158
_PolarityD3001,0.0008367198290903896,7,svm_rbf,159
TN,0.0008362724753064818,7,svm_rbf,160
W,0.0008298635775749901,7,svm_rbf,161
FG,0.0008268931404037405,7,svm_rbf,162
DI,0.0008258105145988314,7,svm_rbf,163
_PolarityC1,0.0008230481997896417,7,svm_rbf,164
LQ,0.0008134398959732095,7,svm_rbf,165
AN,0.0008128624314848378,7,svm_rbf,166
ST,0.0008033838070040406,7,svm_rbf,167
HQ,0.0007977252377157225,7,svm_rbf,168
PT,0.0007949667861906645,7,svm_rbf,169
_NormalizedVDWVD1025,0.0007940688200352744,7,svm_rbf,170
DH,0.0007890061668428491,7,svm_rbf,171
QH,0.0007740431350034536,7,svm_rbf,172
NV,0.0007719293315362713,7,svm_rbf,173
IG,0.0007708012119143442,7,svm_rbf,174
GC,0.000769079126794097,7,svm_rbf,175
CW,0.0007677871670678598,7,svm_rbf,176
_SecondaryStrT23,0.0007665900167019775,7,svm_rbf,177
IQ,0.000763850380123102,7,svm_rbf,178
_SecondaryStrD2025,0.0007553343922605468,7,svm_rbf,179
KL,0.000748466102771381,7,svm_rbf,180
_SolventAccessibilityT23,0.0007336924563320792,7,svm_rbf,181
_PolarityC2,0.0007271481208931341,7,svm_rbf,182
_SolventAccessibilityD1001,0.0007201172837974916,7,svm_rbf,183
_PolarizabilityD1001,0.0007190227801259077,7,svm_rbf,184
MY,0.0007009848035182067,7,svm_rbf,185
_PolarizabilityD3025,0.0006844337535938943,7,svm_rbf,186
_HydrophobicityT12,0.0006813567682967223,7,svm_rbf,187
LK,0.0006779830029695121,7,svm_rbf,188
_PolarityD1075,0.000677761891928241,7,svm_rbf,189
_SecondaryStrD3075,0.0006731055686238016,7,svm_rbf,190
IY,0.00067196973300925,7,svm_rbf,191
GL,0.0006713841843374416,7,svm_rbf,192
KD,0.0006707770268617501,7,svm_rbf,193
FY,0.0006707230357324308,7,svm_rbf,194
_PolarityT13,0.0006662917317742999,7,svm_rbf,195
DN,0.0006624894152651945,7,svm_rbf,196
DY,0.0006579628848270531,7,svm_rbf,197
_NormalizedVDWVD3075,0.000652055091751414,7,svm_rbf,198
D,0.0006388719928899123,7,svm_rbf,199
TQ,0.0006372805138085587,7,svm_rbf,200
HR,0.000633227936510066,7,svm_rbf,201
_PolarityD1001,0.000632457825909888,7,svm_rbf,202
HH,0.0006233565676612711,7,svm_rbf,203
IV,0.0006206102482251651,7,svm_rbf,204
_NormalizedVDWVC1,0.0006194146211192614,7,svm_rbf,205
_NormalizedVDWVD1075,0.0006176401155895811,7,svm_rbf,206
SK,0.000613048726589171,7,svm_rbf,207
TM,0.0006090862375999195,7,svm_rbf,208
_PolarizabilityC1,0.0006074325927316639,7,svm_rbf,209
SY,0.0006036926678933102,7,svm_rbf,210
NL,0.0006017490928607832,7,svm_rbf,211
NA,0.0005995543338751107,7,svm_rbf,212
EC,0.0005860425218313795,7,svm_rbf,213
VV,0.000585844653782333,7,svm_rbf,214
_SecondaryStrD1025,0.0005811575773986209,7,svm_rbf,215
_SolventAccessibilityD3075,0.0005794783212784,7,svm_rbf,216
EK,0.000575420516770446,7,svm_rbf,217
_NormalizedVDWVD2075,0.000570014712473284,7,svm_rbf,218
_PolarizabilityD3075,0.0005639911858551119,7,svm_rbf,219
_ChargeC3,0.0005624562513768525,7,svm_rbf,220
_PolarizabilityT12,0.0005573586313169625,7,svm_rbf,221
AP,0.0005517567664442406,7,svm_rbf,222
VW,0.000547835831246707,7,svm_rbf,223
AF,0.000541608098787301,7,svm_rbf,224
MP,0.0005383178035591174,7,svm_rbf,225
C,0.0005358213047602389,7,svm_rbf,226
CA,0.0005340747678371288,7,svm_rbf,227
IT,0.000529295471696223,7,svm_rbf,228
_HydrophobicityD2100,0.0005249486061484731,7,svm_rbf,229
YT,0.0005233662711592619,7,svm_rbf,230
A,0.0005205806671456501,7,svm_rbf,231
SH,0.0005181459796974211,7,svm_rbf,232
FT,0.0005176546057185733,7,svm_rbf,233
DR,0.0005133504746870064,7,svm_rbf,234
RK,0.0005127459264233396,7,svm_rbf,235
_ChargeD1100,0.000512088784627199,7,svm_rbf,236
AR,0.0005118290618330391,7,svm_rbf,237
_PolarityD2001,0.0005079216839565843,7,svm_rbf,238
KI,0.0005020346927500662,7,svm_rbf,239
QY,0.0005005000473579949,7,svm_rbf,240
QF,0.0004994173943861051,7,svm_rbf,241
SG,0.0004976173163745578,7,svm_rbf,242
GI,0.0004955617289001827,7,svm_rbf,243
_ChargeD2075,0.0004954266406464992,7,svm_rbf,244
NE,0.00048813173651282354,7,svm_rbf,245
DT,0.0004865056358282681,7,svm_rbf,246
_NormalizedVDWVD2025,0.0004805643176237582,7,svm_rbf,247
SC,0.0004797913908341215,7,svm_rbf,248
YE,0.000479204288764375,7,svm_rbf,249
ET,0.00047451058741319657,7,svm_rbf,250
_NormalizedVDWVD1100,0.0004737625929405556,7,svm_rbf,251
_HydrophobicityD1075,0.00046832896446192493,7,svm_rbf,252
RH,0.00046734741679758414,7,svm_rbf,253
LT,0.00046479328295629454,7,svm_rbf,254
EM,0.0004452399979551031,7,svm_rbf,255
_SecondaryStrC2,0.0004393021215489718,7,svm_rbf,256
HN,0.0004377665781390849,7,svm_rbf,257
PV,0.00043428992358076084,7,svm_rbf,258
HL,0.00043180550937051447,7,svm_rbf,259
GW,0.00041844174374082427,7,svm_rbf,260
HK,0.00041739631558984094,7,svm_rbf,261
IM,0.0004158310899673469,7,svm_rbf,262
AG,0.0004153626811880537,7,svm_rbf,263
FM,0.000415083179844101,7,svm_rbf,264
_HydrophobicityD1100,0.00041189920563849047,7,svm_rbf,265
MK,0.0004109536997396515,7,svm_rbf,266
FI,0.0004102552097901921,7,svm_rbf,267
WI,0.00040760685031647237,7,svm_rbf,268
instability,0.00040653301303178533,7,svm_rbf,269
_PolarityD3100,0.000406401636258603,7,svm_rbf,270
GP,0.0003982780252175856,7,svm_rbf,271
_SolventAccessibilityD1100,0.0003980587274154139,7,svm_rbf,272
NS,0.0003935510024906753,7,svm_rbf,273
_SolventAccessibilityD2075,0.0003896866952404173,7,svm_rbf,274
GA,0.00037774134060291774,7,svm_rbf,275
VQ,0.00037422372304709515,7,svm_rbf,276
GM,0.00037301209220411315,7,svm_rbf,277
P,0.0003659256023216094,7,svm_rbf,278
EP,0.0003625300823802458,7,svm_rbf,279
CM,0.00035877116431195345,7,svm_rbf,280
HS,0.0003582650322100627,7,svm_rbf,281
_NormalizedVDWVD2001,0.00035763070910304354,7,svm_rbf,282
QC,0.0003567831775733414,7,svm_rbf,283
CI,0.00035671984133959817,7,svm_rbf,284
DL,0.00035671417547731947,7,svm_rbf,285
_HydrophobicityD3075,0.0003545512537982966,7,svm_rbf,286
LV,0.00035348123031059134,7,svm_rbf,287
_HydrophobicityD3025,0.0003518144989061703,7,svm_rbf,288
SM,0.0003484267551556886,7,svm_rbf,289
IA,0.00034743250120394754,7,svm_rbf,290
RN,0.0003422902883351527,7,svm_rbf,291
EQ,0.0003417332457748385,7,svm_rbf,292
QK,0.0003390037359948821,7,svm_rbf,293
NI,0.0003388635260354559,7,svm_rbf,294
RF,0.0003379285492260789,7,svm_rbf,295
_ChargeC1,0.0003375153180060718,7,svm_rbf,296
MA,0.0003327717548336509,7,svm_rbf,297
_NormalizedVDWVD2050,0.0003319127878602583,7,svm_rbf,298
CT,0.0003314067005395285,7,svm_rbf,299
MF,0.0003251919783766123,7,svm_rbf,300
GN,0.00032377197171402694,7,svm_rbf,301
RW,0.00032250277386690606,7,svm_rbf,302
YA,0.00032141128609736435,7,svm_rbf,303
MV,0.00032035150141650497,7,svm_rbf,304
ME,0.00031781242612206954,7,svm_rbf,305
SS,0.0003146803564662162,7,svm_rbf,306
RD,0.0003076359140477622,7,svm_rbf,307
TA,0.0003062783793544228,7,svm_rbf,308
QM,0.0003040238177652598,7,svm_rbf,309
KE,0.0002932499721398143,7,svm_rbf,310
_HydrophobicityD3001,0.00029231983663826873,7,svm_rbf,311
IR,0.00029184241911063753,7,svm_rbf,312
_SecondaryStrT13,0.00028404613450657443,7,svm_rbf,313
IC,0.00028346382849500466,7,svm_rbf,314
PM,0.0002834394923712381,7,svm_rbf,315
KV,0.00028325552318150723,7,svm_rbf,316
IW,0.0002826620205922659,7,svm_rbf,317
HI,0.000282348950100258,7,svm_rbf,318
_HydrophobicityC3,0.00028224727067278373,7,svm_rbf,319
AA,0.00027464123852995415,7,svm_rbf,320
IF,0.0002745482081409741,7,svm_rbf,321
_PolarityD2075,0.00027338094825592017,7,svm_rbf,322
_ChargeD3100,0.0002694246060892996,7,svm_rbf,323
NY,0.00026907342192325246,7,svm_rbf,324
NK,0.00026046467890669943,7,svm_rbf,325
IS,0.00025882436459392395,7,svm_rbf,326
_PolarizabilityD1075,0.0002580526149426907,7,svm_rbf,327
TP,0.00025529909656812314,7,svm_rbf,328
_ChargeD3001,0.0002521110912919906,7,svm_rbf,329
_SolventAccessibilityC3,0.0002500270251923223,7,svm_rbf,330
YP,0.00024863565358644596,7,svm_rbf,331
_PolarityD3050,0.0002459807145137795,7,svm_rbf,332
_PolarizabilityD3050,0.00024330099948606014,7,svm_rbf,333
_PolarityD1025,0.0002426008853989369,7,svm_rbf,334
_NormalizedVDWVD1050,0.00023702103862837995,7,svm_rbf,335
VF,0.00023688456344868057,7,svm_rbf,336
QW,0.00023612269030755793,7,svm_rbf,337
RM,0.00023515270112364533,7,svm_rbf,338
GH,0.00022897586027699704,7,svm_rbf,339
KA,0.00022234047665750572,7,svm_rbf,340
DW,0.0002219295316775577,7,svm_rbf,341
_ChargeD3050,0.0002129645362798996,7,svm_rbf,342
_NormalizedVDWVT23,0.00020587866112192638,7,svm_rbf,343
MH,0.0002015585597748645,7,svm_rbf,344
_ChargeD1001,0.00020031770050326224,7,svm_rbf,345
VS,0.0001995115579401699,7,svm_rbf,346
_SecondaryStrD3025,0.0001984490331758316,7,svm_rbf,347
DM,0.00019748493846942548,7,svm_rbf,348
_ChargeT23,0.0001972949588585226,7,svm_rbf,349
_SecondaryStrC3,0.00019700883922429242,7,svm_rbf,350
GE,0.0001966682429561825,7,svm_rbf,351
RQ,0.00019629641727232378,7,svm_rbf,352
WS,0.00019235244696563412,7,svm_rbf,353
_HydrophobicityT23,0.00019002233389741577,7,svm_rbf,354
WL,0.00018963033845260027,7,svm_rbf,355
GK,0.0001885137534779223,7,svm_rbf,356
GY,0.00018631817419029862,7,svm_rbf,357
IK,0.0001807320545413821,7,svm_rbf,358
LE,0.00017962886589415839,7,svm_rbf,359
VC,0.00017674625950511215,7,svm_rbf,360
_HydrophobicityD3100,0.0001759598200359654,7,svm_rbf,361
_HydrophobicityD2075,0.00017212405131211708,7,svm_rbf,362
_NormalizedVDWVC2,0.00016824946679445837,7,svm_rbf,363
MC,0.00016824946679445837,7,svm_rbf,364
VG,0.00016761141779770617,7,svm_rbf,365
PK,0.00016673343761194214,7,svm_rbf,366
LP,0.00016622004321553555,7,svm_rbf,367
QL,0.00015863915462784105,7,svm_rbf,368
_SolventAccessibilityD1075,0.00015646047198372305,7,svm_rbf,369
TS,0.0001497786548641821,7,svm_rbf,370
WR,0.00014749812599527877,7,svm_rbf,371
AL,0.00014321115934333534,7,svm_rbf,372
ER,0.0001409302336679072,7,svm_rbf,373
_PolarityD3075,0.00014034680295839667,7,svm_rbf,374
_PolarizabilityD3100,0.00013731829098813557,7,svm_rbf,375
EG,0.00013138770222337123,7,svm_rbf,376
VI,0.00012821431220298642,7,svm_rbf,377
QI,0.00012349855099936028,7,svm_rbf,378
MS,0.00012278929781811502,7,svm_rbf,379
YR,0.00012252892754437527,7,svm_rbf,380
_SolventAccessibilityD3100,0.00011421795467252062,7,svm_rbf,381
QQ,0.00011385257762943263,7,svm_rbf,382
_SecondaryStrD2001,0.00011215338286785399,7,svm_rbf,383
_SecondaryStrD1075,0.00011048068579776236,7,svm_rbf,384
NM,0.00010966037382019567,7,svm_rbf,385
_HydrophobicityD1025,0.00010747955176786936,7,svm_rbf,386
GG,0.00010467208628134881,7,svm_rbf,387
ID,0.00010415372384309682,7,svm_rbf,388
VT,9.991362842178904e-05,7,svm_rbf,389
IN,9.892086071181628e-05,7,svm_rbf,390
AV,9.807595111647693e-05,7,svm_rbf,391
FV,9.406653469937331e-05,7,svm_rbf,392
FP,9.24781553755831e-05,7,svm_rbf,393
LW,9.2315473136731e-05,7,svm_rbf,394
_ChargeD3025,9.187205013615504e-05,7,svm_rbf,395
PG,9.100928651385521e-05,7,svm_rbf,396
RA,8.811007608830549e-05,7,svm_rbf,397
MG,8.794971578886643e-05,7,svm_rbf,398
PC,8.686582118998749e-05,7,svm_rbf,399
_SecondaryStrD1001,8.392405302382748e-05,7,svm_rbf,400
KM,8.281029567985318e-05,7,svm_rbf,401
_SolventAccessibilityT13,8.154180047967432e-05,7,svm_rbf,402
TR,7.730661860689162e-05,7,svm_rbf,403
LI,7.578304697897822e-05,7,svm_rbf,404
SI,7.553651733269464e-05,7,svm_rbf,405
_PolarizabilityD2075,7.539911628829375e-05,7,svm_rbf,406
FK,7.533917777792697e-05,7,svm_rbf,407
GF,7.489028787840526e-05,7,svm_rbf,408
PI,7.08128354980369e-05,7,svm_rbf,409
AK,6.967191651906102e-05,7,svm_rbf,410
QR,6.900818275957519e-05,7,svm_rbf,411
SE,6.832556475965379e-05,7,svm_rbf,412
SP,6.820198481220931e-05,7,svm_rbf,413
EF,6.173052445316196e-05,7,svm_rbf,414
KC,6.03681212092129e-05,7,svm_rbf,415
AH,5.845147675822005e-05,7,svm_rbf,416
_SecondaryStrD3050,5.811691007665865e-05,7,svm_rbf,417
CK,5.748730310361572e-05,7,svm_rbf,418
_PolarizabilityD2100,5.732771962168115e-05,7,svm_rbf,419
_PolarityT12,5.721229317407858e-05,7,svm_rbf,420
EW,5.6664719053775735e-05,7,svm_rbf,421
_HydrophobicityD2025,5.5464359262534337e-05,7,svm_rbf,422
SA,4.892592919232335e-05,7,svm_rbf,423
S,4.630717314964162e-05,7,svm_rbf,424
QV,4.560112478045605e-05,7,svm_rbf,425
HD,4.5203610686994e-05,7,svm_rbf,426
_PolarityT23,3.9438633388020666e-05,7,svm_rbf,427
F,3.9206548376677364e-05,7,svm_rbf,428
IE,3.7918652548617835e-05,7,svm_rbf,429
CR,3.280714183146738e-05,7,svm_rbf,430
YL,3.179020841379573e-05,7,svm_rbf,431
GR,2.784298093858422e-05,7,svm_rbf,432
KS,2.5912159859499128e-05,7,svm_rbf,433
VN,2.3377574259347136e-05,7,svm_rbf,434
GS,1.8080061288167903e-05,7,svm_rbf,435
HV,1.5571440295653612e-05,7,svm_rbf,436
RG,1.5149501335031391e-05,7,svm_rbf,437
_SecondaryStrD2050,1.4247146160586426e-05,7,svm_rbf,438
CG,1.2503189072491787e-05,7,svm_rbf,439
_SolventAccessibilityD2025,2.2917183273350254e-06,7,svm_rbf,440
_NormalizedVDWVD3025,1.6982254788354049e-06,7,svm_rbf,441
_PolarityD2050,0.0,7,svm_rbf,442
VK,0.0,7,svm_rbf,443
DE,0.0,7,svm_rbf,444
_PolarizabilityC3,0.0,7,svm_rbf,445
TK,0.0,7,svm_rbf,446
TL,0.0,7,svm_rbf,447
VA,0.0,7,svm_rbf,448
DA,0.0,7,svm_rbf,449
CY,0.0,7,svm_rbf,450
VH,0.0,7,svm_rbf,451
CS,0.0,7,svm_rbf,452
TT,0.0,7,svm_rbf,453
TV,0.0,7,svm_rbf,454
TW,0.0,7,svm_rbf,455
CL,0.0,7,svm_rbf,456
Y,0.0,7,svm_rbf,457
TY,0.0,7,svm_rbf,458
VL,0.0,7,svm_rbf,459
WG,0.0,7,svm_rbf,460
CH,0.0,7,svm_rbf,461
T,0.0,7,svm_rbf,462
WV,0.0,7,svm_rbf,463
WW,0.0,7,svm_rbf,464
WY,0.0,7,svm_rbf,465
YC,0.0,7,svm_rbf,466
YD,0.0,7,svm_rbf,467
AI,0.0,7,svm_rbf,468
YF,0.0,7,svm_rbf,469
YH,0.0,7,svm_rbf,470
_HydrophobicityD3050,0.0,7,svm_rbf,471
YM,0.0,7,svm_rbf,472
_HydrophobicityD2001,0.0,7,svm_rbf,473
_HydrophobicityD1050,0.0,7,svm_rbf,474
YS,0.0,7,svm_rbf,475
aromaticity,0.0,7,svm_rbf,476
YW,0.0,7,svm_rbf,477
H,0.0,7,svm_rbf,478
WQ,0.0,7,svm_rbf,479
WP,0.0,7,svm_rbf,480
WD,0.0,7,svm_rbf,481
VR,0.0,7,svm_rbf,482
CF,0.0,7,svm_rbf,483
CD,0.0,7,svm_rbf,484
CC,0.0,7,svm_rbf,485
WA,0.0,7,svm_rbf,486
Q,0.0,7,svm_rbf,487
WE,0.0,7,svm_rbf,488
WN,0.0,7,svm_rbf,489
AY,0.0,7,svm_rbf,490
DQ,0.0,7,svm_rbf,491
WH,0.0,7,svm_rbf,492
AW,0.0,7,svm_rbf,493
WK,0.0,7,svm_rbf,494
WM,0.0,7,svm_rbf,495
DG,0.0,7,svm_rbf,496
LS,0.0,7,svm_rbf,497
TE,0.0,7,svm_rbf,498
NH,0.0,7,svm_rbf,499
NP,0.0,7,svm_rbf,500
NQ,0.0,7,svm_rbf,501
NW,0.0,7,svm_rbf,502
PD,0.0,7,svm_rbf,503
PH,0.0,7,svm_rbf,504
HT,0.0,7,svm_rbf,505
PL,0.0,7,svm_rbf,506
HP,0.0,7,svm_rbf,507
PN,0.0,7,svm_rbf,508
PP,0.0,7,svm_rbf,509
HG,0.0,7,svm_rbf,510
PR,0.0,7,svm_rbf,511
PS,0.0,7,svm_rbf,512
HE,0.0,7,svm_rbf,513
PY,0.0,7,svm_rbf,514
_SolventAccessibilityD2050,0.0,7,svm_rbf,515
NG,0.0,7,svm_rbf,516
QD,0.0,7,svm_rbf,517
NF,0.0,7,svm_rbf,518
LN,0.0,7,svm_rbf,519
_PolarizabilityD3001,0.0,7,svm_rbf,520
LF,0.0,7,svm_rbf,521
LC,0.0,7,svm_rbf,522
KT,0.0,7,svm_rbf,523
ML,0.0,7,svm_rbf,524
_HydrophobicityT13,0.0,7,svm_rbf,525
MN,0.0,7,svm_rbf,526
MQ,0.0,7,svm_rbf,527
_SolventAccessibilityD1025,0.0,7,svm_rbf,528
MT,0.0,7,svm_rbf,529
_SolventAccessibilityD1050,0.0,7,svm_rbf,530
MW,0.0,7,svm_rbf,531
KP,0.0,7,svm_rbf,532
_NormalizedVDWVT13,0.0,7,svm_rbf,533
_SolventAccessibilityT12,0.0,7,svm_rbf,534
HA,0.0,7,svm_rbf,535
TC,0.0,7,svm_rbf,536
RT,0.0,7,svm_rbf,537
FD,0.0,7,svm_rbf,538
RY,0.0,7,svm_rbf,539
_ChargeD1025,0.0,7,svm_rbf,540
SD,0.0,7,svm_rbf,541
_ChargeD2001,0.0,7,svm_rbf,542
ES,0.0,7,svm_rbf,543
EN,0.0,7,svm_rbf,544
EL,0.0,7,svm_rbf,545
_ChargeC2,0.0,7,svm_rbf,546
SQ,0.0,7,svm_rbf,547
SR,0.0,7,svm_rbf,548
_ChargeD2050,0.0,7,svm_rbf,549
SV,0.0,7,svm_rbf,550
SW,0.0,7,svm_rbf,551
_ChargeD2100,0.0,7,svm_rbf,552
_PolarizabilityD2025,0.0,7,svm_rbf,553
_SecondaryStrD3100,0.0,7,svm_rbf,554
GV,0.0,7,svm_rbf,555
RR,0.0,7,svm_rbf,556
GT,0.0,7,svm_rbf,557
_SecondaryStrD2075,0.0,7,svm_rbf,558
_NormalizedVDWVC3,0.0,7,svm_rbf,559
GD,0.0,7,svm_rbf,560
QT,0.0,7,svm_rbf,561
FW,0.0,7,svm_rbf,562
RC,0.0,7,svm_rbf,563
FS,0.0,7,svm_rbf,564
RE,0.0,7,svm_rbf,565
FR,0.0,7,svm_rbf,566
FQ,0.0,7,svm_rbf,567
FN,0.0,7,svm_rbf,568
RL,0.0,7,svm_rbf,569
RP,0.0,7,svm_rbf,570
FH,0.0,7,svm_rbf,571
RV,0.0,7,svm_rbf,572
_PolarizabilityD3025,1101282841334652.1,8,svm_rbf,1
_HydrophobicityD1075,1101282841334651.9,8,svm_rbf,2
K,365691122277.3803,8,svm_rbf,3
AA,365691122277.37994,8,svm_rbf,4
TL,0.20572374120766035,8,svm_rbf,5
YH,0.19550730611675735,8,svm_rbf,6
QQ,0.10462493031326617,8,svm_rbf,7
_PolarityD3100,0.08427787150767856,8,svm_rbf,8
_ChargeT23,0.0553112168835088,8,svm_rbf,9
YY,0.02477476926995216,8,svm_rbf,10
QS,0.010376849862311474,8,svm_rbf,11
MG,0.010032608109683261,8,svm_rbf,12
FE,0.0077532054912522776,8,svm_rbf,13
KQ,0.0072309638556035125,8,svm_rbf,14
PE,0.006867689089637866,8,svm_rbf,15
_SecondaryStrC3,0.005354340705845103,8,svm_rbf,16
_ChargeT13,0.004946922026831652,8,svm_rbf,17
SG,0.004453095683285999,8,svm_rbf,18
_SolventAccessibilityD3025,0.004330942811223384,8,svm_rbf,19
SE,0.004328716169664511,8,svm_rbf,20
WF,0.004178884240262162,8,svm_rbf,21
WP,0.004102114418748906,8,svm_rbf,22
E,0.0037909879723930845,8,svm_rbf,23
SA,0.0037285789928116807,8,svm_rbf,24
_PolarizabilityC3,0.0034973664609679717,8,svm_rbf,25
FT,0.0034855479882472335,8,svm_rbf,26
TQ,0.003417377572176127,8,svm_rbf,27
mw,0.003373616926543398,8,svm_rbf,28
EI,0.0033618468138563594,8,svm_rbf,29
_PolarityT23,0.0033238861127153157,8,svm_rbf,30
VC,0.003180441961497953,8,svm_rbf,31
_PolarityC3,0.0030084795554995926,8,svm_rbf,32
HG,0.0028969790601996366,8,svm_rbf,33
_SolventAccessibilityT12,0.002727679913757865,8,svm_rbf,34
_HydrophobicityD2100,0.0026934299126981464,8,svm_rbf,35
_PolarizabilityD3075,0.0026787668636020123,8,svm_rbf,36
_SolventAccessibilityT23,0.0025752952761610025,8,svm_rbf,37
MK,0.002377710406501062,8,svm_rbf,38
_PolarityC2,0.002277567478632943,8,svm_rbf,39
PN,0.002233108800337673,8,svm_rbf,40
D,0.002199878736297251,8,svm_rbf,41
_SecondaryStrD1100,0.002184046167260771,8,svm_rbf,42
_PolarizabilityC2,0.0021013883974936943,8,svm_rbf,43
CD,0.002089500419120698,8,svm_rbf,44
IP,0.002071015478248248,8,svm_rbf,45
MV,0.0020437740587670116,8,svm_rbf,46
QK,0.0019714472198627624,8,svm_rbf,47
_ChargeD2075,0.0019530040930228732,8,svm_rbf,48
length,0.0018696520573553126,8,svm_rbf,49
DI,0.0018553059966029317,8,svm_rbf,50
EG,0.0018073727975095675,8,svm_rbf,51
FL,0.0017422721189146028,8,svm_rbf,52
_SecondaryStrD2025,0.0017188918646170882,8,svm_rbf,53
GW,0.0017018114211695859,8,svm_rbf,54
VR,0.0016681165234915508,8,svm_rbf,55
QC,0.0016666348056666707,8,svm_rbf,56
_SecondaryStrD3025,0.0016459833695724431,8,svm_rbf,57
ID,0.0016317953917064547,8,svm_rbf,58
_NormalizedVDWVC1,0.001529248944651728,8,svm_rbf,59
QA,0.0015016663287441595,8,svm_rbf,60
IS,0.0014726797930896326,8,svm_rbf,61
_SecondaryStrD3001,0.0014330309089855187,8,svm_rbf,62
TM,0.001429657522986181,8,svm_rbf,63
_PolarizabilityC1,0.0014010810320480346,8,svm_rbf,64
VI,0.0013521679913837618,8,svm_rbf,65
VM,0.0013509276062927055,8,svm_rbf,66
_PolarizabilityD2001,0.0013004032547472477,8,svm_rbf,67
YI,0.0012985997333403768,8,svm_rbf,68
CY,0.0012930932261109526,8,svm_rbf,69
HE,0.001283104930561991,8,svm_rbf,70
_PolarizabilityD3050,0.0012541509273998597,8,svm_rbf,71
PA,0.001227539981228923,8,svm_rbf,72
AP,0.001215396720932369,8,svm_rbf,73
instability,0.0012134387772008534,8,svm_rbf,74
SV,0.0011818412867024932,8,svm_rbf,75
DT,0.001150314125421973,8,svm_rbf,76
KF,0.0011300984594088718,8,svm_rbf,77
QL,0.0011028351786958714,8,svm_rbf,78
P,0.0010873892798388023,8,svm_rbf,79
YM,0.0010715900958643437,8,svm_rbf,80
_SolventAccessibilityD1100,0.0010588266228247758,8,svm_rbf,81
SK,0.0010177994243907933,8,svm_rbf,82
MI,0.0010145043808505708,8,svm_rbf,83
IC,0.0009978012114376432,8,svm_rbf,84
PY,0.0009711711831292419,8,svm_rbf,85
_SecondaryStrD3100,0.0009678388770915424,8,svm_rbf,86
_SecondaryStrD1001,0.000962544690396616,8,svm_rbf,87
_PolarizabilityD2075,0.0009507611391390711,8,svm_rbf,88
KV,0.0009499249223217724,8,svm_rbf,89
LE,0.0009297944878826656,8,svm_rbf,90
CN,0.0009228144237603005,8,svm_rbf,91
LL,0.0008821232683037584,8,svm_rbf,92
_NormalizedVDWVD3050,0.0008453861897865562,8,svm_rbf,93
EE,0.0008204600148507322,8,svm_rbf,94
FP,0.0008010742632028776,8,svm_rbf,95
DR,0.0007911902150732014,8,svm_rbf,96
_HydrophobicityT13,0.0007663655544547371,8,svm_rbf,97
PH,0.0007575959063272957,8,svm_rbf,98
CA,0.0007509436757944991,8,svm_rbf,99
DW,0.0007260584207782314,8,svm_rbf,100
M,0.0006730953866943343,8,svm_rbf,101
HA,0.0006683238580131134,8,svm_rbf,102
QH,0.0006660720021828543,8,svm_rbf,103
AG,0.0006472839151025745,8,svm_rbf,104
GC,0.000622898353048268,8,svm_rbf,105
_ChargeD1075,0.0006179465991371106,8,svm_rbf,106
VA,0.0006017338969886235,8,svm_rbf,107
_HydrophobicityD3025,0.0005996059092738854,8,svm_rbf,108
RH,0.000596314704425582,8,svm_rbf,109
PK,0.0005924240857019119,8,svm_rbf,110
CL,0.0005834460713069365,8,svm_rbf,111
V,0.0005762105791585839,8,svm_rbf,112
_PolarityD2001,0.0005664039825139528,8,svm_rbf,113
LI,0.0005661308714285496,8,svm_rbf,114
GQ,0.0005624942130751868,8,svm_rbf,115
EC,0.0005612033436236024,8,svm_rbf,116
WI,0.0005537107768623136,8,svm_rbf,117
VE,0.0005391094110858759,8,svm_rbf,118
_ChargeD3001,0.0005337484951566788,8,svm_rbf,119
KA,0.0005229195516003493,8,svm_rbf,120
_SecondaryStrD3050,0.0005069063680956465,8,svm_rbf,121
_ChargeD3050,0.0004985949531124191,8,svm_rbf,122
_NormalizedVDWVD2100,0.000494490757443318,8,svm_rbf,123
aromaticity,0.0004940913823327824,8,svm_rbf,124
LD,0.0004929570381348988,8,svm_rbf,125
EQ,0.000490989333743328,8,svm_rbf,126
ND,0.0004806351308241622,8,svm_rbf,127
_HydrophobicityD1050,0.0004791433521271337,8,svm_rbf,128
PP,0.0004729184032495473,8,svm_rbf,129
NR,0.0004631187139544043,8,svm_rbf,130
GV,0.00046278464301955253,8,svm_rbf,131
GD,0.0004621361200056605,8,svm_rbf,132
GH,0.0004610299288977048,8,svm_rbf,133
QP,0.00045955481069988075,8,svm_rbf,134
_PolarizabilityD1025,0.0004551138201872819,8,svm_rbf,135
MT,0.00044281498131907264,8,svm_rbf,136
SP,0.0004345088871107372,8,svm_rbf,137
TT,0.0004297945446326322,8,svm_rbf,138
KR,0.0004284057082787247,8,svm_rbf,139
KM,0.00042520611668984395,8,svm_rbf,140
_NormalizedVDWVD2001,0.0004224856417934037,8,svm_rbf,141
AN,0.0004165211573534977,8,svm_rbf,142
_PolarityD3050,0.0004111873408083506,8,svm_rbf,143
_PolarityD3001,0.00040453326984185307,8,svm_rbf,144
VD,0.0003982600902612171,8,svm_rbf,145
_NormalizedVDWVD3100,0.0003967989886447241,8,svm_rbf,146
CI,0.00039003164024975284,8,svm_rbf,147
AT,0.0003860447153132411,8,svm_rbf,148
LY,0.00038498484786695037,8,svm_rbf,149
MR,0.00038122511737540254,8,svm_rbf,150
IR,0.0003769192103815642,8,svm_rbf,151
pI,0.0003753142679504202,8,svm_rbf,152
RI,0.00037128642660716775,8,svm_rbf,153
MQ,0.0003654607949185755,8,svm_rbf,154
_SolventAccessibilityD3100,0.00036269873164646694,8,svm_rbf,155
RE,0.00035945255164628417,8,svm_rbf,156
EH,0.00034082047935242747,8,svm_rbf,157
PW,0.0003402900099854755,8,svm_rbf,158
VQ,0.0003316793722982387,8,svm_rbf,159
_NormalizedVDWVD2075,0.0003311700321343648,8,svm_rbf,160
_NormalizedVDWVD3025,0.000330063150120688,8,svm_rbf,161
CW,0.00032659299673759215,8,svm_rbf,162
LK,0.00032296153111380303,8,svm_rbf,163
VS,0.0003185729249398073,8,svm_rbf,164
G,0.0003043498809538129,8,svm_rbf,165
_PolarizabilityD1001,0.0003024818380637769,8,svm_rbf,166
ET,0.00030232995876631054,8,svm_rbf,167
IV,0.00030201824595471686,8,svm_rbf,168
KN,0.0003006187735531829,8,svm_rbf,169
_HydrophobicityC3,0.0002995704494907578,8,svm_rbf,170
HN,0.00029937607151491494,8,svm_rbf,171
DF,0.0002936321223237492,8,svm_rbf,172
_SecondaryStrT23,0.00028832358047726494,8,svm_rbf,173
_SecondaryStrD1050,0.0002824124523183277,8,svm_rbf,174
_NormalizedVDWVT13,0.0002766881293193791,8,svm_rbf,175
_SolventAccessibilityC1,0.0002687760195354388,8,svm_rbf,176
AF,0.000263977063740081,8,svm_rbf,177
IM,0.00025661238576377235,8,svm_rbf,178
Y,0.00025611998751494326,8,svm_rbf,179
KL,0.0002561148370136259,8,svm_rbf,180
HF,0.00025273335198366454,8,svm_rbf,181
_PolarizabilityD1075,0.0002515200886314097,8,svm_rbf,182
AW,0.00025091226750075765,8,svm_rbf,183
NP,0.0002491124091933068,8,svm_rbf,184
VK,0.00024791858399267114,8,svm_rbf,185
MS,0.00024571109502988155,8,svm_rbf,186
KE,0.000244067180438137,8,svm_rbf,187
AS,0.00024364975031501197,8,svm_rbf,188
_NormalizedVDWVD2025,0.00024208618741728232,8,svm_rbf,189
_PolarityD1075,0.00024074680155968933,8,svm_rbf,190
YC,0.0002383895227781075,8,svm_rbf,191
LV,0.00023815960073750902,8,svm_rbf,192
SF,0.0002362309040345791,8,svm_rbf,193
GR,0.00022914102170880086,8,svm_rbf,194
EY,0.00022787588964819804,8,svm_rbf,195
ML,0.00022326851369002538,8,svm_rbf,196
FF,0.000222756280869094,8,svm_rbf,197
_PolarityD1100,0.00021199934315653806,8,svm_rbf,198
TF,0.00021193941677411857,8,svm_rbf,199
QV,0.0002103997095802382,8,svm_rbf,200
LF,0.00020928211631554845,8,svm_rbf,201
GP,0.00020708734794399887,8,svm_rbf,202
SD,0.00020394232071291953,8,svm_rbf,203
_SolventAccessibilityT13,0.0002034691975445092,8,svm_rbf,204
QI,0.00020029102107815597,8,svm_rbf,205
_SecondaryStrD2001,0.00019189127464390316,8,svm_rbf,206
GL,0.00018760032804013713,8,svm_rbf,207
MH,0.00018697167005512876,8,svm_rbf,208
PR,0.00018578074498750016,8,svm_rbf,209
DN,0.0001857028217028655,8,svm_rbf,210
L,0.00018540780794438217,8,svm_rbf,211
HT,0.00018438940117144283,8,svm_rbf,212
KG,0.00018420714275159105,8,svm_rbf,213
_HydrophobicityD1100,0.00018146501584783778,8,svm_rbf,214
NK,0.00017827751427768594,8,svm_rbf,215
DD,0.0001748065478288952,8,svm_rbf,216
_HydrophobicityC2,0.0001724348548561319,8,svm_rbf,217
NM,0.00016785438917841326,8,svm_rbf,218
NS,0.00016688532127990616,8,svm_rbf,219
RP,0.0001639040187982813,8,svm_rbf,220
_PolarizabilityD2100,0.00016284205874557604,8,svm_rbf,221
PG,0.00016019819198967756,8,svm_rbf,222
_SolventAccessibilityD2075,0.00016009634629906777,8,svm_rbf,223
_NormalizedVDWVD3001,0.0001587673885382542,8,svm_rbf,224
TN,0.00015792276144253246,8,svm_rbf,225
YS,0.00015753341634607183,8,svm_rbf,226
GM,0.00015738224951732175,8,svm_rbf,227
QG,0.00015513478903216523,8,svm_rbf,228
EL,0.00015450365199032917,8,svm_rbf,229
_SolventAccessibilityD3050,0.00015412421766564894,8,svm_rbf,230
_SolventAccessibilityD1075,0.0001536090298818118,8,svm_rbf,231
_ChargeD2100,0.00014917604332524503,8,svm_rbf,232
YG,0.00014885682742817166,8,svm_rbf,233
_PolarizabilityD1050,0.00014744665766437573,8,svm_rbf,234
FV,0.0001464263650105959,8,svm_rbf,235
HL,0.00014633921334147868,8,svm_rbf,236
GA,0.00014421461301817825,8,svm_rbf,237
W,0.00014273484457633874,8,svm_rbf,238
CT,0.00014238017570864878,8,svm_rbf,239
YP,0.00014172556713734126,8,svm_rbf,240
_PolarityD3025,0.00014067553608930767,8,svm_rbf,241
_ChargeD2050,0.000139394279895663,8,svm_rbf,242
VT,0.0001391452351842645,8,svm_rbf,243
_NormalizedVDWVD1075,0.0001390713871367525,8,svm_rbf,244
_NormalizedVDWVC2,0.0001376035221233667,8,svm_rbf,245
S,0.00013644804793154548,8,svm_rbf,246
_ChargeC1,0.00013644804793154546,8,svm_rbf,247
_HydrophobicityD3001,0.00013539094748030948,8,svm_rbf,248
KP,0.00013370156203766393,8,svm_rbf,249
RK,0.00013304045088698418,8,svm_rbf,250
AQ,0.00013216104639620214,8,svm_rbf,251
NY,0.00013134079217984502,8,svm_rbf,252
_PolarizabilityD2050,0.00012835105976911676,8,svm_rbf,253
YD,0.00012683379766108627,8,svm_rbf,254
WT,0.0001252422439709594,8,svm_rbf,255
_HydrophobicityD2075,0.00012326869323181337,8,svm_rbf,256
ES,0.00012298476282967345,8,svm_rbf,257
_PolarityD2025,0.00012184297824969348,8,svm_rbf,258
FR,0.00012169065823984544,8,svm_rbf,259
DC,0.00012164121780502451,8,svm_rbf,260
IE,0.00012023023017156405,8,svm_rbf,261
_ChargeD1050,0.00011806945208575213,8,svm_rbf,262
AI,0.00011723589081469164,8,svm_rbf,263
IH,0.00011634734303058315,8,svm_rbf,264
_PolarityD1025,0.00011544109091858652,8,svm_rbf,265
_ChargeC3,0.00011534999168752486,8,svm_rbf,266
PM,0.0001151021240325973,8,svm_rbf,267
DG,0.00011502060597730396,8,svm_rbf,268
DY,0.00011393105361640277,8,svm_rbf,269
RQ,0.00011359295399971003,8,svm_rbf,270
TK,0.00011245366223692654,8,svm_rbf,271
_HydrophobicityD1025,0.00011241846414211345,8,svm_rbf,272
TI,0.00011136760099150052,8,svm_rbf,273
RG,0.00011091707026067359,8,svm_rbf,274
AR,0.00011070756306304562,8,svm_rbf,275
RY,0.00010885303514660501,8,svm_rbf,276
IN,0.00010700292986538696,8,svm_rbf,277
WA,0.00010588302408964254,8,svm_rbf,278
YA,0.00010499445201358993,8,svm_rbf,279
EV,0.0001037476680824591,8,svm_rbf,280
_PolarityT12,0.00010290921578683544,8,svm_rbf,281
_ChargeD1025,0.00010280285563261875,8,svm_rbf,282
RM,0.00010279419055391366,8,svm_rbf,283
MP,0.00010130522437830646,8,svm_rbf,284
_PolarityD1001,0.00010086176889590611,8,svm_rbf,285
_ChargeC2,0.00010048904593902123,8,svm_rbf,286
GI,0.00010045458314194594,8,svm_rbf,287
_SecondaryStrD2100,0.00010041827642322545,8,svm_rbf,288
RW,9.99657789054677e-05,8,svm_rbf,289
CG,9.987623037599915e-05,8,svm_rbf,290
NG,9.96646912659245e-05,8,svm_rbf,291
FN,9.886954496585863e-05,8,svm_rbf,292
NL,9.878961269316062e-05,8,svm_rbf,293
_SolventAccessibilityD2025,9.515267919863136e-05,8,svm_rbf,294
SW,9.480691568654585e-05,8,svm_rbf,295
LA,9.415458366776234e-05,8,svm_rbf,296
NQ,9.35065821953763e-05,8,svm_rbf,297
EN,9.04227569913812e-05,8,svm_rbf,298
EK,8.985204424930955e-05,8,svm_rbf,299
IL,8.978460237888654e-05,8,svm_rbf,300
RD,8.789819647544604e-05,8,svm_rbf,301
_ChargeD2025,8.758039329736181e-05,8,svm_rbf,302
_NormalizedVDWVD1025,8.757040493346641e-05,8,svm_rbf,303
AL,8.669208568646068e-05,8,svm_rbf,304
DK,8.613881617729396e-05,8,svm_rbf,305
C,8.598655054790589e-05,8,svm_rbf,306
MA,8.596256338405787e-05,8,svm_rbf,307
_SolventAccessibilityD2001,8.433116139796691e-05,8,svm_rbf,308
LH,8.322611289726403e-05,8,svm_rbf,309
FH,8.32126201817094e-05,8,svm_rbf,310
IT,8.132898555920047e-05,8,svm_rbf,311
VF,8.10483999813281e-05,8,svm_rbf,312
LN,8.093667393129063e-05,8,svm_rbf,313
IK,8.040307506145747e-05,8,svm_rbf,314
R,8.010969782627992e-05,8,svm_rbf,315
_NormalizedVDWVD3075,7.938552310224639e-05,8,svm_rbf,316
_PolarityT13,7.928503001614443e-05,8,svm_rbf,317
TE,7.839733959259661e-05,8,svm_rbf,318
LT,7.778017307938698e-05,8,svm_rbf,319
H,7.732685835811391e-05,8,svm_rbf,320
TS,7.693417661166798e-05,8,svm_rbf,321
_SecondaryStrD1025,7.628042240785154e-05,8,svm_rbf,322
EA,7.518377832451713e-05,8,svm_rbf,323
VY,7.316378633242244e-05,8,svm_rbf,324
_NormalizedVDWVT12,7.197580645989934e-05,8,svm_rbf,325
_NormalizedVDWVT23,7.126682905857012e-05,8,svm_rbf,326
EW,7.076977974060746e-05,8,svm_rbf,327
DS,7.04074151001443e-05,8,svm_rbf,328
KK,7.011933456078295e-05,8,svm_rbf,329
CE,6.958831636528348e-05,8,svm_rbf,330
LR,6.948228881648324e-05,8,svm_rbf,331
TG,6.77002575594041e-05,8,svm_rbf,332
_SecondaryStrT12,6.755730298526183e-05,8,svm_rbf,333
DA,6.755119461823021e-05,8,svm_rbf,334
CP,6.738141529901974e-05,8,svm_rbf,335
SN,6.5607970670837e-05,8,svm_rbf,336
SL,6.515486502877297e-05,8,svm_rbf,337
RV,6.412069189999132e-05,8,svm_rbf,338
TW,6.325596241787687e-05,8,svm_rbf,339
_HydrophobicityD3050,6.272039122474116e-05,8,svm_rbf,340
QE,6.216097896713063e-05,8,svm_rbf,341
AE,6.16454200154413e-05,8,svm_rbf,342
MY,6.159457313084725e-05,8,svm_rbf,343
_HydrophobicityD3075,6.0877059505274264e-05,8,svm_rbf,344
YK,6.041995317024844e-05,8,svm_rbf,345
_SolventAccessibilityC3,6.0009412807606194e-05,8,svm_rbf,346
HS,5.877057187104169e-05,8,svm_rbf,347
MF,5.846420506577022e-05,8,svm_rbf,348
AC,5.653289145757648e-05,8,svm_rbf,349
FW,5.642534848185283e-05,8,svm_rbf,350
_SolventAccessibilityC2,5.5629077380982114e-05,8,svm_rbf,351
WK,5.5627822386949326e-05,8,svm_rbf,352
_PolarizabilityT12,5.4501358288059274e-05,8,svm_rbf,353
DQ,5.380520498354526e-05,8,svm_rbf,354
LG,5.3455008680800743e-05,8,svm_rbf,355
RL,5.3399831329641094e-05,8,svm_rbf,356
_NormalizedVDWVD2050,5.217057392579051e-05,8,svm_rbf,357
_HydrophobicityT12,5.060260471280411e-05,8,svm_rbf,358
_SecondaryStrD2050,5.001000234220989e-05,8,svm_rbf,359
_PolarizabilityT13,4.940363565684336e-05,8,svm_rbf,360
_PolarityD2075,4.801979302602113e-05,8,svm_rbf,361
PV,4.76805366474853e-05,8,svm_rbf,362
_SecondaryStrD2075,4.766269528898609e-05,8,svm_rbf,363
IA,4.761829139359515e-05,8,svm_rbf,364
AH,4.749369841186806e-05,8,svm_rbf,365
_ChargeD1100,4.627835313763184e-05,8,svm_rbf,366
WG,4.600731588813634e-05,8,svm_rbf,367
_NormalizedVDWVC3,4.546681288840202e-05,8,svm_rbf,368
PD,4.499118989483619e-05,8,svm_rbf,369
_HydrophobicityT23,4.466131472307982e-05,8,svm_rbf,370
KW,4.4617001979537367e-05,8,svm_rbf,371
QR,4.411153369500296e-05,8,svm_rbf,372
VL,4.355521696745441e-05,8,svm_rbf,373
PF,4.261174497903566e-05,8,svm_rbf,374
_NormalizedVDWVD1050,4.2306877879734725e-05,8,svm_rbf,375
TR,4.181974937988492e-05,8,svm_rbf,376
RN,4.0573458016190085e-05,8,svm_rbf,377
_SolventAccessibilityD1001,3.9021351690798714e-05,8,svm_rbf,378
FI,3.87304380712646e-05,8,svm_rbf,379
RR,3.869350211496483e-05,8,svm_rbf,380
_HydrophobicityC1,3.746170006715951e-05,8,svm_rbf,381
NH,3.7376625005782605e-05,8,svm_rbf,382
F,3.672641316727154e-05,8,svm_rbf,383
LQ,3.5973426731843156e-05,8,svm_rbf,384
_PolarizabilityT23,3.553216876322532e-05,8,svm_rbf,385
_HydrophobicityD3100,3.54892330112465e-05,8,svm_rbf,386
KY,3.5430131466854545e-05,8,svm_rbf,387
_PolarityD2100,3.5002295728553755e-05,8,svm_rbf,388
AM,3.482198723175728e-05,8,svm_rbf,389
PT,3.419982986922271e-05,8,svm_rbf,390
T,3.323791860603382e-05,8,svm_rbf,391
ER,3.3227971987287856e-05,8,svm_rbf,392
_PolarizabilityD3100,3.318486676811094e-05,8,svm_rbf,393
TD,3.2242553167784155e-05,8,svm_rbf,394
_SolventAccessibilityD3001,3.2059263175115455e-05,8,svm_rbf,395
FQ,3.129353577887209e-05,8,svm_rbf,396
PS,2.8582143557145597e-05,8,svm_rbf,397
AV,2.846045544960918e-05,8,svm_rbf,398
AD,2.8121431169763766e-05,8,svm_rbf,399
HM,2.7128718620771605e-05,8,svm_rbf,400
EP,2.4748735630028156e-05,8,svm_rbf,401
_HydrophobicityD2050,2.4538771826448624e-05,8,svm_rbf,402
FY,2.384562398260927e-05,8,svm_rbf,403
DH,2.2738568886767502e-05,8,svm_rbf,404
FG,2.1799807930502047e-05,8,svm_rbf,405
TV,2.1737244296530276e-05,8,svm_rbf,406
ST,2.1301637778441494e-05,8,svm_rbf,407
RA,2.046230778898454e-05,8,svm_rbf,408
VW,1.9988691345946727e-05,8,svm_rbf,409
RC,1.9767628332642978e-05,8,svm_rbf,410
LW,1.834868185761552e-05,8,svm_rbf,411
PQ,1.7940149572591798e-05,8,svm_rbf,412
HD,1.7455218345584395e-05,8,svm_rbf,413
SI,1.6531726595499867e-05,8,svm_rbf,414
PL,1.5983611664160212e-05,8,svm_rbf,415
YT,1.509322260491188e-05,8,svm_rbf,416
YF,1.4965261379165351e-05,8,svm_rbf,417
GS,1.3762357049289128e-05,8,svm_rbf,418
RT,1.3171611015414014e-05,8,svm_rbf,419
IF,1.183526099070531e-05,8,svm_rbf,420
QN,1.0844880286142306e-05,8,svm_rbf,421
DM,8.702069009056074e-06,8,svm_rbf,422
ED,8.512935145420751e-06,8,svm_rbf,423
HQ,7.582142871680293e-06,8,svm_rbf,424
DP,7.344524745311261e-06,8,svm_rbf,425
_SecondaryStrD1075,7.314602651536139e-06,8,svm_rbf,426
N,6.830225386974906e-06,8,svm_rbf,427
IG,6.06054194572555e-06,8,svm_rbf,428
AK,5.534126546610698e-06,8,svm_rbf,429
SH,4.869178513852157e-06,8,svm_rbf,430
_ChargeT12,4.499229998675791e-06,8,svm_rbf,431
NF,4.237558054562231e-06,8,svm_rbf,432
_SolventAccessibilityD1050,3.5404711343487653e-06,8,svm_rbf,433
_NormalizedVDWVD1100,3.0958514535637392e-06,8,svm_rbf,434
II,2.5923019136158774e-06,8,svm_rbf,435
_SecondaryStrC2,0.0,8,svm_rbf,436
CK,0.0,8,svm_rbf,437
CH,0.0,8,svm_rbf,438
_PolarityD3075,0.0,8,svm_rbf,439
_NormalizedVDWVD1001,0.0,8,svm_rbf,440
TH,0.0,8,svm_rbf,441
VH,0.0,8,svm_rbf,442
CF,0.0,8,svm_rbf,443
_SecondaryStrC1,0.0,8,svm_rbf,444
CC,0.0,8,svm_rbf,445
A,0.0,8,svm_rbf,446
AY,0.0,8,svm_rbf,447
_HydrophobicityD1001,0.0,8,svm_rbf,448
_HydrophobicityD2001,0.0,8,svm_rbf,449
TP,0.0,8,svm_rbf,450
TY,0.0,8,svm_rbf,451
_HydrophobicityD2025,0.0,8,svm_rbf,452
VG,0.0,8,svm_rbf,453
_PolarityC1,0.0,8,svm_rbf,454
VN,0.0,8,svm_rbf,455
VP,0.0,8,svm_rbf,456
WV,0.0,8,svm_rbf,457
WW,0.0,8,svm_rbf,458
WY,0.0,8,svm_rbf,459
_SolventAccessibilityD2100,0.0,8,svm_rbf,460
_SolventAccessibilityD2050,0.0,8,svm_rbf,461
YE,0.0,8,svm_rbf,462
_SolventAccessibilityD1025,0.0,8,svm_rbf,463
_PolarizabilityD3001,0.0,8,svm_rbf,464
_PolarizabilityD2025,0.0,8,svm_rbf,465
YL,0.0,8,svm_rbf,466
_PolarizabilityD1100,0.0,8,svm_rbf,467
YN,0.0,8,svm_rbf,468
YQ,0.0,8,svm_rbf,469
YR,0.0,8,svm_rbf,470
_SecondaryStrT13,0.0,8,svm_rbf,471
YV,0.0,8,svm_rbf,472
YW,0.0,8,svm_rbf,473
WS,0.0,8,svm_rbf,474
WR,0.0,8,svm_rbf,475
WQ,0.0,8,svm_rbf,476
WD,0.0,8,svm_rbf,477
_PolarityD2050,0.0,8,svm_rbf,478
_PolarityD1050,0.0,8,svm_rbf,479
_ChargeD3100,0.0,8,svm_rbf,480
_ChargeD3075,0.0,8,svm_rbf,481
VV,0.0,8,svm_rbf,482
_ChargeD3025,0.0,8,svm_rbf,483
WC,0.0,8,svm_rbf,484
WE,0.0,8,svm_rbf,485
_SolventAccessibilityD3075,0.0,8,svm_rbf,486
_ChargeD2001,0.0,8,svm_rbf,487
_ChargeD1001,0.0,8,svm_rbf,488
WH,0.0,8,svm_rbf,489
_SecondaryStrD3075,0.0,8,svm_rbf,490
WL,0.0,8,svm_rbf,491
WM,0.0,8,svm_rbf,492
WN,0.0,8,svm_rbf,493
CM,0.0,8,svm_rbf,494
MN,0.0,8,svm_rbf,495
TC,0.0,8,svm_rbf,496
IQ,0.0,8,svm_rbf,497
NW,0.0,8,svm_rbf,498
KD,0.0,8,svm_rbf,499
KC,0.0,8,svm_rbf,500
PC,0.0,8,svm_rbf,501
IY,0.0,8,svm_rbf,502
Q,0.0,8,svm_rbf,503
IW,0.0,8,svm_rbf,504
PI,0.0,8,svm_rbf,505
QF,0.0,8,svm_rbf,506
HY,0.0,8,svm_rbf,507
HV,0.0,8,svm_rbf,508
HR,0.0,8,svm_rbf,509
HP,0.0,8,svm_rbf,510
HK,0.0,8,svm_rbf,511
HI,0.0,8,svm_rbf,512
QD,0.0,8,svm_rbf,513
NV,0.0,8,svm_rbf,514
NT,0.0,8,svm_rbf,515
KH,0.0,8,svm_rbf,516
KI,0.0,8,svm_rbf,517
ME,0.0,8,svm_rbf,518
MD,0.0,8,svm_rbf,519
MW,0.0,8,svm_rbf,520
MC,0.0,8,svm_rbf,521
NA,0.0,8,svm_rbf,522
NC,0.0,8,svm_rbf,523
NE,0.0,8,svm_rbf,524
LS,0.0,8,svm_rbf,525
LP,0.0,8,svm_rbf,526
NI,0.0,8,svm_rbf,527
LM,0.0,8,svm_rbf,528
LC,0.0,8,svm_rbf,529
NN,0.0,8,svm_rbf,530
KT,0.0,8,svm_rbf,531
KS,0.0,8,svm_rbf,532
HH,0.0,8,svm_rbf,533
HC,0.0,8,svm_rbf,534
TA,0.0,8,svm_rbf,535
SM,0.0,8,svm_rbf,536
EF,0.0,8,svm_rbf,537
I,0.0,8,svm_rbf,538
SC,0.0,8,svm_rbf,539
DV,0.0,8,svm_rbf,540
DL,0.0,8,svm_rbf,541
MM,0.0,8,svm_rbf,542
DE,0.0,8,svm_rbf,543
CV,0.0,8,svm_rbf,544
GY,0.0,8,svm_rbf,545
CS,0.0,8,svm_rbf,546
SQ,0.0,8,svm_rbf,547
SR,0.0,8,svm_rbf,548
SS,0.0,8,svm_rbf,549
CR,0.0,8,svm_rbf,550
CQ,0.0,8,svm_rbf,551
SY,0.0,8,svm_rbf,552
EM,0.0,8,svm_rbf,553
RS,0.0,8,svm_rbf,554
FA,0.0,8,svm_rbf,555
FC,0.0,8,svm_rbf,556
GT,0.0,8,svm_rbf,557
QM,0.0,8,svm_rbf,558
GN,0.0,8,svm_rbf,559
GK,0.0,8,svm_rbf,560
GG,0.0,8,svm_rbf,561
QT,0.0,8,svm_rbf,562
GF,0.0,8,svm_rbf,563
QW,0.0,8,svm_rbf,564
QY,0.0,8,svm_rbf,565
GE,0.0,8,svm_rbf,566
RF,0.0,8,svm_rbf,567
FS,0.0,8,svm_rbf,568
FM,0.0,8,svm_rbf,569
FK,0.0,8,svm_rbf,570
FD,0.0,8,svm_rbf,571
HW,0.0,8,svm_rbf,572
DM,26141026950676.934,9,svm_rbf,1
VC,26141026950676.926,9,svm_rbf,2
G,0.008267699345029057,9,svm_rbf,3
_SolventAccessibilityD1025,0.0061854530819095066,9,svm_rbf,4
TE,0.0060246756014834865,9,svm_rbf,5
_NormalizedVDWVC1,0.005506832552058954,9,svm_rbf,6
QK,0.004745562620062961,9,svm_rbf,7
ID,0.0043075040691375995,9,svm_rbf,8
_SolventAccessibilityT13,0.003984149087898507,9,svm_rbf,9
M,0.003971465833835203,9,svm_rbf,10
QG,0.0038755615618881528,9,svm_rbf,11
_SecondaryStrD1075,0.0037721079997337205,9,svm_rbf,12
_SecondaryStrD1100,0.0037675244683915542,9,svm_rbf,13
AN,0.0037449123146533615,9,svm_rbf,14
KP,0.00363215769922186,9,svm_rbf,15
_SecondaryStrD2050,0.003613773723089018,9,svm_rbf,16
FY,0.0036001893496554454,9,svm_rbf,17
_ChargeD3075,0.0034916136620240074,9,svm_rbf,18
IA,0.003478477781506786,9,svm_rbf,19
AD,0.0034076442990525215,9,svm_rbf,20
HW,0.0034061428057129343,9,svm_rbf,21
C,0.003319099119937348,9,svm_rbf,22
_HydrophobicityD3100,0.003303376101011018,9,svm_rbf,23
_SecondaryStrD2100,0.0032846520636191845,9,svm_rbf,24
WT,0.0032397628414708897,9,svm_rbf,25
FI,0.0031144633356568058,9,svm_rbf,26
SF,0.0030725772477478205,9,svm_rbf,27
RR,0.003022861166957837,9,svm_rbf,28
TA,0.002995651309752456,9,svm_rbf,29
WE,0.0029306346201920146,9,svm_rbf,30
WQ,0.002877563289839938,9,svm_rbf,31
_PolarityD1001,0.0028361850431464007,9,svm_rbf,32
KN,0.002562401890428464,9,svm_rbf,33
AF,0.002506546573640128,9,svm_rbf,34
WD,0.0024815786997839507,9,svm_rbf,35
_SolventAccessibilityD2050,0.002450220714644303,9,svm_rbf,36
MS,0.002414296342832726,9,svm_rbf,37
MV,0.00237448465116836,9,svm_rbf,38
_HydrophobicityD2075,0.002344334891927424,9,svm_rbf,39
DQ,0.0022455416662073647,9,svm_rbf,40
_SolventAccessibilityD2100,0.002243422339899267,9,svm_rbf,41
_HydrophobicityD3075,0.0022330995520933304,9,svm_rbf,42
_HydrophobicityD1100,0.0021930216735071045,9,svm_rbf,43
_SecondaryStrD3025,0.002184511655540879,9,svm_rbf,44
_HydrophobicityD1050,0.002158111069574146,9,svm_rbf,45
RG,0.0021470889452274763,9,svm_rbf,46
length,0.0021463154371337357,9,svm_rbf,47
_PolarizabilityD2050,0.0021336435869389312,9,svm_rbf,48
_HydrophobicityD2100,0.0021206442987383545,9,svm_rbf,49
IC,0.002100227316972844,9,svm_rbf,50
A,0.002099486438842768,9,svm_rbf,51
DC,0.002064208674880949,9,svm_rbf,52
_PolarizabilityD3050,0.00203954774216189,9,svm_rbf,53
FE,0.0020114844817594544,9,svm_rbf,54
KQ,0.0019290859366717706,9,svm_rbf,55
_PolarityD2100,0.0018926677492550892,9,svm_rbf,56
WA,0.0018920906360917137,9,svm_rbf,57
CS,0.001889517187976821,9,svm_rbf,58
_HydrophobicityD2025,0.0018640768941606631,9,svm_rbf,59
YH,0.0018400942895900807,9,svm_rbf,60
EA,0.0018187148565203242,9,svm_rbf,61
TN,0.0018173002878928684,9,svm_rbf,62
LS,0.0018160304665867564,9,svm_rbf,63
_PolarityD3001,0.0017878714434890358,9,svm_rbf,64
MI,0.0017585980490125133,9,svm_rbf,65
SR,0.0017473691623363285,9,svm_rbf,66
DD,0.0017293261746396697,9,svm_rbf,67
VW,0.0017285630139745056,9,svm_rbf,68
_SecondaryStrD2075,0.0016927745353421265,9,svm_rbf,69
EC,0.001658591207450054,9,svm_rbf,70
_SolventAccessibilityD1001,0.0016561994364023003,9,svm_rbf,71
EY,0.0016336749868958791,9,svm_rbf,72
PP,0.0015996020097435058,9,svm_rbf,73
CT,0.0015936010391069347,9,svm_rbf,74
_SolventAccessibilityC1,0.0015930833183924898,9,svm_rbf,75
TI,0.0015692512569455462,9,svm_rbf,76
DN,0.0015529486484961573,9,svm_rbf,77
AY,0.001543183979766823,9,svm_rbf,78
LP,0.0015419643615212485,9,svm_rbf,79
N,0.0015363697437079137,9,svm_rbf,80
_ChargeD2075,0.0015284610026326914,9,svm_rbf,81
CA,0.0015282237700889039,9,svm_rbf,82
CF,0.0015071783117940856,9,svm_rbf,83
IP,0.0014979255325715149,9,svm_rbf,84
RV,0.0014747865794608212,9,svm_rbf,85
W,0.001447570158396176,9,svm_rbf,86
_SolventAccessibilityC2,0.0014320623418254258,9,svm_rbf,87
_NormalizedVDWVT13,0.0014068214410985493,9,svm_rbf,88
HS,0.0013915908559837499,9,svm_rbf,89
_SecondaryStrT13,0.0013870267616976132,9,svm_rbf,90
KW,0.0013766912614067625,9,svm_rbf,91
L,0.0013722342192681264,9,svm_rbf,92
SA,0.0013619669525607064,9,svm_rbf,93
_PolarityT13,0.0013458097965278017,9,svm_rbf,94
LC,0.001333020647641357,9,svm_rbf,95
FK,0.0013313423785490973,9,svm_rbf,96
VM,0.0013258278529517397,9,svm_rbf,97
_ChargeC2,0.001321288870057144,9,svm_rbf,98
HE,0.0013039230088458303,9,svm_rbf,99
_PolarityC2,0.0012783737400256802,9,svm_rbf,100
DR,0.0012713295305227057,9,svm_rbf,101
_PolarizabilityD2075,0.0012381174113498248,9,svm_rbf,102
_NormalizedVDWVD2100,0.0012177640980842936,9,svm_rbf,103
LF,0.0012140434668595824,9,svm_rbf,104
DE,0.00121327546767256,9,svm_rbf,105
_PolarizabilityD3075,0.0012106322448662051,9,svm_rbf,106
EN,0.001195465895281366,9,svm_rbf,107
VV,0.0011785571007450607,9,svm_rbf,108
PD,0.001175327468290276,9,svm_rbf,109
_NormalizedVDWVD3025,0.0011710194898336688,9,svm_rbf,110
VL,0.0011670092926877732,9,svm_rbf,111
RE,0.0011578305833619576,9,svm_rbf,112
LV,0.0011554358767942943,9,svm_rbf,113
LE,0.0011454229388349392,9,svm_rbf,114
IW,0.0011248956756660937,9,svm_rbf,115
HF,0.0011181136365925864,9,svm_rbf,116
FR,0.0011162470640138406,9,svm_rbf,117
_ChargeD2025,0.0011105230207552992,9,svm_rbf,118
PF,0.0011083550783058916,9,svm_rbf,119
HQ,0.0010957472061213442,9,svm_rbf,120
IM,0.001094938715963249,9,svm_rbf,121
mw,0.001078655784292385,9,svm_rbf,122
VT,0.0010533794149678955,9,svm_rbf,123
GM,0.0010506891187303847,9,svm_rbf,124
NQ,0.0010459474682700425,9,svm_rbf,125
LG,0.0010389686773326673,9,svm_rbf,126
_SecondaryStrD2025,0.0010359225089885782,9,svm_rbf,127
KI,0.0010301967398110069,9,svm_rbf,128
RC,0.0010272917951756608,9,svm_rbf,129
_PolarityD2050,0.0010272199825268236,9,svm_rbf,130
WN,0.001017482411407234,9,svm_rbf,131
AH,0.001012486898095828,9,svm_rbf,132
IS,0.000994510235530976,9,svm_rbf,133
T,0.0009789043757868054,9,svm_rbf,134
EL,0.000976800573850052,9,svm_rbf,135
LH,0.0009661099149384959,9,svm_rbf,136
RI,0.000956232938212577,9,svm_rbf,137
_HydrophobicityC1,0.0009550956462490448,9,svm_rbf,138
GV,0.0009544892350898746,9,svm_rbf,139
IN,0.0009485057233013329,9,svm_rbf,140
DW,0.0009443453476229729,9,svm_rbf,141
GC,0.000931467838299399,9,svm_rbf,142
_SecondaryStrC3,0.0009286091370070287,9,svm_rbf,143
_SolventAccessibilityD3025,0.0009161297751310884,9,svm_rbf,144
NA,0.0009053326102431683,9,svm_rbf,145
GD,0.0008876431411931552,9,svm_rbf,146
PE,0.0008825021323505503,9,svm_rbf,147
AQ,0.0008818551703208756,9,svm_rbf,148
RT,0.0008609352602476385,9,svm_rbf,149
EK,0.0008566282879175721,9,svm_rbf,150
PY,0.0008430526094662578,9,svm_rbf,151
AK,0.0008377400218990293,9,svm_rbf,152
_ChargeT23,0.0008371098422909106,9,svm_rbf,153
_PolarityD3050,0.0008178710345401603,9,svm_rbf,154
HG,0.0008110850206995648,9,svm_rbf,155
GL,0.0008108804311032085,9,svm_rbf,156
_PolarityD1050,0.0007927979700960812,9,svm_rbf,157
_SolventAccessibilityD3075,0.0007872459922990631,9,svm_rbf,158
_ChargeC3,0.000786661235144857,9,svm_rbf,159
_SolventAccessibilityD1100,0.0007836085641673969,9,svm_rbf,160
_PolarityC3,0.0007822475823152672,9,svm_rbf,161
KA,0.0007797978485672722,9,svm_rbf,162
RH,0.0007781957564346599,9,svm_rbf,163
FP,0.0007678200690087117,9,svm_rbf,164
SQ,0.0007619107948936466,9,svm_rbf,165
SW,0.0007605298777353515,9,svm_rbf,166
WV,0.000748120783511514,9,svm_rbf,167
_SolventAccessibilityD2001,0.0007453681064599516,9,svm_rbf,168
CW,0.0007453512793419293,9,svm_rbf,169
_PolarizabilityD1050,0.0007430190349614208,9,svm_rbf,170
ED,0.0007396441994153267,9,svm_rbf,171
ML,0.0007387500220555045,9,svm_rbf,172
_PolarityT23,0.0007354487819317272,9,svm_rbf,173
_SecondaryStrC1,0.0007278229269209488,9,svm_rbf,174
GA,0.0007275986308041196,9,svm_rbf,175
FL,0.0007270000502481146,9,svm_rbf,176
IH,0.0007202583157348527,9,svm_rbf,177
VK,0.0007129895280887436,9,svm_rbf,178
_NormalizedVDWVD3100,0.0007093998388497616,9,svm_rbf,179
TY,0.0007093299379026471,9,svm_rbf,180
_ChargeD1025,0.0006985859406656862,9,svm_rbf,181
Y,0.0006922923127107061,9,svm_rbf,182
ME,0.0006908611660841207,9,svm_rbf,183
NE,0.0006856374380447006,9,svm_rbf,184
QN,0.0006727194121642472,9,svm_rbf,185
EE,0.0006636036501820928,9,svm_rbf,186
FC,0.0006603027258397414,9,svm_rbf,187
PC,0.0006561518454259064,9,svm_rbf,188
V,0.0006548831006435918,9,svm_rbf,189
YN,0.0006517251860867755,9,svm_rbf,190
TV,0.0006488015752457942,9,svm_rbf,191
_ChargeD2001,0.0006385384527407925,9,svm_rbf,192
LL,0.0006367484857130298,9,svm_rbf,193
AS,0.0006363138209881157,9,svm_rbf,194
SL,0.0006341001710101951,9,svm_rbf,195
VS,0.0006168627750041131,9,svm_rbf,196
_NormalizedVDWVD1001,0.0006113597030316692,9,svm_rbf,197
_HydrophobicityD3001,0.0006106110600135869,9,svm_rbf,198
AE,0.0006074813412407497,9,svm_rbf,199
FF,0.0005998864677016605,9,svm_rbf,200
GF,0.0005944863737991509,9,svm_rbf,201
_ChargeD1050,0.000592444177818629,9,svm_rbf,202
TK,0.0005874672601226256,9,svm_rbf,203
HL,0.0005816635390729887,9,svm_rbf,204
GG,0.0005672615303588843,9,svm_rbf,205
KD,0.000562933144801193,9,svm_rbf,206
_NormalizedVDWVD1025,0.0005595237495796915,9,svm_rbf,207
CP,0.0005583956054727306,9,svm_rbf,208
SK,0.0005576856375538077,9,svm_rbf,209
_PolarityD3025,0.0005519917755794961,9,svm_rbf,210
YF,0.0005467280955538655,9,svm_rbf,211
SP,0.0005385598225127031,9,svm_rbf,212
EG,0.0005353512606403059,9,svm_rbf,213
_SolventAccessibilityD1050,0.000531652899654633,9,svm_rbf,214
NY,0.0005288007089573192,9,svm_rbf,215
GR,0.000528668819777495,9,svm_rbf,216
_PolarizabilityC3,0.0005255184285488075,9,svm_rbf,217
CN,0.0005248184911816543,9,svm_rbf,218
PG,0.0005229184859593948,9,svm_rbf,219
_SolventAccessibilityD2075,0.0005171286513410762,9,svm_rbf,220
_PolarizabilityD2025,0.0005168833766428093,9,svm_rbf,221
TQ,0.0005143120321227883,9,svm_rbf,222
pI,0.0005126730405719736,9,svm_rbf,223
EQ,0.0005068585592667577,9,svm_rbf,224
HA,0.000504444084493912,9,svm_rbf,225
VF,0.0004969132635857427,9,svm_rbf,226
KG,0.0004964690932116699,9,svm_rbf,227
YL,0.0004895257069705141,9,svm_rbf,228
AA,0.0004893773591289127,9,svm_rbf,229
YY,0.0004806336225374057,9,svm_rbf,230
DG,0.00047550285836450446,9,svm_rbf,231
YR,0.00047091637333769793,9,svm_rbf,232
AP,0.00047079993463688274,9,svm_rbf,233
AC,0.0004628090101358875,9,svm_rbf,234
SS,0.00045758534698123513,9,svm_rbf,235
RY,0.0004525762954955019,9,svm_rbf,236
YP,0.0004519761407680986,9,svm_rbf,237
AL,0.00044521167761629775,9,svm_rbf,238
EV,0.00044088600252982285,9,svm_rbf,239
IE,0.0004379240520237729,9,svm_rbf,240
_SecondaryStrD1001,0.00042781362740914583,9,svm_rbf,241
GY,0.00042239607159797675,9,svm_rbf,242
PK,0.0004193024114868935,9,svm_rbf,243
HC,0.000411092413167644,9,svm_rbf,244
_SecondaryStrD1050,0.000407408266528054,9,svm_rbf,245
VY,0.0004045313078711619,9,svm_rbf,246
WK,0.00040424214579198425,9,svm_rbf,247
I,0.00039986933082543217,9,svm_rbf,248
DF,0.0003993599726891122,9,svm_rbf,249
DV,0.00039756834748464544,9,svm_rbf,250
WG,0.00039704348248911043,9,svm_rbf,251
KF,0.0003895865811351019,9,svm_rbf,252
GS,0.0003882919105091065,9,svm_rbf,253
KC,0.00038276160657844114,9,svm_rbf,254
QT,0.00038276160657844103,9,svm_rbf,255
PI,0.000371516669886645,9,svm_rbf,256
_SecondaryStrT12,0.00037149750302711945,9,svm_rbf,257
TG,0.00036913984392929303,9,svm_rbf,258
YK,0.0003668017813984759,9,svm_rbf,259
SN,0.00036626794042367614,9,svm_rbf,260
_PolarityD1075,0.00036556269753413196,9,svm_rbf,261
IF,0.00036552249002062506,9,svm_rbf,262
_SecondaryStrC2,0.0003636832899562146,9,svm_rbf,263
CQ,0.0003636654827655501,9,svm_rbf,264
QW,0.00035342427689581235,9,svm_rbf,265
MT,0.00035196782872485037,9,svm_rbf,266
RP,0.00034738065935527806,9,svm_rbf,267
ET,0.00033902547574051514,9,svm_rbf,268
CG,0.0003383695106384304,9,svm_rbf,269
LN,0.0003356822996418686,9,svm_rbf,270
KR,0.0003305235266562163,9,svm_rbf,271
KT,0.00032862085473061464,9,svm_rbf,272
TP,0.00032326587745565196,9,svm_rbf,273
_HydrophobicityT13,0.0003213189071797784,9,svm_rbf,274
SC,0.0003192351521599183,9,svm_rbf,275
GK,0.0003155693315904433,9,svm_rbf,276
_NormalizedVDWVD2050,0.0003111110641142294,9,svm_rbf,277
_NormalizedVDWVD3001,0.0003051201307439108,9,svm_rbf,278
H,0.0003036217518281905,9,svm_rbf,279
instability,0.00029780900350424985,9,svm_rbf,280
FV,0.0002970633612300619,9,svm_rbf,281
RQ,0.000295756758957041,9,svm_rbf,282
_PolarizabilityC1,0.0002942806485163164,9,svm_rbf,283
NS,0.0002932455591809821,9,svm_rbf,284
_PolarityD1100,0.00029287233185346177,9,svm_rbf,285
_HydrophobicityD1025,0.00029091560965545675,9,svm_rbf,286
_ChargeD3025,0.00028963361705793835,9,svm_rbf,287
QA,0.000287041989615616,9,svm_rbf,288
TC,0.00028658370221859613,9,svm_rbf,289
_PolarizabilityD3001,0.00028466547056548694,9,svm_rbf,290
KK,0.0002830793701737497,9,svm_rbf,291
GP,0.0002811172735822795,9,svm_rbf,292
LY,0.00028055879188737374,9,svm_rbf,293
YM,0.0002797324466402922,9,svm_rbf,294
_PolarizabilityT23,0.0002791542963242266,9,svm_rbf,295
HP,0.00027800748915116926,9,svm_rbf,296
_HydrophobicityC3,0.0002722179354973188,9,svm_rbf,297
ER,0.0002708639077081913,9,svm_rbf,298
SI,0.00026951826772825764,9,svm_rbf,299
FS,0.00026895593828298357,9,svm_rbf,300
_SecondaryStrD3001,0.0002654566830267373,9,svm_rbf,301
MM,0.0002569605247107701,9,svm_rbf,302
NG,0.00025602941656848366,9,svm_rbf,303
_SolventAccessibilityD3100,0.00025542414319038443,9,svm_rbf,304
QD,0.00025506890186029684,9,svm_rbf,305
PT,0.0002546831347745421,9,svm_rbf,306
YT,0.00025018454277677093,9,svm_rbf,307
_NormalizedVDWVD1075,0.00024622332777110524,9,svm_rbf,308
QC,0.0002447176396240362,9,svm_rbf,309
_PolarizabilityT13,0.00024297248723288364,9,svm_rbf,310
FN,0.00024229351181273182,9,svm_rbf,311
RK,0.00024072609711895583,9,svm_rbf,312
LD,0.0002380956325354218,9,svm_rbf,313
_ChargeD1001,0.00023734341851726126,9,svm_rbf,314
II,0.0002370521842003482,9,svm_rbf,315
RF,0.00023631635718031292,9,svm_rbf,316
KE,0.00023556426698048536,9,svm_rbf,317
PA,0.00023518540954467254,9,svm_rbf,318
_PolarityD2025,0.00023363763687626556,9,svm_rbf,319
_PolarizabilityC2,0.00023251930538571331,9,svm_rbf,320
_NormalizedVDWVT12,0.00023210217626356327,9,svm_rbf,321
_NormalizedVDWVD2025,0.00022609444799499674,9,svm_rbf,322
QP,0.00021857413623045386,9,svm_rbf,323
GT,0.00021767586649771965,9,svm_rbf,324
_ChargeD2100,0.00021734688880612943,9,svm_rbf,325
WC,0.00021529657352804783,9,svm_rbf,326
_SecondaryStrD2001,0.00021481660456108584,9,svm_rbf,327
CE,0.0002134171179529263,9,svm_rbf,328
YS,0.00021281579584852856,9,svm_rbf,329
GN,0.00021138393718351535,9,svm_rbf,330
AI,0.000208574237114214,9,svm_rbf,331
_NormalizedVDWVD3050,0.0002062144213366178,9,svm_rbf,332
CV,0.00020068775952241676,9,svm_rbf,333
VP,0.00019849385510714717,9,svm_rbf,334
AG,0.00019366146879676725,9,svm_rbf,335
IY,0.00019312340339288042,9,svm_rbf,336
LW,0.00019057725823508066,9,svm_rbf,337
NT,0.00018942976085430119,9,svm_rbf,338
_SecondaryStrT23,0.00018824068314098104,9,svm_rbf,339
EP,0.00018605192512681195,9,svm_rbf,340
YE,0.00018531970977729706,9,svm_rbf,341
TH,0.0001851727370203475,9,svm_rbf,342
_HydrophobicityT23,0.00018197319647848972,9,svm_rbf,343
_ChargeD2050,0.0001819644897045314,9,svm_rbf,344
_ChargeT13,0.0001804875932341737,9,svm_rbf,345
E,0.00017656584533614584,9,svm_rbf,346
GH,0.00017549748862702823,9,svm_rbf,347
DL,0.00017320644524683525,9,svm_rbf,348
QS,0.00017288064051730167,9,svm_rbf,349
YI,0.0001722526328866474,9,svm_rbf,350
_ChargeD3001,0.00016647486301408918,9,svm_rbf,351
LT,0.0001661347222273406,9,svm_rbf,352
PL,0.0001610958009388518,9,svm_rbf,353
P,0.00015802667703245313,9,svm_rbf,354
CR,0.00015778787311419664,9,svm_rbf,355
RN,0.00015539141384052888,9,svm_rbf,356
_PolarizabilityD3025,0.0001548590301423125,9,svm_rbf,357
CI,0.00015434526544457947,9,svm_rbf,358
TF,0.00014963111804110218,9,svm_rbf,359
DY,0.0001482737666945371,9,svm_rbf,360
EW,0.0001479315728348356,9,svm_rbf,361
SG,0.00014705153822402843,9,svm_rbf,362
RL,0.00014487030820240523,9,svm_rbf,363
PM,0.00014433088472013444,9,svm_rbf,364
YD,0.00014410336746417869,9,svm_rbf,365
SD,0.00014240568568063008,9,svm_rbf,366
Q,0.00014225943509190778,9,svm_rbf,367
IV,0.00014213581416780465,9,svm_rbf,368
YC,0.0001406672450482108,9,svm_rbf,369
WR,0.00013713283153079313,9,svm_rbf,370
EF,0.0001369033172872583,9,svm_rbf,371
VR,0.00013519745490669636,9,svm_rbf,372
CL,0.0001343426685742026,9,svm_rbf,373
AR,0.00013231440710207576,9,svm_rbf,374
NV,0.0001318015983520015,9,svm_rbf,375
MA,0.0001317950078546756,9,svm_rbf,376
_HydrophobicityD1075,0.0001315697356092741,9,svm_rbf,377
FG,0.00012617332711064514,9,svm_rbf,378
CY,0.00012446839179071868,9,svm_rbf,379
YV,0.00012130877531083269,9,svm_rbf,380
PH,0.00011841332504552554,9,svm_rbf,381
MP,0.0001146208885051276,9,svm_rbf,382
AW,0.00011454703915588054,9,svm_rbf,383
_PolarizabilityD1075,0.00011387808351157246,9,svm_rbf,384
DI,0.00011200868927171211,9,svm_rbf,385
_PolarityC1,0.00011011906135580917,9,svm_rbf,386
RD,0.00010917957218609034,9,svm_rbf,387
IT,0.00010848194525134559,9,svm_rbf,388
KV,0.00010364685720262922,9,svm_rbf,389
SV,0.0001030640977798793,9,svm_rbf,390
R,9.890065341660757e-05,9,svm_rbf,391
SH,9.826388461597424e-05,9,svm_rbf,392
RS,9.81756337115358e-05,9,svm_rbf,393
AM,9.515023730235494e-05,9,svm_rbf,394
_SecondaryStrD3050,9.274552715396072e-05,9,svm_rbf,395
YG,9.193582603680819e-05,9,svm_rbf,396
VD,9.116814748849243e-05,9,svm_rbf,397
KL,8.537003438350608e-05,9,svm_rbf,398
KS,8.208784956526235e-05,9,svm_rbf,399
_NormalizedVDWVC2,8.162929742966514e-05,9,svm_rbf,400
S,8.112767583336521e-05,9,svm_rbf,401
NN,8.06073625489499e-05,9,svm_rbf,402
CK,7.896349948931396e-05,9,svm_rbf,403
WF,7.885116683083672e-05,9,svm_rbf,404
RM,7.222370709746156e-05,9,svm_rbf,405
ND,6.675627241992017e-05,9,svm_rbf,406
NK,6.653223625627219e-05,9,svm_rbf,407
NH,6.358736684340233e-05,9,svm_rbf,408
TM,6.311630081849801e-05,9,svm_rbf,409
AT,6.283461242140801e-05,9,svm_rbf,410
IR,6.261216896156179e-05,9,svm_rbf,411
DS,6.205715705271501e-05,9,svm_rbf,412
TL,6.030602801071151e-05,9,svm_rbf,413
VG,5.4581165496843685e-05,9,svm_rbf,414
_HydrophobicityC2,5.4407590461378606e-05,9,svm_rbf,415
PN,5.3913149344855876e-05,9,svm_rbf,416
_HydrophobicityT12,4.3655561289025764e-05,9,svm_rbf,417
K,3.811410467682633e-05,9,svm_rbf,418
TD,3.723456050399511e-05,9,svm_rbf,419
_NormalizedVDWVD1100,3.654296652149513e-05,9,svm_rbf,420
aromaticity,3.608537246442228e-05,9,svm_rbf,421
EI,3.555282646118566e-05,9,svm_rbf,422
QM,3.507455197588244e-05,9,svm_rbf,423
_SolventAccessibilityD2025,2.7533573715858396e-05,9,svm_rbf,424
_PolarizabilityT12,2.6559600194923415e-05,9,svm_rbf,425
_PolarityD3100,2.6071476460132187e-05,9,svm_rbf,426
_SecondaryStrD1025,2.599611585907374e-05,9,svm_rbf,427
D,2.5557695955302908e-05,9,svm_rbf,428
_SolventAccessibilityC3,2.497925883015649e-05,9,svm_rbf,429
ST,1.9379761118450185e-05,9,svm_rbf,430
_HydrophobicityD2001,1.623585187329469e-05,9,svm_rbf,431
_PolarityD2001,1.4802462230111947e-05,9,svm_rbf,432
_PolarizabilityD2100,1.4169207936300918e-05,9,svm_rbf,433
NM,1.2401053066430773e-05,9,svm_rbf,434
QQ,1.0469797935182237e-05,9,svm_rbf,435
PR,9.617217105079468e-06,9,svm_rbf,436
TS,5.361201814594631e-06,9,svm_rbf,437
LM,5.019442591553958e-06,9,svm_rbf,438
LA,2.0899890688891534e-06,9,svm_rbf,439
_SolventAccessibilityD1075,1.050238929684557e-06,9,svm_rbf,440
_SecondaryStrD3075,1.0083852075583757e-06,9,svm_rbf,441
VE,0.0,9,svm_rbf,442
FD,0.0,9,svm_rbf,443
FT,0.0,9,svm_rbf,444
HN,0.0,9,svm_rbf,445
_NormalizedVDWVD2075,0.0,9,svm_rbf,446
VH,0.0,9,svm_rbf,447
VI,0.0,9,svm_rbf,448
DK,0.0,9,svm_rbf,449
HM,0.0,9,svm_rbf,450
HK,0.0,9,svm_rbf,451
AV,0.0,9,svm_rbf,452
VA,0.0,9,svm_rbf,453
HR,0.0,9,svm_rbf,454
HI,0.0,9,svm_rbf,455
_ChargeC1,0.0,9,svm_rbf,456
TW,0.0,9,svm_rbf,457
YQ,0.0,9,svm_rbf,458
HT,0.0,9,svm_rbf,459
DH,0.0,9,svm_rbf,460
TT,0.0,9,svm_rbf,461
TR,0.0,9,svm_rbf,462
CC,0.0,9,svm_rbf,463
FA,0.0,9,svm_rbf,464
HV,0.0,9,svm_rbf,465
CD,0.0,9,svm_rbf,466
YW,0.0,9,svm_rbf,467
HY,0.0,9,svm_rbf,468
VN,0.0,9,svm_rbf,469
_NormalizedVDWVD3075,0.0,9,svm_rbf,470
VQ,0.0,9,svm_rbf,471
WM,0.0,9,svm_rbf,472
FQ,0.0,9,svm_rbf,473
GE,0.0,9,svm_rbf,474
YA,0.0,9,svm_rbf,475
WY,0.0,9,svm_rbf,476
WW,0.0,9,svm_rbf,477
FM,0.0,9,svm_rbf,478
_HydrophobicityD3050,0.0,9,svm_rbf,479
WS,0.0,9,svm_rbf,480
_HydrophobicityD3025,0.0,9,svm_rbf,481
ES,0.0,9,svm_rbf,482
F,0.0,9,svm_rbf,483
WP,0.0,9,svm_rbf,484
GI,0.0,9,svm_rbf,485
WL,0.0,9,svm_rbf,486
HH,0.0,9,svm_rbf,487
DA,0.0,9,svm_rbf,488
WI,0.0,9,svm_rbf,489
WH,0.0,9,svm_rbf,490
_HydrophobicityD2050,0.0,9,svm_rbf,491
GQ,0.0,9,svm_rbf,492
FH,0.0,9,svm_rbf,493
GW,0.0,9,svm_rbf,494
EM,0.0,9,svm_rbf,495
DP,0.0,9,svm_rbf,496
CH,0.0,9,svm_rbf,497
HD,0.0,9,svm_rbf,498
_HydrophobicityD1001,0.0,9,svm_rbf,499
FW,0.0,9,svm_rbf,500
NR,0.0,9,svm_rbf,501
IL,0.0,9,svm_rbf,502
_NormalizedVDWVC3,0.0,9,svm_rbf,503
QL,0.0,9,svm_rbf,504
QE,0.0,9,svm_rbf,505
QF,0.0,9,svm_rbf,506
_PolarizabilityD2001,0.0,9,svm_rbf,507
QH,0.0,9,svm_rbf,508
QI,0.0,9,svm_rbf,509
_PolarizabilityD1100,0.0,9,svm_rbf,510
MH,0.0,9,svm_rbf,511
MN,0.0,9,svm_rbf,512
MG,0.0,9,svm_rbf,513
QR,0.0,9,svm_rbf,514
MF,0.0,9,svm_rbf,515
MD,0.0,9,svm_rbf,516
QV,0.0,9,svm_rbf,517
MC,0.0,9,svm_rbf,518
MK,0.0,9,svm_rbf,519
MQ,0.0,9,svm_rbf,520
_NormalizedVDWVD2001,0.0,9,svm_rbf,521
NC,0.0,9,svm_rbf,522
NL,0.0,9,svm_rbf,523
NI,0.0,9,svm_rbf,524
_PolarizabilityD3100,0.0,9,svm_rbf,525
NF,0.0,9,svm_rbf,526
CM,0.0,9,svm_rbf,527
_SolventAccessibilityD3001,0.0,9,svm_rbf,528
_SolventAccessibilityD3050,0.0,9,svm_rbf,529
PW,0.0,9,svm_rbf,530
MY,0.0,9,svm_rbf,531
MW,0.0,9,svm_rbf,532
PQ,0.0,9,svm_rbf,533
PS,0.0,9,svm_rbf,534
MR,0.0,9,svm_rbf,535
PV,0.0,9,svm_rbf,536
QY,0.0,9,svm_rbf,537
RA,0.0,9,svm_rbf,538
_PolarizabilityD1025,0.0,9,svm_rbf,539
_SolventAccessibilityT23,0.0,9,svm_rbf,540
_ChargeT12,0.0,9,svm_rbf,541
EH,0.0,9,svm_rbf,542
IQ,0.0,9,svm_rbf,543
_PolarityD2075,0.0,9,svm_rbf,544
SM,0.0,9,svm_rbf,545
_PolarityD3075,0.0,9,svm_rbf,546
_SolventAccessibilityT12,0.0,9,svm_rbf,547
LR,0.0,9,svm_rbf,548
DT,0.0,9,svm_rbf,549
NP,0.0,9,svm_rbf,550
IK,0.0,9,svm_rbf,551
SY,0.0,9,svm_rbf,552
_NormalizedVDWVD1050,0.0,9,svm_rbf,553
IG,0.0,9,svm_rbf,554
SE,0.0,9,svm_rbf,555
KH,0.0,9,svm_rbf,556
_PolarityD1025,0.0,9,svm_rbf,557
KM,0.0,9,svm_rbf,558
_ChargeD3100,0.0,9,svm_rbf,559
RW,0.0,9,svm_rbf,560
_PolarityT12,0.0,9,svm_rbf,561
_ChargeD3050,0.0,9,svm_rbf,562
KY,0.0,9,svm_rbf,563
_NormalizedVDWVT23,0.0,9,svm_rbf,564
_ChargeD1100,0.0,9,svm_rbf,565
_ChargeD1075,0.0,9,svm_rbf,566
LI,0.0,9,svm_rbf,567
LK,0.0,9,svm_rbf,568
_SecondaryStrD3100,0.0,9,svm_rbf,569
LQ,0.0,9,svm_rbf,570
_PolarizabilityD1001,0.0,9,svm_rbf,571
NW,0.0,9,svm_rbf,572
